timestamp,timestamp_end,city,country,sensor_id,pm25,unit,coverage_percent,minimum,maximum,average
2025-05-24 16:00:00+00:00,2025-05-24 17:00:00+00:00,Islamabad,PK,13137731,0.425,µg/m³,100.0,0.42500000074505806,0.42500000074505806,0.42500000074505806
2025-05-24 17:00:00+00:00,2025-05-24 18:00:00+00:00,Islamabad,PK,13137731,0.715,µg/m³,100.0,0.7145416711767515,0.7145416711767515,0.7145416711767515
2025-06-18 18:00:00+00:00,2025-06-18 19:00:00+00:00,Islamabad,PK,13137731,15.0,µg/m³,100.0,14.98599967956543,14.98599967956543,14.98599967956543
2025-06-18 19:00:00+00:00,2025-06-18 20:00:00+00:00,Islamabad,PK,13137731,11.2,µg/m³,100.0,11.201541821161905,11.201541821161905,11.201541821161905
2025-06-18 20:00:00+00:00,2025-06-18 21:00:00+00:00,Islamabad,PK,13137731,11.2,µg/m³,100.0,11.230166594187418,11.230166594187418,11.230166594187418
2025-06-18 21:00:00+00:00,2025-06-18 22:00:00+00:00,Islamabad,PK,13137731,10.8,µg/m³,100.0,10.796875,10.796875,10.796875
2025-06-18 22:00:00+00:00,2025-06-18 23:00:00+00:00,Islamabad,PK,13137731,10.3,µg/m³,100.0,10.266791621843973,10.266791621843973,10.266791621843973
2025-06-18 23:00:00+00:00,2025-06-19 00:00:00+00:00,Islamabad,PK,13137731,9.5,µg/m³,100.0,9.502583265304565,9.502583265304565,9.502583265304565
2025-06-19 00:00:00+00:00,2025-06-19 01:00:00+00:00,Islamabad,PK,13137731,8.63,µg/m³,100.0,8.631916602452597,8.631916602452597,8.631916602452597
2025-06-19 01:00:00+00:00,2025-06-19 02:00:00+00:00,Islamabad,PK,13137731,10.2,µg/m³,100.0,10.21779171625773,10.21779171625773,10.21779171625773
2025-06-19 02:00:00+00:00,2025-06-19 03:00:00+00:00,Islamabad,PK,13137731,10.6,µg/m³,100.0,10.573208173116049,10.573208173116049,10.573208173116049
2025-06-19 03:00:00+00:00,2025-06-19 04:00:00+00:00,Islamabad,PK,13137731,9.47,µg/m³,100.0,9.46762498219808,9.46762498219808,9.46762498219808
2025-06-19 04:00:00+00:00,2025-06-19 05:00:00+00:00,Islamabad,PK,13137731,8.57,µg/m³,100.0,8.568041602770487,8.568041602770487,8.568041602770487
2025-06-19 05:00:00+00:00,2025-06-19 06:00:00+00:00,Islamabad,PK,13137731,7.77,µg/m³,100.0,7.767666697502136,7.767666697502136,7.767666697502136
2025-06-19 06:00:00+00:00,2025-06-19 07:00:00+00:00,Islamabad,PK,13137731,10.8,µg/m³,100.0,10.797833402951559,10.797833402951559,10.797833402951559
2025-06-19 07:00:00+00:00,2025-06-19 08:00:00+00:00,Islamabad,PK,13137731,13.8,µg/m³,100.0,13.82966653505961,13.82966653505961,13.82966653505961
2025-06-19 08:00:00+00:00,2025-06-19 09:00:00+00:00,Islamabad,PK,13137731,9.04,µg/m³,100.0,9.035083452860514,9.035083452860514,9.035083452860514
2025-06-19 09:00:00+00:00,2025-06-19 10:00:00+00:00,Islamabad,PK,13137731,9.17,µg/m³,100.0,9.171208381652832,9.171208381652832,9.171208381652832
2025-06-19 10:00:00+00:00,2025-06-19 11:00:00+00:00,Islamabad,PK,13137731,9.25,µg/m³,100.0,9.252041737238565,9.252041737238565,9.252041737238565
2025-06-19 11:00:00+00:00,2025-06-19 12:00:00+00:00,Islamabad,PK,13137731,11.4,µg/m³,100.0,11.409833391507467,11.409833391507467,11.409833391507467
2025-06-19 12:00:00+00:00,2025-06-19 13:00:00+00:00,Islamabad,PK,13137731,7.13,µg/m³,100.0,7.131208419799805,7.131208419799805,7.131208419799805
2025-06-19 13:00:00+00:00,2025-06-19 14:00:00+00:00,Islamabad,PK,13137731,8.21,µg/m³,100.0,8.214124957720438,8.214124957720438,8.214124957720438
2025-06-19 14:00:00+00:00,2025-06-19 15:00:00+00:00,Islamabad,PK,13137731,8.88,µg/m³,100.0,8.884375055631002,8.884375055631002,8.884375055631002
2025-06-19 15:00:00+00:00,2025-06-19 16:00:00+00:00,Islamabad,PK,13137731,7.69,µg/m³,100.0,7.686041673024495,7.686041673024495,7.686041673024495
2025-06-19 16:00:00+00:00,2025-06-19 17:00:00+00:00,Islamabad,PK,13137731,7.51,µg/m³,100.0,7.511541644732158,7.511541644732158,7.511541644732158
2025-06-19 17:00:00+00:00,2025-06-19 18:00:00+00:00,Islamabad,PK,13137731,7.54,µg/m³,100.0,7.544416666030884,7.544416666030884,7.544416666030884
2025-06-19 18:00:00+00:00,2025-06-19 19:00:00+00:00,Islamabad,PK,13137731,7.89,µg/m³,100.0,7.8922083377838135,7.8922083377838135,7.8922083377838135
2025-06-19 19:00:00+00:00,2025-06-19 20:00:00+00:00,Islamabad,PK,13137731,7.5,µg/m³,100.0,7.495624979337056,7.495624979337056,7.495624979337056
2025-06-19 20:00:00+00:00,2025-06-19 21:00:00+00:00,Islamabad,PK,13137731,7.03,µg/m³,100.0,7.03012494246165,7.03012494246165,7.03012494246165
2025-06-19 21:00:00+00:00,2025-06-19 22:00:00+00:00,Islamabad,PK,13137731,6.69,µg/m³,100.0,6.68945833047231,6.68945833047231,6.68945833047231
2025-06-19 22:00:00+00:00,2025-06-19 23:00:00+00:00,Islamabad,PK,13137731,7.26,µg/m³,100.0,7.25837504863739,7.25837504863739,7.25837504863739
2025-06-19 23:00:00+00:00,2025-06-20 00:00:00+00:00,Islamabad,PK,13137731,7.47,µg/m³,100.0,7.47225006421407,7.47225006421407,7.47225006421407
2025-06-20 00:00:00+00:00,2025-06-20 01:00:00+00:00,Islamabad,PK,13137731,7.45,µg/m³,100.0,7.452083269755046,7.452083269755046,7.452083269755046
2025-06-20 01:00:00+00:00,2025-06-20 02:00:00+00:00,Islamabad,PK,13137731,7.81,µg/m³,100.0,7.808250029881795,7.808250029881795,7.808250029881795
2025-06-20 02:00:00+00:00,2025-06-20 03:00:00+00:00,Islamabad,PK,13137731,7.79,µg/m³,100.0,7.794958392779033,7.794958392779033,7.794958392779033
2025-06-20 03:00:00+00:00,2025-06-20 04:00:00+00:00,Islamabad,PK,13137731,6.91,µg/m³,100.0,6.907125035921733,6.907125035921733,6.907125035921733
2025-06-20 04:00:00+00:00,2025-06-20 05:00:00+00:00,Islamabad,PK,13137731,7.33,µg/m³,100.0,7.328458388646443,7.328458388646443,7.328458388646443
2025-06-20 05:00:00+00:00,2025-06-20 06:00:00+00:00,Islamabad,PK,13137731,10.6,µg/m³,100.0,10.641499956448873,10.641499956448873,10.641499956448873
2025-06-20 06:00:00+00:00,2025-06-20 07:00:00+00:00,Islamabad,PK,13137731,6.82,µg/m³,100.0,6.820374886194865,6.820374886194865,6.820374886194865
2025-06-20 07:00:00+00:00,2025-06-20 08:00:00+00:00,Islamabad,PK,13137731,7.03,µg/m³,100.0,7.02608335018158,7.02608335018158,7.02608335018158
2025-06-20 08:00:00+00:00,2025-06-20 09:00:00+00:00,Islamabad,PK,13137731,6.34,µg/m³,100.0,6.341833313306172,6.341833313306172,6.341833313306172
2025-06-20 09:00:00+00:00,2025-06-20 10:00:00+00:00,Islamabad,PK,13137731,6.71,µg/m³,100.0,6.711791753768921,6.711791753768921,6.711791753768921
2025-06-20 10:00:00+00:00,2025-06-20 11:00:00+00:00,Islamabad,PK,13137731,6.99,µg/m³,100.0,6.994458278020223,6.994458278020223,6.994458278020223
2025-06-20 11:00:00+00:00,2025-06-20 12:00:00+00:00,Islamabad,PK,13137731,7.42,µg/m³,100.0,7.421250025431315,7.421250025431315,7.421250025431315
2025-06-20 12:00:00+00:00,2025-06-20 13:00:00+00:00,Islamabad,PK,13137731,8.86,µg/m³,100.0,8.857875029246012,8.857875029246012,8.857875029246012
2025-06-20 13:00:00+00:00,2025-06-20 14:00:00+00:00,Islamabad,PK,13137731,9.46,µg/m³,100.0,9.458375056584677,9.458375056584677,9.458375056584677
2025-06-20 14:00:00+00:00,2025-06-20 15:00:00+00:00,Islamabad,PK,13137731,10.4,µg/m³,100.0,10.426458279291788,10.426458279291788,10.426458279291788
2025-06-20 15:00:00+00:00,2025-06-20 16:00:00+00:00,Islamabad,PK,13137731,10.6,µg/m³,100.0,10.567333300908407,10.567333300908407,10.567333300908407
2025-06-20 16:00:00+00:00,2025-06-20 17:00:00+00:00,Islamabad,PK,13137731,9.77,µg/m³,100.0,9.765958388646444,9.765958388646444,9.765958388646444
2025-06-20 17:00:00+00:00,2025-06-20 18:00:00+00:00,Islamabad,PK,13137731,11.8,µg/m³,100.0,11.765291690826416,11.765291690826416,11.765291690826416
2025-06-20 18:00:00+00:00,2025-06-20 19:00:00+00:00,Islamabad,PK,13137731,10.6,µg/m³,100.0,10.585708379745483,10.585708379745483,10.585708379745483
2025-06-20 19:00:00+00:00,2025-06-20 20:00:00+00:00,Islamabad,PK,13137731,11.8,µg/m³,100.0,11.816208362579346,11.816208362579346,11.816208362579346
2025-06-20 20:00:00+00:00,2025-06-20 21:00:00+00:00,Islamabad,PK,13137731,10.1,µg/m³,100.0,10.072791735331217,10.072791735331217,10.072791735331217
2025-06-20 21:00:00+00:00,2025-06-20 22:00:00+00:00,Islamabad,PK,13137731,9.99,µg/m³,100.0,9.994833389918009,9.994833389918009,9.994833389918009
2025-06-20 22:00:00+00:00,2025-06-20 23:00:00+00:00,Islamabad,PK,13137731,11.6,µg/m³,100.0,11.58495831489563,11.58495831489563,11.58495831489563
2025-06-20 23:00:00+00:00,2025-06-21 00:00:00+00:00,Islamabad,PK,13137731,11.9,µg/m³,100.0,11.94141666094462,11.94141666094462,11.94141666094462
2025-06-21 00:00:00+00:00,2025-06-21 01:00:00+00:00,Islamabad,PK,13137731,12.8,µg/m³,100.0,12.81974999109904,12.81974999109904,12.81974999109904
2025-06-21 01:00:00+00:00,2025-06-21 02:00:00+00:00,Islamabad,PK,13137731,15.4,µg/m³,100.0,15.426374991734823,15.426374991734823,15.426374991734823
2025-06-21 02:00:00+00:00,2025-06-21 03:00:00+00:00,Islamabad,PK,13137731,18.4,µg/m³,100.0,18.353750228881836,18.353750228881836,18.353750228881836
2025-06-21 03:00:00+00:00,2025-06-21 04:00:00+00:00,Islamabad,PK,13137731,15.9,µg/m³,100.0,15.870958169301352,15.870958169301352,15.870958169301352
2025-06-21 04:00:00+00:00,2025-06-21 05:00:00+00:00,Islamabad,PK,13137731,15.6,µg/m³,100.0,15.563166697820028,15.563166697820028,15.563166697820028
2025-06-21 05:00:00+00:00,2025-06-21 06:00:00+00:00,Islamabad,PK,13137731,15.4,µg/m³,100.0,15.381291707356771,15.381291707356771,15.381291707356771
2025-06-21 06:00:00+00:00,2025-06-21 07:00:00+00:00,Islamabad,PK,13137731,22.4,µg/m³,100.0,22.415083169937134,22.415083169937134,22.415083169937134
2025-06-21 07:00:00+00:00,2025-06-21 08:00:00+00:00,Islamabad,PK,13137731,15.2,µg/m³,100.0,15.167625109354654,15.167625109354654,15.167625109354654
2025-06-21 08:00:00+00:00,2025-06-21 09:00:00+00:00,Islamabad,PK,13137731,15.2,µg/m³,100.0,15.208624998728434,15.208624998728434,15.208624998728434
2025-06-21 09:00:00+00:00,2025-06-21 10:00:00+00:00,Islamabad,PK,13137731,12.4,µg/m³,100.0,12.379916747411093,12.379916747411093,12.379916747411093
2025-06-21 10:00:00+00:00,2025-06-21 11:00:00+00:00,Islamabad,PK,13137731,12.9,µg/m³,100.0,12.897541602452597,12.897541602452597,12.897541602452597
2025-06-21 11:00:00+00:00,2025-06-21 12:00:00+00:00,Islamabad,PK,13137731,9.93,µg/m³,100.0,9.925166606903076,9.925166606903076,9.925166606903076
2025-06-21 12:00:00+00:00,2025-06-21 13:00:00+00:00,Islamabad,PK,13137731,10.4,µg/m³,100.0,10.40583340326945,10.40583340326945,10.40583340326945
2025-06-21 13:00:00+00:00,2025-06-21 14:00:00+00:00,Islamabad,PK,13137731,10.9,µg/m³,100.0,10.907000144322714,10.907000144322714,10.907000144322714
2025-06-21 14:00:00+00:00,2025-06-21 15:00:00+00:00,Islamabad,PK,13137731,12.6,µg/m³,100.0,12.578041632970175,12.578041632970175,12.578041632970175
2025-06-21 15:00:00+00:00,2025-06-21 16:00:00+00:00,Islamabad,PK,13137731,14.0,µg/m³,100.0,13.993499914805094,13.993499914805094,13.993499914805094
2025-06-21 16:00:00+00:00,2025-06-21 17:00:00+00:00,Islamabad,PK,13137731,14.9,µg/m³,100.0,14.882291793823242,14.882291793823242,14.882291793823242
2025-06-21 17:00:00+00:00,2025-06-21 18:00:00+00:00,Islamabad,PK,13137731,14.4,µg/m³,100.0,14.41729187965393,14.41729187965393,14.41729187965393
2025-06-21 18:00:00+00:00,2025-06-21 19:00:00+00:00,Islamabad,PK,13137731,17.3,µg/m³,100.0,17.343958298365276,17.343958298365276,17.343958298365276
2025-06-21 19:00:00+00:00,2025-06-21 20:00:00+00:00,Islamabad,PK,13137731,12.4,µg/m³,100.0,12.384458382924398,12.384458382924398,12.384458382924398
2025-06-21 20:00:00+00:00,2025-06-21 21:00:00+00:00,Islamabad,PK,13137731,11.9,µg/m³,100.0,11.924750010172525,11.924750010172525,11.924750010172525
2025-06-21 21:00:00+00:00,2025-06-21 22:00:00+00:00,Islamabad,PK,13137731,12.6,µg/m³,100.0,12.622791369756063,12.622791369756063,12.622791369756063
2025-06-21 22:00:00+00:00,2025-06-21 23:00:00+00:00,Islamabad,PK,13137731,11.2,µg/m³,100.0,11.218666791915894,11.218666791915894,11.218666791915894
2025-06-21 23:00:00+00:00,2025-06-22 00:00:00+00:00,Islamabad,PK,13137731,12.5,µg/m³,100.0,12.528791586558023,12.528791586558023,12.528791586558023
2025-06-22 00:00:00+00:00,2025-06-22 01:00:00+00:00,Islamabad,PK,13137731,12.1,µg/m³,100.0,12.129916588465372,12.129916588465372,12.129916588465372
2025-06-22 01:00:00+00:00,2025-06-22 02:00:00+00:00,Islamabad,PK,13137731,14.3,µg/m³,100.0,14.294708251953125,14.294708251953125,14.294708251953125
2025-06-22 02:00:00+00:00,2025-06-22 03:00:00+00:00,Islamabad,PK,13137731,15.0,µg/m³,100.0,14.998541593551636,14.998541593551636,14.998541593551636
2025-06-22 03:00:00+00:00,2025-06-22 04:00:00+00:00,Islamabad,PK,13137731,15.1,µg/m³,100.0,15.090333382288614,15.090333382288614,15.090333382288614
2025-06-22 04:00:00+00:00,2025-06-22 05:00:00+00:00,Islamabad,PK,13137731,16.2,µg/m³,100.0,16.242833534876507,16.242833534876507,16.242833534876507
2025-06-22 05:00:00+00:00,2025-06-22 06:00:00+00:00,Islamabad,PK,13137731,17.5,µg/m³,100.0,17.465291659037273,17.465291659037273,17.465291659037273
2025-06-22 06:00:00+00:00,2025-06-22 07:00:00+00:00,Islamabad,PK,13137731,13.6,µg/m³,100.0,13.5625,13.5625,13.5625
2025-06-22 07:00:00+00:00,2025-06-22 08:00:00+00:00,Islamabad,PK,13137731,13.1,µg/m³,100.0,13.107541561126709,13.107541561126709,13.107541561126709
2025-06-22 08:00:00+00:00,2025-06-22 09:00:00+00:00,Islamabad,PK,13137731,13.1,µg/m³,100.0,13.090250015258789,13.090250015258789,13.090250015258789
2025-06-22 10:00:00+00:00,2025-06-22 11:00:00+00:00,Islamabad,PK,13137731,9.31,µg/m³,100.0,9.313666661580404,9.313666661580404,9.313666661580404
2025-06-22 11:00:00+00:00,2025-06-22 12:00:00+00:00,Islamabad,PK,13137731,8.72,µg/m³,100.0,8.721291621526083,8.721291621526083,8.721291621526083
2025-06-22 12:00:00+00:00,2025-06-22 13:00:00+00:00,Islamabad,PK,13137731,9.7,µg/m³,100.0,9.697625001271566,9.697625001271566,9.697625001271566
2025-06-22 13:00:00+00:00,2025-06-22 14:00:00+00:00,Islamabad,PK,13137731,10.6,µg/m³,100.0,10.559958219528198,10.559958219528198,10.559958219528198
2025-06-22 14:00:00+00:00,2025-06-22 15:00:00+00:00,Islamabad,PK,13137731,11.3,µg/m³,100.0,11.291250149408976,11.291250149408976,11.291250149408976
2025-06-22 15:00:00+00:00,2025-06-22 16:00:00+00:00,Islamabad,PK,13137731,12.0,µg/m³,100.0,11.997791608174643,11.997791608174643,11.997791608174643
2025-06-22 16:00:00+00:00,2025-06-22 17:00:00+00:00,Islamabad,PK,13137731,10.8,µg/m³,100.0,10.791458447774252,10.791458447774252,10.791458447774252
2025-06-22 17:00:00+00:00,2025-06-22 18:00:00+00:00,Islamabad,PK,13137731,11.7,µg/m³,100.0,11.675833304723104,11.675833304723104,11.675833304723104
2025-06-22 18:00:00+00:00,2025-06-22 19:00:00+00:00,Islamabad,PK,13137731,11.0,µg/m³,100.0,10.981916507085165,10.981916507085165,10.981916507085165
2025-06-22 19:00:00+00:00,2025-06-22 20:00:00+00:00,Islamabad,PK,13137731,11.0,µg/m³,100.0,11.032749970753988,11.032749970753988,11.032749970753988
2025-06-23 00:00:00+00:00,2025-06-23 01:00:00+00:00,Islamabad,PK,13137731,17.5,µg/m³,100.0,17.477500041325886,17.477500041325886,17.477500041325886
2025-06-23 01:00:00+00:00,2025-06-23 02:00:00+00:00,Islamabad,PK,13137731,19.2,µg/m³,100.0,19.156166712443035,19.156166712443035,19.156166712443035
2025-06-23 02:00:00+00:00,2025-06-23 03:00:00+00:00,Islamabad,PK,13137731,20.7,µg/m³,100.0,20.677666823069256,20.677666823069256,20.677666823069256
2025-06-23 03:00:00+00:00,2025-06-23 04:00:00+00:00,Islamabad,PK,13137731,20.2,µg/m³,100.0,20.178083260854084,20.178083260854084,20.178083260854084
2025-06-23 04:00:00+00:00,2025-06-23 05:00:00+00:00,Islamabad,PK,13137731,19.5,µg/m³,100.0,19.531291643778484,19.531291643778484,19.531291643778484
2025-06-23 05:00:00+00:00,2025-06-23 06:00:00+00:00,Islamabad,PK,13137731,18.9,µg/m³,100.0,18.887083371480305,18.887083371480305,18.887083371480305
2025-06-23 06:00:00+00:00,2025-06-23 07:00:00+00:00,Islamabad,PK,13137731,19.6,µg/m³,100.0,19.618666648864746,19.618666648864746,19.618666648864746
2025-06-23 08:00:00+00:00,2025-06-23 09:00:00+00:00,Islamabad,PK,13137731,15.4,µg/m³,100.0,15.358791748682657,15.358791748682657,15.358791748682657
2025-06-23 09:00:00+00:00,2025-06-23 10:00:00+00:00,Islamabad,PK,13137731,15.7,µg/m³,100.0,15.735791444778442,15.735791444778442,15.735791444778442
2025-06-23 10:00:00+00:00,2025-06-23 11:00:00+00:00,Islamabad,PK,13137731,16.4,µg/m³,100.0,16.42537498474121,16.42537498474121,16.42537498474121
2025-06-23 11:00:00+00:00,2025-06-23 12:00:00+00:00,Islamabad,PK,13137731,19.1,µg/m³,100.0,19.122041543324787,19.122041543324787,19.122041543324787
2025-06-23 12:00:00+00:00,2025-06-23 13:00:00+00:00,Islamabad,PK,13137731,19.2,µg/m³,100.0,19.213541666666668,19.213541666666668,19.213541666666668
2025-06-23 13:00:00+00:00,2025-06-23 14:00:00+00:00,Islamabad,PK,13137731,19.6,µg/m³,100.0,19.628708362579346,19.628708362579346,19.628708362579346
2025-06-23 14:00:00+00:00,2025-06-23 15:00:00+00:00,Islamabad,PK,13137731,22.7,µg/m³,100.0,22.688666820526123,22.688666820526123,22.688666820526123
2025-06-23 15:00:00+00:00,2025-06-23 16:00:00+00:00,Islamabad,PK,13137731,28.0,µg/m³,100.0,28.011000156402588,28.011000156402588,28.011000156402588
2025-06-23 16:00:00+00:00,2025-06-23 17:00:00+00:00,Islamabad,PK,13137731,23.6,µg/m³,100.0,23.617249806722004,23.617249806722004,23.617249806722004
2025-06-23 17:00:00+00:00,2025-06-23 18:00:00+00:00,Islamabad,PK,13137731,19.8,µg/m³,100.0,19.839625199635822,19.839625199635822,19.839625199635822
2025-06-23 18:00:00+00:00,2025-06-23 19:00:00+00:00,Islamabad,PK,13137731,19.5,µg/m³,100.0,19.48129177093506,19.48129177093506,19.48129177093506
2025-06-23 19:00:00+00:00,2025-06-23 20:00:00+00:00,Islamabad,PK,13137731,19.2,µg/m³,100.0,19.188541730244953,19.188541730244953,19.188541730244953
2025-06-23 20:00:00+00:00,2025-06-23 21:00:00+00:00,Islamabad,PK,13137731,19.8,µg/m³,100.0,19.77441660563151,19.77441660563151,19.77441660563151
2025-06-23 21:00:00+00:00,2025-06-23 22:00:00+00:00,Islamabad,PK,13137731,20.7,µg/m³,100.0,20.659875233968098,20.659875233968098,20.659875233968098
2025-06-23 22:00:00+00:00,2025-06-23 23:00:00+00:00,Islamabad,PK,13137731,21.4,µg/m³,100.0,21.384833335876465,21.384833335876465,21.384833335876465
2025-06-23 23:00:00+00:00,2025-06-24 00:00:00+00:00,Islamabad,PK,13137731,21.1,µg/m³,100.0,21.050416787465412,21.050416787465412,21.050416787465412
2025-06-24 00:00:00+00:00,2025-06-24 01:00:00+00:00,Islamabad,PK,13137731,22.6,µg/m³,100.0,22.57020839055379,22.57020839055379,22.57020839055379
2025-06-24 01:00:00+00:00,2025-06-24 02:00:00+00:00,Islamabad,PK,13137731,24.1,µg/m³,100.0,24.090041796366375,24.090041796366375,24.090041796366375
2025-06-24 02:00:00+00:00,2025-06-24 03:00:00+00:00,Islamabad,PK,13137731,23.0,µg/m³,100.0,23.04925012588501,23.04925012588501,23.04925012588501
2025-06-24 03:00:00+00:00,2025-06-24 04:00:00+00:00,Islamabad,PK,13137731,22.5,µg/m³,100.0,22.546833356221516,22.546833356221516,22.546833356221516
2025-06-24 04:00:00+00:00,2025-06-24 05:00:00+00:00,Islamabad,PK,13137731,22.8,µg/m³,100.0,22.780666828155518,22.780666828155518,22.780666828155518
2025-06-24 05:00:00+00:00,2025-06-24 06:00:00+00:00,Islamabad,PK,13137731,22.9,µg/m³,100.0,22.911625226338703,22.911625226338703,22.911625226338703
2025-06-24 06:00:00+00:00,2025-06-24 07:00:00+00:00,Islamabad,PK,13137731,25.9,µg/m³,100.0,25.89199988047282,25.89199988047282,25.89199988047282
2025-06-24 07:00:00+00:00,2025-06-24 08:00:00+00:00,Islamabad,PK,13137731,25.8,µg/m³,100.0,25.804208278656006,25.804208278656006,25.804208278656006
2025-06-24 08:00:00+00:00,2025-06-24 09:00:00+00:00,Islamabad,PK,13137731,25.0,µg/m³,100.0,24.974833329518635,24.974833329518635,24.974833329518635
2025-06-24 09:00:00+00:00,2025-06-24 10:00:00+00:00,Islamabad,PK,13137731,23.0,µg/m³,100.0,23.031208515167236,23.031208515167236,23.031208515167236
2025-06-24 10:00:00+00:00,2025-06-24 11:00:00+00:00,Islamabad,PK,13137731,21.8,µg/m³,100.0,21.76883347829183,21.76883347829183,21.76883347829183
2025-06-24 11:00:00+00:00,2025-06-24 12:00:00+00:00,Islamabad,PK,13137731,22.0,µg/m³,100.0,22.027999877929688,22.027999877929688,22.027999877929688
2025-06-24 12:00:00+00:00,2025-06-24 13:00:00+00:00,Islamabad,PK,13137731,22.4,µg/m³,100.0,22.36441691716512,22.36441691716512,22.36441691716512
2025-06-24 13:00:00+00:00,2025-06-24 14:00:00+00:00,Islamabad,PK,13137731,21.8,µg/m³,100.0,21.83549992243449,21.83549992243449,21.83549992243449
2025-06-24 14:00:00+00:00,2025-06-24 15:00:00+00:00,Islamabad,PK,13137731,22.4,µg/m³,100.0,22.425958156585693,22.425958156585693,22.425958156585693
2025-06-24 15:00:00+00:00,2025-06-24 16:00:00+00:00,Islamabad,PK,13137731,22.7,µg/m³,100.0,22.71708345413208,22.71708345413208,22.71708345413208
2025-06-24 16:00:00+00:00,2025-06-24 17:00:00+00:00,Islamabad,PK,13137731,20.9,µg/m³,100.0,20.861999829610188,20.861999829610188,20.861999829610188
2025-06-24 17:00:00+00:00,2025-06-24 18:00:00+00:00,Islamabad,PK,13137731,19.9,µg/m³,100.0,19.928916613260906,19.928916613260906,19.928916613260906
2025-06-24 18:00:00+00:00,2025-06-24 19:00:00+00:00,Islamabad,PK,13137731,20.4,µg/m³,100.0,20.44962485631307,20.44962485631307,20.44962485631307
2025-06-24 19:00:00+00:00,2025-06-24 20:00:00+00:00,Islamabad,PK,13137731,19.6,µg/m³,100.0,19.60295820236206,19.60295820236206,19.60295820236206
2025-06-24 20:00:00+00:00,2025-06-24 21:00:00+00:00,Islamabad,PK,13137731,19.7,µg/m³,100.0,19.65066655476888,19.65066655476888,19.65066655476888
2025-06-24 21:00:00+00:00,2025-06-24 22:00:00+00:00,Islamabad,PK,13137731,19.7,µg/m³,100.0,19.721499919891357,19.721499919891357,19.721499919891357
2025-06-25 01:00:00+00:00,2025-06-25 02:00:00+00:00,Islamabad,PK,13137731,25.8,µg/m³,100.0,25.824999809265137,25.824999809265137,25.824999809265137
2025-06-25 02:00:00+00:00,2025-06-25 03:00:00+00:00,Islamabad,PK,13137731,21.0,µg/m³,100.0,21.007500171661377,21.007500171661377,21.007500171661377
2025-06-25 03:00:00+00:00,2025-06-25 04:00:00+00:00,Islamabad,PK,13137731,18.2,µg/m³,100.0,18.22658332188924,18.22658332188924,18.22658332188924
2025-06-25 04:00:00+00:00,2025-06-25 05:00:00+00:00,Islamabad,PK,13137731,20.4,µg/m³,100.0,20.351749738057453,20.351749738057453,20.351749738057453
2025-06-25 05:00:00+00:00,2025-06-25 06:00:00+00:00,Islamabad,PK,13137731,19.7,µg/m³,100.0,19.721583525339764,19.721583525339764,19.721583525339764
2025-06-25 06:00:00+00:00,2025-06-25 07:00:00+00:00,Islamabad,PK,13137731,19.3,µg/m³,100.0,19.290666739145916,19.290666739145916,19.290666739145916
2025-06-25 08:00:00+00:00,2025-06-25 09:00:00+00:00,Islamabad,PK,13137731,26.5,µg/m³,100.0,26.539708614349365,26.539708614349365,26.539708614349365
2025-06-25 09:00:00+00:00,2025-06-25 10:00:00+00:00,Islamabad,PK,13137731,23.1,µg/m³,100.0,23.060458183288574,23.060458183288574,23.060458183288574
2025-06-25 10:00:00+00:00,2025-06-25 11:00:00+00:00,Islamabad,PK,13137731,22.4,µg/m³,100.0,22.424749851226807,22.424749851226807,22.424749851226807
2025-06-25 11:00:00+00:00,2025-06-25 12:00:00+00:00,Islamabad,PK,13137731,23.6,µg/m³,100.0,23.561583201090496,23.561583201090496,23.561583201090496
2025-06-25 12:00:00+00:00,2025-06-25 13:00:00+00:00,Islamabad,PK,13137731,23.6,µg/m³,100.0,23.613458315531414,23.613458315531414,23.613458315531414
2025-06-25 13:00:00+00:00,2025-06-25 14:00:00+00:00,Islamabad,PK,13137731,24.5,µg/m³,100.0,24.452041625976562,24.452041625976562,24.452041625976562
2025-06-25 14:00:00+00:00,2025-06-25 15:00:00+00:00,Islamabad,PK,13137731,23.9,µg/m³,100.0,23.865416526794434,23.865416526794434,23.865416526794434
2025-06-25 15:00:00+00:00,2025-06-25 16:00:00+00:00,Islamabad,PK,13137731,25.0,µg/m³,100.0,25.031166712443035,25.031166712443035,25.031166712443035
2025-06-25 16:00:00+00:00,2025-06-25 17:00:00+00:00,Islamabad,PK,13137731,24.3,µg/m³,100.0,24.28416681289673,24.28416681289673,24.28416681289673
2025-06-25 17:00:00+00:00,2025-06-25 18:00:00+00:00,Islamabad,PK,13137731,24.5,µg/m³,100.0,24.47083346048991,24.47083346048991,24.47083346048991
2025-06-25 18:00:00+00:00,2025-06-25 19:00:00+00:00,Islamabad,PK,13137731,24.3,µg/m³,100.0,24.267708619435627,24.267708619435627,24.267708619435627
2025-06-25 19:00:00+00:00,2025-06-25 20:00:00+00:00,Islamabad,PK,13137731,23.6,µg/m³,100.0,23.591708183288574,23.591708183288574,23.591708183288574
2025-06-25 20:00:00+00:00,2025-06-25 21:00:00+00:00,Islamabad,PK,13137731,23.6,µg/m³,100.0,23.621750036875408,23.621750036875408,23.621750036875408
2025-06-25 21:00:00+00:00,2025-06-25 22:00:00+00:00,Islamabad,PK,13137731,24.8,µg/m³,100.0,24.804791768391926,24.804791768391926,24.804791768391926
2025-06-25 22:00:00+00:00,2025-06-25 23:00:00+00:00,Islamabad,PK,13137731,24.5,µg/m³,100.0,24.47962474822998,24.47962474822998,24.47962474822998
2025-06-25 23:00:00+00:00,2025-06-26 00:00:00+00:00,Islamabad,PK,13137731,24.5,µg/m³,100.0,24.48741626739502,24.48741626739502,24.48741626739502
2025-06-26 00:00:00+00:00,2025-06-26 01:00:00+00:00,Islamabad,PK,13137731,24.6,µg/m³,100.0,24.570541540781658,24.570541540781658,24.570541540781658
2025-06-26 01:00:00+00:00,2025-06-26 02:00:00+00:00,Islamabad,PK,13137731,25.6,µg/m³,100.0,25.61541684468587,25.61541684468587,25.61541684468587
2025-06-26 02:00:00+00:00,2025-06-26 03:00:00+00:00,Islamabad,PK,13137731,26.1,µg/m³,100.0,26.144707997639973,26.144707997639973,26.144707997639973
2025-06-26 03:00:00+00:00,2025-06-26 04:00:00+00:00,Islamabad,PK,13137731,28.0,µg/m³,100.0,28.00391658147176,28.00391658147176,28.00391658147176
2025-06-26 04:00:00+00:00,2025-06-26 05:00:00+00:00,Islamabad,PK,13137731,26.3,µg/m³,100.0,26.251166502634685,26.251166502634685,26.251166502634685
2025-06-26 05:00:00+00:00,2025-06-26 06:00:00+00:00,Islamabad,PK,13137731,31.5,µg/m³,100.0,31.5357084274292,31.5357084274292,31.5357084274292
2025-06-26 06:00:00+00:00,2025-06-26 07:00:00+00:00,Islamabad,PK,13137731,28.8,µg/m³,100.0,28.769458293914795,28.769458293914795,28.769458293914795
2025-06-26 07:00:00+00:00,2025-06-26 08:00:00+00:00,Islamabad,PK,13137731,24.3,µg/m³,100.0,24.258999824523926,24.258999824523926,24.258999824523926
2025-06-26 08:00:00+00:00,2025-06-26 09:00:00+00:00,Islamabad,PK,13137731,23.2,µg/m³,100.0,23.235999902089436,23.235999902089436,23.235999902089436
2025-06-26 09:00:00+00:00,2025-06-26 10:00:00+00:00,Islamabad,PK,13137731,21.4,µg/m³,100.0,21.381166617075603,21.381166617075603,21.381166617075603
2025-06-26 10:00:00+00:00,2025-06-26 11:00:00+00:00,Islamabad,PK,13137731,20.2,µg/m³,100.0,20.227791627248127,20.227791627248127,20.227791627248127
2025-06-26 11:00:00+00:00,2025-06-26 12:00:00+00:00,Islamabad,PK,13137731,20.0,µg/m³,100.0,20.036208470662434,20.036208470662434,20.036208470662434
2025-06-26 12:00:00+00:00,2025-06-26 13:00:00+00:00,Islamabad,PK,13137731,20.8,µg/m³,100.0,20.75837516784668,20.75837516784668,20.75837516784668
2025-06-26 13:00:00+00:00,2025-06-26 14:00:00+00:00,Islamabad,PK,13137731,21.0,µg/m³,100.0,20.950666904449463,20.950666904449463,20.950666904449463
2025-06-26 14:00:00+00:00,2025-06-26 15:00:00+00:00,Islamabad,PK,13137731,22.2,µg/m³,100.0,22.206124941507976,22.206124941507976,22.206124941507976
2025-06-26 15:00:00+00:00,2025-06-26 16:00:00+00:00,Islamabad,PK,13137731,22.5,µg/m³,100.0,22.494333426157635,22.494333426157635,22.494333426157635
2025-06-26 16:00:00+00:00,2025-06-26 17:00:00+00:00,Islamabad,PK,13137731,20.8,µg/m³,100.0,20.7879581451416,20.7879581451416,20.7879581451416
2025-06-26 17:00:00+00:00,2025-06-26 18:00:00+00:00,Islamabad,PK,13137731,20.7,µg/m³,100.0,20.684791405995686,20.684791405995686,20.684791405995686
2025-06-26 18:00:00+00:00,2025-06-26 19:00:00+00:00,Islamabad,PK,13137731,24.0,µg/m³,100.0,24.035083293914795,24.035083293914795,24.035083293914795
2025-06-26 19:00:00+00:00,2025-06-26 20:00:00+00:00,Islamabad,PK,13137731,34.8,µg/m³,100.0,34.78899955749512,34.78899955749512,34.78899955749512
2025-06-26 20:00:00+00:00,2025-06-26 21:00:00+00:00,Islamabad,PK,13137731,46.3,µg/m³,100.0,46.27712535858154,46.27712535858154,46.27712535858154
2025-06-26 21:00:00+00:00,2025-06-26 22:00:00+00:00,Islamabad,PK,13137731,55.3,µg/m³,100.0,55.28841654459635,55.28841654459635,55.28841654459635
2025-06-26 22:00:00+00:00,2025-06-26 23:00:00+00:00,Islamabad,PK,13137731,39.2,µg/m³,100.0,39.216399383544925,39.216399383544925,39.216399383544925
2025-06-26 23:00:00+00:00,2025-06-27 00:00:00+00:00,Islamabad,PK,13137731,26.6,µg/m³,100.0,26.62079159418742,26.62079159418742,26.62079159418742
2025-06-27 00:00:00+00:00,2025-06-27 01:00:00+00:00,Islamabad,PK,13137731,23.5,µg/m³,100.0,23.45633331934611,23.45633331934611,23.45633331934611
2025-06-27 01:00:00+00:00,2025-06-27 02:00:00+00:00,Islamabad,PK,13137731,34.8,µg/m³,100.0,34.8499166170756,34.8499166170756,34.8499166170756
2025-06-27 02:00:00+00:00,2025-06-27 03:00:00+00:00,Islamabad,PK,13137731,24.7,µg/m³,100.0,24.65804147720337,24.65804147720337,24.65804147720337
2025-06-27 03:00:00+00:00,2025-06-27 04:00:00+00:00,Islamabad,PK,13137731,41.1,µg/m³,100.0,41.08779207865397,41.08779207865397,41.08779207865397
2025-06-27 04:00:00+00:00,2025-06-27 05:00:00+00:00,Islamabad,PK,13137731,43.7,µg/m³,100.0,43.720458030700684,43.720458030700684,43.720458030700684
2025-06-27 05:00:00+00:00,2025-06-27 06:00:00+00:00,Islamabad,PK,13137731,40.7,µg/m³,100.0,40.727833112080894,40.727833112080894,40.727833112080894
2025-06-27 06:00:00+00:00,2025-06-27 07:00:00+00:00,Islamabad,PK,13137731,48.3,µg/m³,100.0,48.2927500406901,48.2927500406901,48.2927500406901
2025-06-27 07:00:00+00:00,2025-06-27 08:00:00+00:00,Islamabad,PK,13137731,40.4,µg/m³,100.0,40.38987509409586,40.38987509409586,40.38987509409586
2025-06-27 08:00:00+00:00,2025-06-27 09:00:00+00:00,Islamabad,PK,13137731,38.6,µg/m³,100.0,38.588708559672035,38.588708559672035,38.588708559672035
2025-06-27 09:00:00+00:00,2025-06-27 10:00:00+00:00,Islamabad,PK,13137731,30.3,µg/m³,100.0,30.266541481018066,30.266541481018066,30.266541481018066
2025-06-27 10:00:00+00:00,2025-06-27 11:00:00+00:00,Islamabad,PK,13137731,36.9,µg/m³,100.0,36.90700006484985,36.90700006484985,36.90700006484985
2025-06-27 11:00:00+00:00,2025-06-27 12:00:00+00:00,Islamabad,PK,13137731,45.2,µg/m³,100.0,45.16662486394247,45.16662486394247,45.16662486394247
2025-06-27 12:00:00+00:00,2025-06-27 13:00:00+00:00,Islamabad,PK,13137731,30.1,µg/m³,100.0,30.100374539693195,30.100374539693195,30.100374539693195
2025-06-27 13:00:00+00:00,2025-06-27 14:00:00+00:00,Islamabad,PK,13137731,22.4,µg/m³,100.0,22.435458342234295,22.435458342234295,22.435458342234295
2025-06-27 14:00:00+00:00,2025-06-27 15:00:00+00:00,Islamabad,PK,13137731,25.1,µg/m³,100.0,25.145041783650715,25.145041783650715,25.145041783650715
2025-06-27 15:00:00+00:00,2025-06-27 16:00:00+00:00,Islamabad,PK,13137731,39.5,µg/m³,100.0,39.46225039164225,39.46225039164225,39.46225039164225
2025-06-27 16:00:00+00:00,2025-06-27 17:00:00+00:00,Islamabad,PK,13137731,25.5,µg/m³,100.0,25.50183343887329,25.50183343887329,25.50183343887329
2025-06-27 17:00:00+00:00,2025-06-27 18:00:00+00:00,Islamabad,PK,13137731,23.7,µg/m³,100.0,23.726500034332275,23.726500034332275,23.726500034332275
2025-06-27 18:00:00+00:00,2025-06-27 19:00:00+00:00,Islamabad,PK,13137731,24.2,µg/m³,100.0,24.1851806640625,24.1851806640625,24.1851806640625
2025-06-27 19:00:00+00:00,2025-06-27 20:00:00+00:00,Islamabad,PK,13137731,21.4,µg/m³,100.0,21.383181832053445,21.383181832053445,21.383181832053445
2025-06-27 20:00:00+00:00,2025-06-27 21:00:00+00:00,Islamabad,PK,13137731,20.7,µg/m³,100.0,20.677250226338703,20.677250226338703,20.677250226338703
2025-06-27 21:00:00+00:00,2025-06-27 22:00:00+00:00,Islamabad,PK,13137731,24.7,µg/m³,100.0,24.686625003814697,24.686625003814697,24.686625003814697
2025-06-27 22:00:00+00:00,2025-06-27 23:00:00+00:00,Islamabad,PK,13137731,31.0,µg/m³,100.0,30.985833326975506,30.985833326975506,30.985833326975506
2025-06-27 23:00:00+00:00,2025-06-28 00:00:00+00:00,Islamabad,PK,13137731,37.6,µg/m³,100.0,37.64154243469238,37.64154243469238,37.64154243469238
2025-06-28 00:00:00+00:00,2025-06-28 01:00:00+00:00,Islamabad,PK,13137731,35.3,µg/m³,100.0,35.32812515894572,35.32812515894572,35.32812515894572
2025-06-28 01:00:00+00:00,2025-06-28 02:00:00+00:00,Islamabad,PK,13137731,44.8,µg/m³,100.0,44.7996244430542,44.7996244430542,44.7996244430542
2025-06-28 02:00:00+00:00,2025-06-28 03:00:00+00:00,Islamabad,PK,13137731,61.7,µg/m³,100.0,61.69087505340576,61.69087505340576,61.69087505340576
2025-06-28 03:00:00+00:00,2025-06-28 04:00:00+00:00,Islamabad,PK,13137731,41.7,µg/m³,100.0,41.67395814259847,41.67395814259847,41.67395814259847
2025-06-28 04:00:00+00:00,2025-06-28 05:00:00+00:00,Islamabad,PK,13137731,45.2,µg/m³,100.0,45.20074971516927,45.20074971516927,45.20074971516927
2025-06-28 05:00:00+00:00,2025-06-28 06:00:00+00:00,Islamabad,PK,13137731,32.5,µg/m³,100.0,32.49120775858561,32.49120775858561,32.49120775858561
2025-06-28 06:00:00+00:00,2025-06-28 07:00:00+00:00,Islamabad,PK,13137731,23.7,µg/m³,100.0,23.66587495803833,23.66587495803833,23.66587495803833
2025-06-28 07:00:00+00:00,2025-06-28 08:00:00+00:00,Islamabad,PK,13137731,23.4,µg/m³,100.0,23.38237492243449,23.38237492243449,23.38237492243449
2025-06-28 08:00:00+00:00,2025-06-28 09:00:00+00:00,Islamabad,PK,13137731,22.3,µg/m³,100.0,22.265166759490967,22.265166759490967,22.265166759490967
2025-06-28 09:00:00+00:00,2025-06-28 10:00:00+00:00,Islamabad,PK,13137731,25.1,µg/m³,100.0,25.128166834513348,25.128166834513348,25.128166834513348
2025-06-28 10:00:00+00:00,2025-06-28 11:00:00+00:00,Islamabad,PK,13137731,24.5,µg/m³,100.0,24.544416586558025,24.544416586558025,24.544416586558025
2025-06-28 11:00:00+00:00,2025-06-28 12:00:00+00:00,Islamabad,PK,13137731,24.5,µg/m³,100.0,24.47849988937378,24.47849988937378,24.47849988937378
2025-06-28 21:00:00+00:00,2025-06-28 22:00:00+00:00,Islamabad,PK,13137731,16.0,µg/m³,100.0,16.040000200271606,16.040000200271606,16.040000200271606
2025-06-28 22:00:00+00:00,2025-06-28 23:00:00+00:00,Islamabad,PK,13137731,8.74,µg/m³,100.0,8.742666602134705,8.742666602134705,8.742666602134705
2025-06-28 23:00:00+00:00,2025-06-29 00:00:00+00:00,Islamabad,PK,13137731,7.5,µg/m³,100.0,7.503875017166138,7.503875017166138,7.503875017166138
2025-06-29 00:00:00+00:00,2025-06-29 01:00:00+00:00,Islamabad,PK,13137731,7.3,µg/m³,100.0,7.301458319028218,7.301458319028218,7.301458319028218
2025-06-29 01:00:00+00:00,2025-06-29 02:00:00+00:00,Islamabad,PK,13137731,12.9,µg/m³,100.0,12.946958223978678,12.946958223978678,12.946958223978678
2025-06-29 02:00:00+00:00,2025-06-29 03:00:00+00:00,Islamabad,PK,13137731,8.37,µg/m³,100.0,8.366000016530355,8.366000016530355,8.366000016530355
2025-06-29 03:00:00+00:00,2025-06-29 04:00:00+00:00,Islamabad,PK,13137731,5.56,µg/m³,100.0,5.556583325068156,5.556583325068156,5.556583325068156
2025-06-29 04:00:00+00:00,2025-06-29 05:00:00+00:00,Islamabad,PK,13137731,3.76,µg/m³,100.0,3.7613332867622375,3.7613332867622375,3.7613332867622375
2025-06-29 05:00:00+00:00,2025-06-29 06:00:00+00:00,Islamabad,PK,13137731,5.48,µg/m³,100.0,5.4772500197092695,5.4772500197092695,5.4772500197092695
2025-06-29 06:00:00+00:00,2025-06-29 07:00:00+00:00,Islamabad,PK,13137731,4.2,µg/m³,100.0,4.198166673833674,4.198166673833674,4.198166673833674
2025-06-29 10:00:00+00:00,2025-06-29 11:00:00+00:00,Islamabad,PK,13137731,2.4,µg/m³,100.0,2.4006250500679016,2.4006250500679016,2.4006250500679016
2025-06-29 11:00:00+00:00,2025-06-29 12:00:00+00:00,Islamabad,PK,13137731,1.09,µg/m³,100.0,1.0914583206176758,1.0914583206176758,1.0914583206176758
2025-06-29 12:00:00+00:00,2025-06-29 13:00:00+00:00,Islamabad,PK,13137731,1.98,µg/m³,100.0,1.9847916662693024,1.9847916662693024,1.9847916662693024
2025-06-29 13:00:00+00:00,2025-06-29 14:00:00+00:00,Islamabad,PK,13137731,1.07,µg/m³,100.0,1.06625002125899,1.06625002125899,1.06625002125899
2025-06-29 14:00:00+00:00,2025-06-29 15:00:00+00:00,Islamabad,PK,13137731,3.17,µg/m³,100.0,3.1662083665529885,3.1662083665529885,3.1662083665529885
2025-06-29 15:00:00+00:00,2025-06-29 16:00:00+00:00,Islamabad,PK,13137731,4.96,µg/m³,100.0,4.955749988555908,4.955749988555908,4.955749988555908
2025-06-29 16:00:00+00:00,2025-06-29 17:00:00+00:00,Islamabad,PK,13137731,4.95,µg/m³,100.0,4.950208365917206,4.950208365917206,4.950208365917206
2025-06-29 17:00:00+00:00,2025-06-29 18:00:00+00:00,Islamabad,PK,13137731,7.47,µg/m³,100.0,7.473375042279561,7.473375042279561,7.473375042279561
2025-06-29 18:00:00+00:00,2025-06-29 19:00:00+00:00,Islamabad,PK,13137731,13.2,µg/m³,100.0,13.246291716893515,13.246291716893515,13.246291716893515
2025-06-29 19:00:00+00:00,2025-06-29 20:00:00+00:00,Islamabad,PK,13137731,19.9,µg/m³,100.0,19.914416631062824,19.914416631062824,19.914416631062824
2025-06-29 20:00:00+00:00,2025-06-29 21:00:00+00:00,Islamabad,PK,13137731,19.6,µg/m³,100.0,19.60379123687744,19.60379123687744,19.60379123687744
2025-06-29 21:00:00+00:00,2025-06-29 22:00:00+00:00,Islamabad,PK,13137731,17.4,µg/m³,100.0,17.38658348719279,17.38658348719279,17.38658348719279
2025-06-29 22:00:00+00:00,2025-06-29 23:00:00+00:00,Islamabad,PK,13137731,16.0,µg/m³,100.0,16.016958316167194,16.016958316167194,16.016958316167194
2025-06-29 23:00:00+00:00,2025-06-30 00:00:00+00:00,Islamabad,PK,13137731,13.7,µg/m³,100.0,13.675874948501587,13.675874948501587,13.675874948501587
2025-06-30 00:00:00+00:00,2025-06-30 01:00:00+00:00,Islamabad,PK,13137731,11.8,µg/m³,100.0,11.75208338101705,11.75208338101705,11.75208338101705
2025-06-30 01:00:00+00:00,2025-06-30 02:00:00+00:00,Islamabad,PK,13137731,12.6,µg/m³,100.0,12.602458238601685,12.602458238601685,12.602458238601685
2025-06-30 02:00:00+00:00,2025-06-30 03:00:00+00:00,Islamabad,PK,13137731,11.6,µg/m³,100.0,11.626499970753988,11.626499970753988,11.626499970753988
2025-06-30 03:00:00+00:00,2025-06-30 04:00:00+00:00,Islamabad,PK,13137731,12.2,µg/m³,100.0,12.15500005086263,12.15500005086263,12.15500005086263
2025-06-30 04:00:00+00:00,2025-06-30 05:00:00+00:00,Islamabad,PK,13137731,11.1,µg/m³,100.0,11.119750102361044,11.119750102361044,11.119750102361044
2025-06-30 05:00:00+00:00,2025-06-30 06:00:00+00:00,Islamabad,PK,13137731,9.58,µg/m³,100.0,9.582750002543131,9.582750002543131,9.582750002543131
2025-06-30 06:00:00+00:00,2025-06-30 07:00:00+00:00,Islamabad,PK,13137731,9.22,µg/m³,100.0,9.21945826212565,9.21945826212565,9.21945826212565
2025-06-30 07:00:00+00:00,2025-06-30 08:00:00+00:00,Islamabad,PK,13137731,10.7,µg/m³,100.0,10.690874894460043,10.690874894460043,10.690874894460043
2025-06-30 08:00:00+00:00,2025-06-30 09:00:00+00:00,Islamabad,PK,13137731,11.1,µg/m³,100.0,11.147791822751364,11.147791822751364,11.147791822751364
2025-06-30 09:00:00+00:00,2025-06-30 10:00:00+00:00,Islamabad,PK,13137731,13.7,µg/m³,100.0,13.71345822016398,13.71345822016398,13.71345822016398
2025-06-30 10:00:00+00:00,2025-06-30 11:00:00+00:00,Islamabad,PK,13137731,9.66,µg/m³,100.0,9.66170839468638,9.66170839468638,9.66170839468638
2025-06-30 11:00:00+00:00,2025-06-30 12:00:00+00:00,Islamabad,PK,13137731,4.4,µg/m³,100.0,4.40408331155777,4.40408331155777,4.40408331155777
2025-06-30 12:00:00+00:00,2025-06-30 13:00:00+00:00,Islamabad,PK,13137731,5.48,µg/m³,100.0,5.475083351135254,5.475083351135254,5.475083351135254
2025-06-30 13:00:00+00:00,2025-06-30 14:00:00+00:00,Islamabad,PK,13137731,6.61,µg/m³,100.0,6.614999969800313,6.614999969800313,6.614999969800313
2025-06-30 14:00:00+00:00,2025-06-30 15:00:00+00:00,Islamabad,PK,13137731,5.56,µg/m³,100.0,5.560708324114482,5.560708324114482,5.560708324114482
2025-06-30 15:00:00+00:00,2025-06-30 16:00:00+00:00,Islamabad,PK,13137731,6.53,µg/m³,100.0,6.53487503528595,6.53487503528595,6.53487503528595
2025-06-30 16:00:00+00:00,2025-06-30 17:00:00+00:00,Islamabad,PK,13137731,6.4,µg/m³,100.0,6.4020417133967085,6.4020417133967085,6.4020417133967085
2025-06-30 17:00:00+00:00,2025-06-30 18:00:00+00:00,Islamabad,PK,13137731,6.26,µg/m³,100.0,6.256041685740153,6.256041685740153,6.256041685740153
2025-06-30 18:00:00+00:00,2025-06-30 19:00:00+00:00,Islamabad,PK,13137731,5.46,µg/m³,100.0,5.464041630427043,5.464041630427043,5.464041630427043
2025-06-30 19:00:00+00:00,2025-06-30 20:00:00+00:00,Islamabad,PK,13137731,5.54,µg/m³,100.0,5.537500023841858,5.537500023841858,5.537500023841858
2025-06-30 20:00:00+00:00,2025-06-30 21:00:00+00:00,Islamabad,PK,13137731,5.67,µg/m³,100.0,5.665833393732707,5.665833393732707,5.665833393732707
2025-06-30 21:00:00+00:00,2025-06-30 22:00:00+00:00,Islamabad,PK,13137731,5.4,µg/m³,100.0,5.398874958356221,5.398874958356221,5.398874958356221
2025-06-30 22:00:00+00:00,2025-06-30 23:00:00+00:00,Islamabad,PK,13137731,5.0,µg/m³,100.0,4.998166600863139,4.998166600863139,4.998166600863139
2025-06-30 23:00:00+00:00,2025-07-01 00:00:00+00:00,Islamabad,PK,13137731,4.88,µg/m³,100.0,4.88379164536794,4.88379164536794,4.88379164536794
2025-07-01 00:00:00+00:00,2025-07-01 01:00:00+00:00,Islamabad,PK,13137731,5.8,µg/m³,100.0,5.79895834128062,5.79895834128062,5.79895834128062
2025-07-01 01:00:00+00:00,2025-07-01 02:00:00+00:00,Islamabad,PK,13137731,5.69,µg/m³,100.0,5.694500048955281,5.694500048955281,5.694500048955281
2025-07-01 02:00:00+00:00,2025-07-01 03:00:00+00:00,Islamabad,PK,13137731,5.65,µg/m³,100.0,5.648916641871135,5.648916641871135,5.648916641871135
2025-07-01 03:00:00+00:00,2025-07-01 04:00:00+00:00,Islamabad,PK,13137731,5.32,µg/m³,100.0,5.319041649500529,5.319041649500529,5.319041649500529
2025-07-01 04:00:00+00:00,2025-07-01 05:00:00+00:00,Islamabad,PK,13137731,6.74,µg/m³,100.0,6.7382499774297075,6.7382499774297075,6.7382499774297075
2025-07-01 05:00:00+00:00,2025-07-01 06:00:00+00:00,Islamabad,PK,13137731,5.48,µg/m³,100.0,5.4755416711171465,5.4755416711171465,5.4755416711171465
2025-07-01 06:00:00+00:00,2025-07-01 07:00:00+00:00,Islamabad,PK,13137731,5.31,µg/m³,100.0,5.313333352406819,5.313333352406819,5.313333352406819
2025-07-01 07:00:00+00:00,2025-07-01 08:00:00+00:00,Islamabad,PK,13137731,7.16,µg/m³,100.0,7.155208309491475,7.155208309491475,7.155208309491475
2025-07-01 08:00:00+00:00,2025-07-01 09:00:00+00:00,Islamabad,PK,13137731,9.22,µg/m³,100.0,9.220541636149088,9.220541636149088,9.220541636149088
2025-07-01 09:00:00+00:00,2025-07-01 10:00:00+00:00,Islamabad,PK,13137731,6.9,µg/m³,100.0,6.898083329200745,6.898083329200745,6.898083329200745
2025-07-01 10:00:00+00:00,2025-07-01 11:00:00+00:00,Islamabad,PK,13137731,9.64,µg/m³,100.0,9.637125015258789,9.637125015258789,9.637125015258789
2025-07-01 11:00:00+00:00,2025-07-01 12:00:00+00:00,Islamabad,PK,13137731,9.47,µg/m³,100.0,9.470083316167196,9.470083316167196,9.470083316167196
2025-07-01 12:00:00+00:00,2025-07-01 13:00:00+00:00,Islamabad,PK,13137731,10.7,µg/m³,100.0,10.724666674931845,10.724666674931845,10.724666674931845
2025-07-01 13:00:00+00:00,2025-07-01 14:00:00+00:00,Islamabad,PK,13137731,10.8,µg/m³,100.0,10.798333326975504,10.798333326975504,10.798333326975504
2025-07-01 14:00:00+00:00,2025-07-01 15:00:00+00:00,Islamabad,PK,13137731,9.46,µg/m³,100.0,9.461583296457926,9.461583296457926,9.461583296457926
2025-07-01 15:00:00+00:00,2025-07-01 16:00:00+00:00,Islamabad,PK,13137731,15.1,µg/m³,100.0,15.057916720708212,15.057916720708212,15.057916720708212
2025-07-01 16:00:00+00:00,2025-07-01 17:00:00+00:00,Islamabad,PK,13137731,9.28,µg/m³,100.0,9.28136379068548,9.28136379068548,9.28136379068548
2025-07-01 17:00:00+00:00,2025-07-01 18:00:00+00:00,Islamabad,PK,13137731,9.42,µg/m³,100.0,9.418680588404337,9.418680588404337,9.418680588404337
2025-07-01 18:00:00+00:00,2025-07-01 19:00:00+00:00,Islamabad,PK,13137731,8.4,µg/m³,100.0,8.404605952176182,8.404605952176182,8.404605952176182
2025-07-01 19:00:00+00:00,2025-07-01 20:00:00+00:00,Islamabad,PK,13137731,8.29,µg/m³,100.0,8.290999929110209,8.290999929110209,8.290999929110209
2025-07-01 20:00:00+00:00,2025-07-01 21:00:00+00:00,Islamabad,PK,13137731,8.38,µg/m³,100.0,8.379791696866354,8.379791696866354,8.379791696866354
2025-07-01 21:00:00+00:00,2025-07-01 22:00:00+00:00,Islamabad,PK,13137731,7.27,µg/m³,100.0,7.2742916742960615,7.2742916742960615,7.2742916742960615
2025-07-01 22:00:00+00:00,2025-07-01 23:00:00+00:00,Islamabad,PK,13137731,6.6,µg/m³,100.0,6.600666642189026,6.600666642189026,6.600666642189026
2025-07-01 23:00:00+00:00,2025-07-02 00:00:00+00:00,Islamabad,PK,13137731,7.78,µg/m³,100.0,7.781083424886067,7.781083424886067,7.781083424886067
2025-07-02 00:00:00+00:00,2025-07-02 01:00:00+00:00,Islamabad,PK,13137731,7.31,µg/m³,100.0,7.312749981880188,7.312749981880188,7.312749981880188
2025-07-02 01:00:00+00:00,2025-07-02 02:00:00+00:00,Islamabad,PK,13137731,7.23,µg/m³,100.0,7.232250014940898,7.232250014940898,7.232250014940898
2025-07-02 02:00:00+00:00,2025-07-02 03:00:00+00:00,Islamabad,PK,13137731,7.01,µg/m³,100.0,7.006583333015442,7.006583333015442,7.006583333015442
2025-07-02 03:00:00+00:00,2025-07-02 04:00:00+00:00,Islamabad,PK,13137731,6.92,µg/m³,100.0,6.91587499777476,6.91587499777476,6.91587499777476
2025-07-02 04:00:00+00:00,2025-07-02 05:00:00+00:00,Islamabad,PK,13137731,6.27,µg/m³,100.0,6.26883335908254,6.26883335908254,6.26883335908254
2025-07-02 05:00:00+00:00,2025-07-02 06:00:00+00:00,Islamabad,PK,13137731,6.3,µg/m³,100.0,6.298166672388713,6.298166672388713,6.298166672388713
2025-07-02 06:00:00+00:00,2025-07-02 07:00:00+00:00,Islamabad,PK,13137731,8.71,µg/m³,100.0,8.711875041325888,8.711875041325888,8.711875041325888
2025-07-02 07:00:00+00:00,2025-07-02 08:00:00+00:00,Islamabad,PK,13137731,7.36,µg/m³,100.0,7.359750072161357,7.359750072161357,7.359750072161357
2025-07-02 08:00:00+00:00,2025-07-02 09:00:00+00:00,Islamabad,PK,13137731,7.88,µg/m³,100.0,7.8754167556762695,7.8754167556762695,7.8754167556762695
2025-07-02 09:00:00+00:00,2025-07-02 10:00:00+00:00,Islamabad,PK,13137731,7.19,µg/m³,100.0,7.186916708946228,7.186916708946228,7.186916708946228
2025-07-02 10:00:00+00:00,2025-07-02 11:00:00+00:00,Islamabad,PK,13137731,6.55,µg/m³,100.0,6.547666589419047,6.547666589419047,6.547666589419047
2025-07-02 11:00:00+00:00,2025-07-02 12:00:00+00:00,Islamabad,PK,13137731,8.78,µg/m³,100.0,8.781041701634726,8.781041701634726,8.781041701634726
2025-07-02 12:00:00+00:00,2025-07-02 13:00:00+00:00,Islamabad,PK,13137731,12.1,µg/m³,100.0,12.11954172452291,12.11954172452291,12.11954172452291
2025-07-02 13:00:00+00:00,2025-07-02 14:00:00+00:00,Islamabad,PK,13137731,11.9,µg/m³,100.0,11.876583258310953,11.876583258310953,11.876583258310953
2025-07-02 14:00:00+00:00,2025-07-02 15:00:00+00:00,Islamabad,PK,13137731,14.2,µg/m³,100.0,14.161874930063883,14.161874930063883,14.161874930063883
2025-07-02 15:00:00+00:00,2025-07-02 16:00:00+00:00,Islamabad,PK,13137731,15.2,µg/m³,100.0,15.180999994277954,15.180999994277954,15.180999994277954
2025-07-02 16:00:00+00:00,2025-07-02 17:00:00+00:00,Islamabad,PK,13137731,17.1,µg/m³,100.0,17.11233337720235,17.11233337720235,17.11233337720235
2025-07-02 17:00:00+00:00,2025-07-02 18:00:00+00:00,Islamabad,PK,13137731,24.6,µg/m³,100.0,24.583333333333332,24.583333333333332,24.583333333333332
2025-07-02 18:00:00+00:00,2025-07-02 19:00:00+00:00,Islamabad,PK,13137731,24.4,µg/m³,100.0,24.382291475931805,24.382291475931805,24.382291475931805
2025-07-02 19:00:00+00:00,2025-07-02 20:00:00+00:00,Islamabad,PK,13137731,20.1,µg/m³,100.0,20.064249912897747,20.064249912897747,20.064249912897747
2025-07-02 20:00:00+00:00,2025-07-02 21:00:00+00:00,Islamabad,PK,13137731,17.8,µg/m³,100.0,17.794708251953125,17.794708251953125,17.794708251953125
2025-07-02 21:00:00+00:00,2025-07-02 22:00:00+00:00,Islamabad,PK,13137731,17.6,µg/m³,100.0,17.619875113169353,17.619875113169353,17.619875113169353
2025-07-02 22:00:00+00:00,2025-07-02 23:00:00+00:00,Islamabad,PK,13137731,13.7,µg/m³,100.0,13.65608318646749,13.65608318646749,13.65608318646749
2025-07-02 23:00:00+00:00,2025-07-03 00:00:00+00:00,Islamabad,PK,13137731,10.1,µg/m³,100.0,10.081250071525574,10.081250071525574,10.081250071525574
2025-07-03 00:00:00+00:00,2025-07-03 01:00:00+00:00,Islamabad,PK,13137731,14.0,µg/m³,100.0,14.011041720708212,14.011041720708212,14.011041720708212
2025-07-03 01:00:00+00:00,2025-07-03 02:00:00+00:00,Islamabad,PK,13137731,16.9,µg/m³,100.0,16.937874794006348,16.937874794006348,16.937874794006348
2025-07-03 02:00:00+00:00,2025-07-03 03:00:00+00:00,Islamabad,PK,13137731,17.4,µg/m³,100.0,17.405208508173626,17.405208508173626,17.405208508173626
2025-07-03 03:00:00+00:00,2025-07-03 04:00:00+00:00,Islamabad,PK,13137731,18.5,µg/m³,100.0,18.453625202178955,18.453625202178955,18.453625202178955
2025-07-03 04:00:00+00:00,2025-07-03 05:00:00+00:00,Islamabad,PK,13137731,17.4,µg/m³,100.0,17.3540833791097,17.3540833791097,17.3540833791097
2025-07-03 05:00:00+00:00,2025-07-03 06:00:00+00:00,Islamabad,PK,13137731,14.3,µg/m³,100.0,14.294250090916952,14.294250090916952,14.294250090916952
2025-07-03 06:00:00+00:00,2025-07-03 07:00:00+00:00,Islamabad,PK,13137731,18.5,µg/m³,100.0,18.50112469991048,18.50112469991048,18.50112469991048
2025-07-03 07:00:00+00:00,2025-07-03 08:00:00+00:00,Islamabad,PK,13137731,14.1,µg/m³,100.0,14.139208475748697,14.139208475748697,14.139208475748697
2025-07-03 08:00:00+00:00,2025-07-03 09:00:00+00:00,Islamabad,PK,13137731,9.94,µg/m³,100.0,9.940458138783773,9.940458138783773,9.940458138783773
2025-07-03 09:00:00+00:00,2025-07-03 10:00:00+00:00,Islamabad,PK,13137731,15.5,µg/m³,100.0,15.47545862197876,15.47545862197876,15.47545862197876
2025-07-03 10:00:00+00:00,2025-07-03 11:00:00+00:00,Islamabad,PK,13137731,8.78,µg/m³,100.0,8.781166712443033,8.781166712443033,8.781166712443033
2025-07-03 11:00:00+00:00,2025-07-03 12:00:00+00:00,Islamabad,PK,13137731,8.32,µg/m³,100.0,8.323333382606506,8.323333382606506,8.323333382606506
2025-07-03 12:00:00+00:00,2025-07-03 13:00:00+00:00,Islamabad,PK,13137731,9.86,µg/m³,100.0,9.86312504609426,9.86312504609426,9.86312504609426
2025-07-03 13:00:00+00:00,2025-07-03 14:00:00+00:00,Islamabad,PK,13137731,9.92,µg/m³,100.0,9.918333411216736,9.918333411216736,9.918333411216736
2025-07-03 14:00:00+00:00,2025-07-03 15:00:00+00:00,Islamabad,PK,13137731,11.5,µg/m³,100.0,11.539541721343994,11.539541721343994,11.539541721343994
2025-07-03 15:00:00+00:00,2025-07-03 16:00:00+00:00,Islamabad,PK,13137731,20.2,µg/m³,100.0,20.223999897638958,20.223999897638958,20.223999897638958
2025-07-03 16:00:00+00:00,2025-07-03 17:00:00+00:00,Islamabad,PK,13137731,15.4,µg/m³,100.0,15.4473956823349,15.4473956823349,15.4473956823349
2025-07-03 17:00:00+00:00,2025-07-03 18:00:00+00:00,Islamabad,PK,13137731,12.7,µg/m³,100.0,12.694291591644287,12.694291591644287,12.694291591644287
2025-07-03 18:00:00+00:00,2025-07-03 19:00:00+00:00,Islamabad,PK,13137731,11.7,µg/m³,100.0,11.653791745503744,11.653791745503744,11.653791745503744
2025-07-03 19:00:00+00:00,2025-07-03 20:00:00+00:00,Islamabad,PK,13137731,10.2,µg/m³,100.0,10.205874919891357,10.205874919891357,10.205874919891357
2025-07-03 20:00:00+00:00,2025-07-03 21:00:00+00:00,Islamabad,PK,13137731,9.59,µg/m³,100.0,9.58787488937378,9.58787488937378,9.58787488937378
2025-07-03 21:00:00+00:00,2025-07-03 22:00:00+00:00,Islamabad,PK,13137731,9.46,µg/m³,100.0,9.456999937693277,9.456999937693277,9.456999937693277
2025-07-03 22:00:00+00:00,2025-07-03 23:00:00+00:00,Islamabad,PK,13137731,9.12,µg/m³,100.0,9.123250126838684,9.123250126838684,9.123250126838684
2025-07-03 23:00:00+00:00,2025-07-04 00:00:00+00:00,Islamabad,PK,13137731,9.28,µg/m³,100.0,9.282666762669882,9.282666762669882,9.282666762669882
2025-07-04 00:00:00+00:00,2025-07-04 01:00:00+00:00,Islamabad,PK,13137731,10.1,µg/m³,100.0,10.050291776657104,10.050291776657104,10.050291776657104
2025-07-04 01:00:00+00:00,2025-07-04 02:00:00+00:00,Islamabad,PK,13137731,12.2,µg/m³,100.0,12.249124844868978,12.249124844868978,12.249124844868978
2025-07-04 02:00:00+00:00,2025-07-04 03:00:00+00:00,Islamabad,PK,13137731,13.1,µg/m³,100.0,13.072791655858358,13.072791655858358,13.072791655858358
2025-07-04 03:00:00+00:00,2025-07-04 04:00:00+00:00,Islamabad,PK,13137731,10.4,µg/m³,100.0,10.40679144859314,10.40679144859314,10.40679144859314
2025-07-04 04:00:00+00:00,2025-07-04 05:00:00+00:00,Islamabad,PK,13137731,11.6,µg/m³,100.0,11.556125005086264,11.556125005086264,11.556125005086264
2025-07-04 05:00:00+00:00,2025-07-04 06:00:00+00:00,Islamabad,PK,13137731,9.77,µg/m³,100.0,9.769916693369547,9.769916693369547,9.769916693369547
2025-07-04 06:00:00+00:00,2025-07-04 07:00:00+00:00,Islamabad,PK,13137731,14.8,µg/m³,100.0,14.779791673024496,14.779791673024496,14.779791673024496
2025-07-04 07:00:00+00:00,2025-07-04 08:00:00+00:00,Islamabad,PK,13137731,15.9,µg/m³,100.0,15.858875115712484,15.858875115712484,15.858875115712484
2025-07-04 08:00:00+00:00,2025-07-04 09:00:00+00:00,Islamabad,PK,13137731,11.7,µg/m³,100.0,11.685291608174643,11.685291608174643,11.685291608174643
2025-07-04 09:00:00+00:00,2025-07-04 10:00:00+00:00,Islamabad,PK,13137731,13.2,µg/m³,100.0,13.156083345413208,13.156083345413208,13.156083345413208
2025-07-04 10:00:00+00:00,2025-07-04 11:00:00+00:00,Islamabad,PK,13137731,8.9,µg/m³,100.0,8.903833548227945,8.903833548227945,8.903833548227945
2025-07-04 11:00:00+00:00,2025-07-04 12:00:00+00:00,Islamabad,PK,13137731,9.73,µg/m³,100.0,9.733916759490967,9.733916759490967,9.733916759490967
2025-07-04 12:00:00+00:00,2025-07-04 13:00:00+00:00,Islamabad,PK,13137731,10.2,µg/m³,100.0,10.16629163424174,10.16629163424174,10.16629163424174
2025-07-04 13:00:00+00:00,2025-07-04 14:00:00+00:00,Islamabad,PK,13137731,10.1,µg/m³,100.0,10.097458203633627,10.097458203633627,10.097458203633627
2025-07-04 14:00:00+00:00,2025-07-04 15:00:00+00:00,Islamabad,PK,13137731,12.0,µg/m³,100.0,11.989208300908407,11.989208300908407,11.989208300908407
2025-07-04 15:00:00+00:00,2025-07-04 16:00:00+00:00,Islamabad,PK,13137731,14.8,µg/m³,100.0,14.815416971842447,14.815416971842447,14.815416971842447
2025-07-04 16:00:00+00:00,2025-07-04 17:00:00+00:00,Islamabad,PK,13137731,15.0,µg/m³,100.0,15.026041905085245,15.026041905085245,15.026041905085245
2025-07-04 17:00:00+00:00,2025-07-04 18:00:00+00:00,Islamabad,PK,13137731,11.8,µg/m³,100.0,11.764666636784872,11.764666636784872,11.764666636784872
2025-07-04 18:00:00+00:00,2025-07-04 19:00:00+00:00,Islamabad,PK,13137731,12.5,µg/m³,100.0,12.464166720708212,12.464166720708212,12.464166720708212
2025-07-04 19:00:00+00:00,2025-07-04 20:00:00+00:00,Islamabad,PK,13137731,12.9,µg/m³,100.0,12.945916652679443,12.945916652679443,12.945916652679443
2025-07-04 20:00:00+00:00,2025-07-04 21:00:00+00:00,Islamabad,PK,13137731,13.5,µg/m³,100.0,13.503416617711386,13.503416617711386,13.503416617711386
2025-07-04 21:00:00+00:00,2025-07-04 22:00:00+00:00,Islamabad,PK,13137731,12.6,µg/m³,100.0,12.582833290100098,12.582833290100098,12.582833290100098
2025-07-04 22:00:00+00:00,2025-07-04 23:00:00+00:00,Islamabad,PK,13137731,14.8,µg/m³,100.0,14.778083562850952,14.778083562850952,14.778083562850952
2025-07-04 23:00:00+00:00,2025-07-05 00:00:00+00:00,Islamabad,PK,13137731,15.8,µg/m³,100.0,15.78249994913737,15.78249994913737,15.78249994913737
2025-07-05 00:00:00+00:00,2025-07-05 01:00:00+00:00,Islamabad,PK,13137731,14.6,µg/m³,100.0,14.615958452224731,14.615958452224731,14.615958452224731
2025-07-05 01:00:00+00:00,2025-07-05 02:00:00+00:00,Islamabad,PK,13137731,14.0,µg/m³,100.0,13.953874985376993,13.953874985376993,13.953874985376993
2025-07-05 02:00:00+00:00,2025-07-05 03:00:00+00:00,Islamabad,PK,13137731,12.5,µg/m³,100.0,12.493041753768921,12.493041753768921,12.493041753768921
2025-07-05 03:00:00+00:00,2025-07-05 04:00:00+00:00,Islamabad,PK,13137731,10.1,µg/m³,100.0,10.056458433469137,10.056458433469137,10.056458433469137
2025-07-05 04:00:00+00:00,2025-07-05 05:00:00+00:00,Islamabad,PK,13137731,9.08,µg/m³,100.0,9.082999984423319,9.082999984423319,9.082999984423319
2025-07-05 05:00:00+00:00,2025-07-05 06:00:00+00:00,Islamabad,PK,13137731,11.8,µg/m³,100.0,11.834375143051147,11.834375143051147,11.834375143051147
2025-07-05 06:00:00+00:00,2025-07-05 07:00:00+00:00,Islamabad,PK,13137731,7.96,µg/m³,100.0,7.957416574160258,7.957416574160258,7.957416574160258
2025-07-05 07:00:00+00:00,2025-07-05 08:00:00+00:00,Islamabad,PK,13137731,11.6,µg/m³,100.0,11.560041745503744,11.560041745503744,11.560041745503744
2025-07-05 08:00:00+00:00,2025-07-05 09:00:00+00:00,Islamabad,PK,13137731,19.5,µg/m³,100.0,19.48958357175191,19.48958357175191,19.48958357175191
2025-07-05 09:00:00+00:00,2025-07-05 10:00:00+00:00,Islamabad,PK,13137731,11.1,µg/m³,100.0,11.054166555404663,11.054166555404663,11.054166555404663
2025-07-05 10:00:00+00:00,2025-07-05 11:00:00+00:00,Islamabad,PK,13137731,11.6,µg/m³,100.0,11.630666653315226,11.630666653315226,11.630666653315226
2025-07-05 11:00:00+00:00,2025-07-05 12:00:00+00:00,Islamabad,PK,13137731,13.8,µg/m³,100.0,13.77916669845581,13.77916669845581,13.77916669845581
2025-07-05 12:00:00+00:00,2025-07-05 13:00:00+00:00,Islamabad,PK,13137731,13.7,µg/m³,100.0,13.674416621526083,13.674416621526083,13.674416621526083
2025-07-05 13:00:00+00:00,2025-07-05 14:00:00+00:00,Islamabad,PK,13137731,15.8,µg/m³,100.0,15.800416707992554,15.800416707992554,15.800416707992554
2025-07-05 14:00:00+00:00,2025-07-05 15:00:00+00:00,Islamabad,PK,13137731,15.5,µg/m³,100.0,15.547333081563314,15.547333081563314,15.547333081563314
2025-07-05 15:00:00+00:00,2025-07-05 16:00:00+00:00,Islamabad,PK,13137731,18.5,µg/m³,100.0,18.50291649500529,18.50291649500529,18.50291649500529
2025-07-05 16:00:00+00:00,2025-07-05 17:00:00+00:00,Islamabad,PK,13137731,19.8,µg/m³,100.0,19.84441677729289,19.84441677729289,19.84441677729289
2025-07-05 17:00:00+00:00,2025-07-05 18:00:00+00:00,Islamabad,PK,13137731,20.9,µg/m³,100.0,20.90625,20.90625,20.90625
2025-07-05 18:00:00+00:00,2025-07-05 19:00:00+00:00,Islamabad,PK,13137731,21.5,µg/m³,100.0,21.47195831934611,21.47195831934611,21.47195831934611
2025-07-05 19:00:00+00:00,2025-07-05 20:00:00+00:00,Islamabad,PK,13137731,20.5,µg/m³,100.0,20.469166437784832,20.469166437784832,20.469166437784832
2025-07-05 20:00:00+00:00,2025-07-05 21:00:00+00:00,Islamabad,PK,13137731,17.5,µg/m³,100.0,17.527583201726276,17.527583201726276,17.527583201726276
2025-07-05 21:00:00+00:00,2025-07-05 22:00:00+00:00,Islamabad,PK,13137731,19.5,µg/m³,100.0,19.54379177093506,19.54379177093506,19.54379177093506
2025-07-05 22:00:00+00:00,2025-07-05 23:00:00+00:00,Islamabad,PK,13137731,19.3,µg/m³,100.0,19.33174975713094,19.33174975713094,19.33174975713094
2025-07-05 23:00:00+00:00,2025-07-06 00:00:00+00:00,Islamabad,PK,13137731,18.1,µg/m³,100.0,18.08520809809367,18.08520809809367,18.08520809809367
2025-07-06 00:00:00+00:00,2025-07-06 01:00:00+00:00,Islamabad,PK,13137731,18.5,µg/m³,100.0,18.465916792551678,18.465916792551678,18.465916792551678
2025-07-06 01:00:00+00:00,2025-07-06 02:00:00+00:00,Islamabad,PK,13137731,18.7,µg/m³,100.0,18.7340833346049,18.7340833346049,18.7340833346049
2025-07-06 02:00:00+00:00,2025-07-06 03:00:00+00:00,Islamabad,PK,13137731,19.3,µg/m³,100.0,19.34408362706502,19.34408362706502,19.34408362706502
2025-07-06 03:00:00+00:00,2025-07-06 04:00:00+00:00,Islamabad,PK,13137731,18.1,µg/m³,100.0,18.079041719436646,18.079041719436646,18.079041719436646
2025-07-06 04:00:00+00:00,2025-07-06 05:00:00+00:00,Islamabad,PK,13137731,16.9,µg/m³,100.0,16.940541585286457,16.940541585286457,16.940541585286457
2025-07-06 05:00:00+00:00,2025-07-06 06:00:00+00:00,Islamabad,PK,13137731,19.3,µg/m³,100.0,19.305624961853027,19.305624961853027,19.305624961853027
2025-07-06 06:00:00+00:00,2025-07-06 07:00:00+00:00,Islamabad,PK,13137731,20.4,µg/m³,100.0,20.44487492243449,20.44487492243449,20.44487492243449
2025-07-06 07:00:00+00:00,2025-07-06 08:00:00+00:00,Islamabad,PK,13137731,19.9,µg/m³,100.0,19.932958443959553,19.932958443959553,19.932958443959553
2025-07-06 08:00:00+00:00,2025-07-06 09:00:00+00:00,Islamabad,PK,13137731,15.0,µg/m³,100.0,14.951208273569742,14.951208273569742,14.951208273569742
2025-07-06 09:00:00+00:00,2025-07-06 10:00:00+00:00,Islamabad,PK,13137731,16.7,µg/m³,100.0,16.664944330851238,16.664944330851238,16.664944330851238
2025-07-06 10:00:00+00:00,2025-07-06 11:00:00+00:00,Islamabad,PK,13137731,16.3,µg/m³,100.0,16.256902774175007,16.256902774175007,16.256902774175007
2025-07-06 11:00:00+00:00,2025-07-06 12:00:00+00:00,Islamabad,PK,13137731,18.1,µg/m³,100.0,18.130083401997883,18.130083401997883,18.130083401997883
2025-07-06 12:00:00+00:00,2025-07-06 13:00:00+00:00,Islamabad,PK,13137731,16.7,µg/m³,100.0,16.739291588465374,16.739291588465374,16.739291588465374
2025-07-06 13:00:00+00:00,2025-07-06 14:00:00+00:00,Islamabad,PK,13137731,17.3,µg/m³,100.0,17.333208243052166,17.333208243052166,17.333208243052166
2025-07-06 14:00:00+00:00,2025-07-06 15:00:00+00:00,Islamabad,PK,13137731,18.6,µg/m³,100.0,18.553499857584637,18.553499857584637,18.553499857584637
2025-07-06 15:00:00+00:00,2025-07-06 16:00:00+00:00,Islamabad,PK,13137731,19.3,µg/m³,100.0,19.30437485376994,19.30437485376994,19.30437485376994
2025-07-06 16:00:00+00:00,2025-07-06 17:00:00+00:00,Islamabad,PK,13137731,20.0,µg/m³,100.0,20.020291646321613,20.020291646321613,20.020291646321613
2025-07-06 17:00:00+00:00,2025-07-06 18:00:00+00:00,Islamabad,PK,13137731,18.9,µg/m³,100.0,18.906458298365276,18.906458298365276,18.906458298365276
2025-07-06 18:00:00+00:00,2025-07-06 19:00:00+00:00,Islamabad,PK,13137731,20.1,µg/m³,100.0,20.099124908447266,20.099124908447266,20.099124908447266
2025-07-06 19:00:00+00:00,2025-07-06 20:00:00+00:00,Islamabad,PK,13137731,18.3,µg/m³,100.0,18.30425000190735,18.30425000190735,18.30425000190735
2025-07-06 20:00:00+00:00,2025-07-06 21:00:00+00:00,Islamabad,PK,13137731,5.7,µg/m³,100.0,5.702750007311503,5.702750007311503,5.702750007311503
2025-07-06 21:00:00+00:00,2025-07-06 22:00:00+00:00,Islamabad,PK,13137731,4.11,µg/m³,100.0,4.114208340644836,4.114208340644836,4.114208340644836
2025-07-06 22:00:00+00:00,2025-07-06 23:00:00+00:00,Islamabad,PK,13137731,2.91,µg/m³,100.0,2.9121666749318442,2.9121666749318442,2.9121666749318442
2025-07-06 23:00:00+00:00,2025-07-07 00:00:00+00:00,Islamabad,PK,13137731,2.3,µg/m³,100.0,2.2982916633288064,2.2982916633288064,2.2982916633288064
2025-07-07 00:00:00+00:00,2025-07-07 01:00:00+00:00,Islamabad,PK,13137731,1.58,µg/m³,100.0,1.5849166562159855,1.5849166562159855,1.5849166562159855
2025-07-07 01:00:00+00:00,2025-07-07 02:00:00+00:00,Islamabad,PK,13137731,5.91,µg/m³,100.0,5.907958269119263,5.907958269119263,5.907958269119263
2025-07-07 02:00:00+00:00,2025-07-07 03:00:00+00:00,Islamabad,PK,13137731,16.2,µg/m³,100.0,16.217041452725727,16.217041452725727,16.217041452725727
2025-07-07 03:00:00+00:00,2025-07-07 04:00:00+00:00,Islamabad,PK,13137731,19.5,µg/m³,100.0,19.54812479019165,19.54812479019165,19.54812479019165
2025-07-07 04:00:00+00:00,2025-07-07 05:00:00+00:00,Islamabad,PK,13137731,20.0,µg/m³,100.0,20.009458382924397,20.009458382924397,20.009458382924397
2025-07-07 05:00:00+00:00,2025-07-07 06:00:00+00:00,Islamabad,PK,13137731,21.3,µg/m³,100.0,21.27162504196167,21.27162504196167,21.27162504196167
2025-07-07 06:00:00+00:00,2025-07-07 07:00:00+00:00,Islamabad,PK,13137731,54.4,µg/m³,100.0,54.41395886739095,54.41395886739095,54.41395886739095
2025-07-07 07:00:00+00:00,2025-07-07 08:00:00+00:00,Islamabad,PK,13137731,23.4,µg/m³,100.0,23.38599983851115,23.38599983851115,23.38599983851115
2025-07-07 08:00:00+00:00,2025-07-07 09:00:00+00:00,Islamabad,PK,13137731,10.2,µg/m³,100.0,10.186125119527182,10.186125119527182,10.186125119527182
2025-07-07 09:00:00+00:00,2025-07-07 10:00:00+00:00,Islamabad,PK,13137731,8.18,µg/m³,100.0,8.183708409468332,8.183708409468332,8.183708409468332
2025-07-07 10:00:00+00:00,2025-07-07 11:00:00+00:00,Islamabad,PK,13137731,10.9,µg/m³,100.0,10.867833336194357,10.867833336194357,10.867833336194357
2025-07-07 11:00:00+00:00,2025-07-07 12:00:00+00:00,Islamabad,PK,13137731,19.8,µg/m³,100.0,19.78095817565918,19.78095817565918,19.78095817565918
2025-07-07 12:00:00+00:00,2025-07-07 13:00:00+00:00,Islamabad,PK,13137731,22.4,µg/m³,100.0,22.445125102996826,22.445125102996826,22.445125102996826
2025-07-07 13:00:00+00:00,2025-07-07 14:00:00+00:00,Islamabad,PK,13137731,22.0,µg/m³,100.0,21.967000166575115,21.967000166575115,21.967000166575115
2025-07-07 14:00:00+00:00,2025-07-07 15:00:00+00:00,Islamabad,PK,13137731,21.8,µg/m³,100.0,21.755624930063885,21.755624930063885,21.755624930063885
2025-07-07 15:00:00+00:00,2025-07-07 16:00:00+00:00,Islamabad,PK,13137731,21.2,µg/m³,100.0,21.211874961853027,21.211874961853027,21.211874961853027
2025-07-07 16:00:00+00:00,2025-07-07 17:00:00+00:00,Islamabad,PK,13137731,24.7,µg/m³,100.0,24.67762517929077,24.67762517929077,24.67762517929077
2025-07-07 17:00:00+00:00,2025-07-07 18:00:00+00:00,Islamabad,PK,13137731,20.0,µg/m³,100.0,20.010250091552734,20.010250091552734,20.010250091552734
2025-07-07 18:00:00+00:00,2025-07-07 19:00:00+00:00,Islamabad,PK,13137731,18.6,µg/m³,100.0,18.614333470662434,18.614333470662434,18.614333470662434
2025-07-07 19:00:00+00:00,2025-07-07 20:00:00+00:00,Islamabad,PK,13137731,17.1,µg/m³,100.0,17.072083473205566,17.072083473205566,17.072083473205566
2025-07-07 20:00:00+00:00,2025-07-07 21:00:00+00:00,Islamabad,PK,13137731,14.1,µg/m³,100.0,14.07504161198934,14.07504161198934,14.07504161198934
2025-07-07 21:00:00+00:00,2025-07-07 22:00:00+00:00,Islamabad,PK,13137731,13.3,µg/m³,100.0,13.278333266576132,13.278333266576132,13.278333266576132
2025-07-07 22:00:00+00:00,2025-07-07 23:00:00+00:00,Islamabad,PK,13137731,13.5,µg/m³,100.0,13.50320831934611,13.50320831934611,13.50320831934611
2025-07-07 23:00:00+00:00,2025-07-08 00:00:00+00:00,Islamabad,PK,13137731,12.0,µg/m³,100.0,12.01283327738444,12.01283327738444,12.01283327738444
2025-07-08 00:00:00+00:00,2025-07-08 01:00:00+00:00,Islamabad,PK,13137731,14.5,µg/m³,100.0,14.513458410898844,14.513458410898844,14.513458410898844
2025-07-08 01:00:00+00:00,2025-07-08 02:00:00+00:00,Islamabad,PK,13137731,16.4,µg/m³,100.0,16.388333479563396,16.388333479563396,16.388333479563396
2025-07-08 02:00:00+00:00,2025-07-08 03:00:00+00:00,Islamabad,PK,13137731,16.1,µg/m³,100.0,16.057541688283283,16.057541688283283,16.057541688283283
2025-07-08 03:00:00+00:00,2025-07-08 04:00:00+00:00,Islamabad,PK,13137731,13.4,µg/m³,100.0,13.431625048319498,13.431625048319498,13.431625048319498
2025-07-08 04:00:00+00:00,2025-07-08 05:00:00+00:00,Islamabad,PK,13137731,18.8,µg/m³,100.0,18.76966691017151,18.76966691017151,18.76966691017151
2025-07-08 05:00:00+00:00,2025-07-08 06:00:00+00:00,Islamabad,PK,13137731,19.3,µg/m³,100.0,19.331416606903076,19.331416606903076,19.331416606903076
2025-07-08 06:00:00+00:00,2025-07-08 07:00:00+00:00,Islamabad,PK,13137731,21.9,µg/m³,100.0,21.901583274205525,21.901583274205525,21.901583274205525
2025-07-08 07:00:00+00:00,2025-07-08 08:00:00+00:00,Islamabad,PK,13137731,17.4,µg/m³,100.0,17.433041493097942,17.433041493097942,17.433041493097942
2025-07-08 08:00:00+00:00,2025-07-08 09:00:00+00:00,Islamabad,PK,13137731,16.7,µg/m³,100.0,16.70091660817464,16.70091660817464,16.70091660817464
2025-07-08 09:00:00+00:00,2025-07-08 10:00:00+00:00,Islamabad,PK,13137731,15.1,µg/m³,100.0,15.056208292643229,15.056208292643229,15.056208292643229
2025-07-08 10:00:00+00:00,2025-07-08 11:00:00+00:00,Islamabad,PK,13137731,13.3,µg/m³,100.0,13.311375141143799,13.311375141143799,13.311375141143799
2025-07-08 11:00:00+00:00,2025-07-08 12:00:00+00:00,Islamabad,PK,13137731,17.5,µg/m³,100.0,17.549041827519734,17.549041827519734,17.549041827519734
2025-07-08 12:00:00+00:00,2025-07-08 13:00:00+00:00,Islamabad,PK,13137731,19.8,µg/m³,100.0,19.837791442871094,19.837791442871094,19.837791442871094
2025-07-08 13:00:00+00:00,2025-07-08 14:00:00+00:00,Islamabad,PK,13137731,21.2,µg/m³,100.0,21.24720859527588,21.24720859527588,21.24720859527588
2025-07-08 14:00:00+00:00,2025-07-08 15:00:00+00:00,Islamabad,PK,13137731,23.2,µg/m³,100.0,23.217250029246014,23.217250029246014,23.217250029246014
2025-07-08 15:00:00+00:00,2025-07-08 16:00:00+00:00,Islamabad,PK,13137731,23.0,µg/m³,100.0,22.982333183288574,22.982333183288574,22.982333183288574
2025-07-08 16:00:00+00:00,2025-07-08 17:00:00+00:00,Islamabad,PK,13137731,21.7,µg/m³,100.0,21.69641653696696,21.69641653696696,21.69641653696696
2025-07-08 17:00:00+00:00,2025-07-08 18:00:00+00:00,Islamabad,PK,13137731,21.7,µg/m³,100.0,21.654999891916912,21.654999891916912,21.654999891916912
2025-07-08 18:00:00+00:00,2025-07-08 19:00:00+00:00,Islamabad,PK,13137731,20.2,µg/m³,100.0,20.20424969991048,20.20424969991048,20.20424969991048
2025-07-08 19:00:00+00:00,2025-07-08 20:00:00+00:00,Islamabad,PK,13137731,20.5,µg/m³,100.0,20.508583386739094,20.508583386739094,20.508583386739094
2025-07-08 20:00:00+00:00,2025-07-08 21:00:00+00:00,Islamabad,PK,13137731,19.0,µg/m³,100.0,19.04650004704793,19.04650004704793,19.04650004704793
2025-07-08 21:00:00+00:00,2025-07-08 22:00:00+00:00,Islamabad,PK,13137731,17.0,µg/m³,100.0,17.01729162534078,17.01729162534078,17.01729162534078
2025-07-08 22:00:00+00:00,2025-07-08 23:00:00+00:00,Islamabad,PK,13137731,18.1,µg/m³,100.0,18.11704142888387,18.11704142888387,18.11704142888387
2025-07-08 23:00:00+00:00,2025-07-09 00:00:00+00:00,Islamabad,PK,13137731,18.0,µg/m³,100.0,17.996249834696453,17.996249834696453,17.996249834696453
2025-07-09 00:00:00+00:00,2025-07-09 01:00:00+00:00,Islamabad,PK,13137731,18.3,µg/m³,100.0,18.315208117167156,18.315208117167156,18.315208117167156
2025-07-09 01:00:00+00:00,2025-07-09 02:00:00+00:00,Islamabad,PK,13137731,18.5,µg/m³,100.0,18.506208101908367,18.506208101908367,18.506208101908367
2025-07-09 02:00:00+00:00,2025-07-09 03:00:00+00:00,Islamabad,PK,13137731,15.2,µg/m³,100.0,15.210958242416382,15.210958242416382,15.210958242416382
2025-07-09 03:00:00+00:00,2025-07-09 04:00:00+00:00,Islamabad,PK,13137731,15.5,µg/m³,100.0,15.549833218256632,15.549833218256632,15.549833218256632
2025-07-09 04:00:00+00:00,2025-07-09 05:00:00+00:00,Islamabad,PK,13137731,18.4,µg/m³,100.0,18.39383316040039,18.39383316040039,18.39383316040039
2025-07-09 05:00:00+00:00,2025-07-09 06:00:00+00:00,Islamabad,PK,13137731,24.0,µg/m³,100.0,24.00670846303304,24.00670846303304,24.00670846303304
2025-07-09 06:00:00+00:00,2025-07-09 07:00:00+00:00,Islamabad,PK,13137731,35.6,µg/m³,100.0,35.589166482289635,35.589166482289635,35.589166482289635
2025-07-09 07:00:00+00:00,2025-07-09 08:00:00+00:00,Islamabad,PK,13137731,19.9,µg/m³,100.0,19.87125015258789,19.87125015258789,19.87125015258789
2025-07-09 08:00:00+00:00,2025-07-09 09:00:00+00:00,Islamabad,PK,13137731,13.8,µg/m³,100.0,13.807166655858358,13.807166655858358,13.807166655858358
2025-07-09 09:00:00+00:00,2025-07-09 10:00:00+00:00,Islamabad,PK,13137731,19.7,µg/m³,100.0,19.693666617075603,19.693666617075603,19.693666617075603
2025-07-09 10:00:00+00:00,2025-07-09 11:00:00+00:00,Islamabad,PK,13137731,12.0,µg/m³,100.0,12.018666664759317,12.018666664759317,12.018666664759317
2025-07-09 11:00:00+00:00,2025-07-09 12:00:00+00:00,Islamabad,PK,13137731,13.7,µg/m³,100.0,13.673624833424887,13.673624833424887,13.673624833424887
2025-07-09 12:00:00+00:00,2025-07-09 13:00:00+00:00,Islamabad,PK,13137731,14.6,µg/m³,100.0,14.604791641235352,14.604791641235352,14.604791641235352
2025-07-09 13:00:00+00:00,2025-07-09 14:00:00+00:00,Islamabad,PK,13137731,16.0,µg/m³,100.0,16.033249934514362,16.033249934514362,16.033249934514362
2025-07-09 14:00:00+00:00,2025-07-09 15:00:00+00:00,Islamabad,PK,13137731,15.6,µg/m³,100.0,15.5569167137146,15.5569167137146,15.5569167137146
2025-07-09 15:00:00+00:00,2025-07-09 16:00:00+00:00,Islamabad,PK,13137731,16.0,µg/m³,100.0,16.0170001188914,16.0170001188914,16.0170001188914
2025-07-09 16:00:00+00:00,2025-07-09 17:00:00+00:00,Islamabad,PK,13137731,15.9,µg/m³,100.0,15.890666643778482,15.890666643778482,15.890666643778482
2025-07-09 17:00:00+00:00,2025-07-09 18:00:00+00:00,Islamabad,PK,13137731,18.7,µg/m³,100.0,18.699833234151203,18.699833234151203,18.699833234151203
2025-07-09 18:00:00+00:00,2025-07-09 19:00:00+00:00,Islamabad,PK,13137731,17.2,µg/m³,100.0,17.198708375295002,17.198708375295002,17.198708375295002
2025-07-09 19:00:00+00:00,2025-07-09 20:00:00+00:00,Islamabad,PK,13137731,13.8,µg/m³,100.0,13.76924991607666,13.76924991607666,13.76924991607666
2025-07-09 20:00:00+00:00,2025-07-09 21:00:00+00:00,Islamabad,PK,13137731,14.6,µg/m³,100.0,14.57087508837382,14.57087508837382,14.57087508837382
2025-07-09 21:00:00+00:00,2025-07-09 22:00:00+00:00,Islamabad,PK,13137731,12.3,µg/m³,100.0,12.25949994723002,12.25949994723002,12.25949994723002
2025-07-09 22:00:00+00:00,2025-07-09 23:00:00+00:00,Islamabad,PK,13137731,11.6,µg/m³,100.0,11.55412491162618,11.55412491162618,11.55412491162618
2025-07-09 23:00:00+00:00,2025-07-10 00:00:00+00:00,Islamabad,PK,13137731,12.3,µg/m³,100.0,12.314208348592123,12.314208348592123,12.314208348592123
2025-07-10 00:00:00+00:00,2025-07-10 01:00:00+00:00,Islamabad,PK,13137731,12.1,µg/m³,100.0,12.122124989827475,12.122124989827475,12.122124989827475
2025-07-10 01:00:00+00:00,2025-07-10 02:00:00+00:00,Islamabad,PK,13137731,13.5,µg/m³,100.0,13.548666636149088,13.548666636149088,13.548666636149088
2025-07-10 02:00:00+00:00,2025-07-10 03:00:00+00:00,Islamabad,PK,13137731,13.6,µg/m³,100.0,13.55008339881897,13.55008339881897,13.55008339881897
2025-07-10 03:00:00+00:00,2025-07-10 04:00:00+00:00,Islamabad,PK,13137731,12.7,µg/m³,100.0,12.7075834274292,12.7075834274292,12.7075834274292
2025-07-10 04:00:00+00:00,2025-07-10 05:00:00+00:00,Islamabad,PK,13137731,12.9,µg/m³,100.0,12.857208331425985,12.857208331425985,12.857208331425985
2025-07-10 05:00:00+00:00,2025-07-10 06:00:00+00:00,Islamabad,PK,13137731,12.6,µg/m³,100.0,12.589583476384481,12.589583476384481,12.589583476384481
2025-07-10 06:00:00+00:00,2025-07-10 07:00:00+00:00,Islamabad,PK,13137731,54.7,µg/m³,100.0,54.713624795277916,54.713624795277916,54.713624795277916
2025-07-10 07:00:00+00:00,2025-07-10 08:00:00+00:00,Islamabad,PK,13137731,20.4,µg/m³,100.0,20.369083325068157,20.369083325068157,20.369083325068157
2025-07-10 08:00:00+00:00,2025-07-10 09:00:00+00:00,Islamabad,PK,13137731,13.3,µg/m³,100.0,13.277166763941446,13.277166763941446,13.277166763941446
2025-07-10 09:00:00+00:00,2025-07-10 10:00:00+00:00,Islamabad,PK,13137731,16.1,µg/m³,100.0,16.06719430287679,16.06719430287679,16.06719430287679
2025-07-10 10:00:00+00:00,2025-07-10 11:00:00+00:00,Islamabad,PK,13137731,10.0,µg/m³,100.0,10.013708392779032,10.013708392779032,10.013708392779032
2025-07-10 11:00:00+00:00,2025-07-10 12:00:00+00:00,Islamabad,PK,13137731,11.5,µg/m³,100.0,11.489750067392984,11.489750067392984,11.489750067392984
2025-07-10 12:00:00+00:00,2025-07-10 13:00:00+00:00,Islamabad,PK,13137731,10.4,µg/m³,100.0,10.392083326975504,10.392083326975504,10.392083326975504
2025-07-10 13:00:00+00:00,2025-07-10 14:00:00+00:00,Islamabad,PK,13137731,12.2,µg/m³,100.0,12.233166694641113,12.233166694641113,12.233166694641113
2025-07-10 14:00:00+00:00,2025-07-10 15:00:00+00:00,Islamabad,PK,13137731,12.3,µg/m³,100.0,12.348791678746542,12.348791678746542,12.348791678746542
2025-07-10 15:00:00+00:00,2025-07-10 16:00:00+00:00,Islamabad,PK,13137731,15.6,µg/m³,100.0,15.640124797821045,15.640124797821045,15.640124797821045
2025-07-10 16:00:00+00:00,2025-07-10 17:00:00+00:00,Islamabad,PK,13137731,24.7,µg/m³,100.0,24.742250204086304,24.742250204086304,24.742250204086304
2025-07-10 17:00:00+00:00,2025-07-10 18:00:00+00:00,Islamabad,PK,13137731,14.1,µg/m³,100.0,14.054791847864786,14.054791847864786,14.054791847864786
2025-07-10 18:00:00+00:00,2025-07-10 19:00:00+00:00,Islamabad,PK,13137731,16.1,µg/m³,100.0,16.074333429336548,16.074333429336548,16.074333429336548
2025-07-10 19:00:00+00:00,2025-07-10 20:00:00+00:00,Islamabad,PK,13137731,13.8,µg/m³,100.0,13.824791351954142,13.824791351954142,13.824791351954142
2025-07-10 20:00:00+00:00,2025-07-10 21:00:00+00:00,Islamabad,PK,13137731,12.1,µg/m³,100.0,12.058125019073486,12.058125019073486,12.058125019073486
2025-07-10 21:00:00+00:00,2025-07-10 22:00:00+00:00,Islamabad,PK,13137731,13.1,µg/m³,100.0,13.077041625976562,13.077041625976562,13.077041625976562
2025-07-10 22:00:00+00:00,2025-07-10 23:00:00+00:00,Islamabad,PK,13137731,11.6,µg/m³,100.0,11.606208403905233,11.606208403905233,11.606208403905233
2025-07-10 23:00:00+00:00,2025-07-11 00:00:00+00:00,Islamabad,PK,13137731,11.1,µg/m³,100.0,11.11216672261556,11.11216672261556,11.11216672261556
2025-07-11 00:00:00+00:00,2025-07-11 01:00:00+00:00,Islamabad,PK,13137731,13.9,µg/m³,100.0,13.89383347829183,13.89383347829183,13.89383347829183
2025-07-11 01:00:00+00:00,2025-07-11 02:00:00+00:00,Islamabad,PK,13137731,15.4,µg/m³,100.0,15.405416488647461,15.405416488647461,15.405416488647461
2025-07-11 02:00:00+00:00,2025-07-11 03:00:00+00:00,Islamabad,PK,13137731,15.4,µg/m³,100.0,15.40637501080831,15.40637501080831,15.40637501080831
2025-07-11 03:00:00+00:00,2025-07-11 04:00:00+00:00,Islamabad,PK,13137731,12.8,µg/m³,100.0,12.813916603724161,12.813916603724161,12.813916603724161
2025-07-11 04:00:00+00:00,2025-07-11 05:00:00+00:00,Islamabad,PK,13137731,9.2,µg/m³,100.0,9.20158338546753,9.20158338546753,9.20158338546753
2025-07-11 05:00:00+00:00,2025-07-11 06:00:00+00:00,Islamabad,PK,13137731,8.65,µg/m³,100.0,8.648666580518087,8.648666580518087,8.648666580518087
2025-07-11 06:00:00+00:00,2025-07-11 07:00:00+00:00,Islamabad,PK,13137731,9.63,µg/m³,100.0,9.63420828183492,9.63420828183492,9.63420828183492
2025-07-11 07:00:00+00:00,2025-07-11 08:00:00+00:00,Islamabad,PK,13137731,16.5,µg/m³,100.0,16.45104146003723,16.45104146003723,16.45104146003723
2025-07-11 08:00:00+00:00,2025-07-11 09:00:00+00:00,Islamabad,PK,13137731,11.3,µg/m³,100.0,11.26312510172526,11.26312510172526,11.26312510172526
2025-07-11 09:00:00+00:00,2025-07-11 10:00:00+00:00,Islamabad,PK,13137731,10.5,µg/m³,100.0,10.497458219528198,10.497458219528198,10.497458219528198
2025-07-11 10:00:00+00:00,2025-07-11 11:00:00+00:00,Islamabad,PK,13137731,11.2,µg/m³,100.0,11.18654179573059,11.18654179573059,11.18654179573059
2025-07-11 11:00:00+00:00,2025-07-11 12:00:00+00:00,Islamabad,PK,13137731,11.3,µg/m³,100.0,11.253000100453695,11.253000100453695,11.253000100453695
2025-07-11 12:00:00+00:00,2025-07-11 13:00:00+00:00,Islamabad,PK,13137731,10.9,µg/m³,100.0,10.923374891281128,10.923374891281128,10.923374891281128
2025-07-11 13:00:00+00:00,2025-07-11 14:00:00+00:00,Islamabad,PK,13137731,13.1,µg/m³,100.0,13.056625048319498,13.056625048319498,13.056625048319498
2025-07-11 14:00:00+00:00,2025-07-11 15:00:00+00:00,Islamabad,PK,13137731,13.4,µg/m³,100.0,13.386041720708212,13.386041720708212,13.386041720708212
2025-07-11 15:00:00+00:00,2025-07-11 16:00:00+00:00,Islamabad,PK,13137731,13.0,µg/m³,100.0,12.959708372751871,12.959708372751871,12.959708372751871
2025-07-11 16:00:00+00:00,2025-07-11 17:00:00+00:00,Islamabad,PK,13137731,10.7,µg/m³,100.0,10.728416601816813,10.728416601816813,10.728416601816813
2025-07-11 17:00:00+00:00,2025-07-11 18:00:00+00:00,Islamabad,PK,13137731,11.6,µg/m³,100.0,11.638374964396158,11.638374964396158,11.638374964396158
2025-07-11 18:00:00+00:00,2025-07-11 19:00:00+00:00,Islamabad,PK,13137731,10.6,µg/m³,100.0,10.586125016212463,10.586125016212463,10.586125016212463
2025-07-11 19:00:00+00:00,2025-07-11 20:00:00+00:00,Islamabad,PK,13137731,9.16,µg/m³,100.0,9.156458417574564,9.156458417574564,9.156458417574564
2025-07-11 20:00:00+00:00,2025-07-11 21:00:00+00:00,Islamabad,PK,13137731,8.46,µg/m³,100.0,8.456541657447815,8.456541657447815,8.456541657447815
2025-07-11 21:00:00+00:00,2025-07-11 22:00:00+00:00,Islamabad,PK,13137731,9.16,µg/m³,100.0,9.156999945640564,9.156999945640564,9.156999945640564
2025-07-11 22:00:00+00:00,2025-07-11 23:00:00+00:00,Islamabad,PK,13137731,8.48,µg/m³,100.0,8.4824165503184,8.4824165503184,8.4824165503184
2025-07-11 23:00:00+00:00,2025-07-12 00:00:00+00:00,Islamabad,PK,13137731,8.22,µg/m³,100.0,8.216541687647501,8.216541687647501,8.216541687647501
2025-07-12 00:00:00+00:00,2025-07-12 01:00:00+00:00,Islamabad,PK,13137731,8.41,µg/m³,100.0,8.41154166062673,8.41154166062673,8.41154166062673
2025-07-12 01:00:00+00:00,2025-07-12 02:00:00+00:00,Islamabad,PK,13137731,7.72,µg/m³,100.0,7.723750034968059,7.723750034968059,7.723750034968059
2025-07-12 02:00:00+00:00,2025-07-12 03:00:00+00:00,Islamabad,PK,13137731,7.77,µg/m³,100.0,7.76645831267039,7.76645831267039,7.76645831267039
2025-07-12 03:00:00+00:00,2025-07-12 04:00:00+00:00,Islamabad,PK,13137731,6.65,µg/m³,100.0,6.652125000953674,6.652125000953674,6.652125000953674
2025-07-12 04:00:00+00:00,2025-07-12 05:00:00+00:00,Islamabad,PK,13137731,7.35,µg/m³,100.0,7.347208340962728,7.347208340962728,7.347208340962728
2025-07-12 05:00:00+00:00,2025-07-12 06:00:00+00:00,Islamabad,PK,13137731,6.52,µg/m³,100.0,6.515124996503194,6.515124996503194,6.515124996503194
2025-07-12 06:00:00+00:00,2025-07-12 07:00:00+00:00,Islamabad,PK,13137731,8.41,µg/m³,100.0,8.413666685422262,8.413666685422262,8.413666685422262
2025-07-12 07:00:00+00:00,2025-07-12 08:00:00+00:00,Islamabad,PK,13137731,6.89,µg/m³,100.0,6.89466667175293,6.89466667175293,6.89466667175293
2025-07-12 08:00:00+00:00,2025-07-12 09:00:00+00:00,Islamabad,PK,13137731,13.0,µg/m³,100.0,12.972083250681559,12.972083250681559,12.972083250681559
2025-07-12 09:00:00+00:00,2025-07-12 10:00:00+00:00,Islamabad,PK,13137731,7.66,µg/m³,100.0,7.664208332697551,7.664208332697551,7.664208332697551
2025-07-12 10:00:00+00:00,2025-07-12 11:00:00+00:00,Islamabad,PK,13137731,8.28,µg/m³,100.0,8.276333332061768,8.276333332061768,8.276333332061768
2025-07-12 11:00:00+00:00,2025-07-12 12:00:00+00:00,Islamabad,PK,13137731,7.6,µg/m³,100.0,7.596166690190633,7.596166690190633,7.596166690190633
2025-07-12 12:00:00+00:00,2025-07-12 13:00:00+00:00,Islamabad,PK,13137731,8.18,µg/m³,100.0,8.1774582862854,8.1774582862854,8.1774582862854
2025-07-12 13:00:00+00:00,2025-07-12 14:00:00+00:00,Islamabad,PK,13137731,7.95,µg/m³,100.0,7.948333382606506,7.948333382606506,7.948333382606506
2025-07-12 14:00:00+00:00,2025-07-12 15:00:00+00:00,Islamabad,PK,13137731,10.3,µg/m³,100.0,10.258249918619791,10.258249918619791,10.258249918619791
2025-07-12 15:00:00+00:00,2025-07-12 16:00:00+00:00,Islamabad,PK,13137731,9.2,µg/m³,100.0,9.204583406448364,9.204583406448364,9.204583406448364
2025-07-12 16:00:00+00:00,2025-07-12 17:00:00+00:00,Islamabad,PK,13137731,9.29,µg/m³,100.0,9.292666792869568,9.292666792869568,9.292666792869568
2025-07-12 17:00:00+00:00,2025-07-12 18:00:00+00:00,Islamabad,PK,13137731,12.6,µg/m³,100.0,12.57687513033549,12.57687513033549,12.57687513033549
2025-07-12 18:00:00+00:00,2025-07-12 19:00:00+00:00,Islamabad,PK,13137731,12.5,µg/m³,100.0,12.475208401679993,12.475208401679993,12.475208401679993
2025-07-12 19:00:00+00:00,2025-07-12 20:00:00+00:00,Islamabad,PK,13137731,7.37,µg/m³,100.0,7.367458303769429,7.367458303769429,7.367458303769429
2025-07-12 20:00:00+00:00,2025-07-12 21:00:00+00:00,Islamabad,PK,13137731,10.9,µg/m³,100.0,10.923291524251303,10.923291524251303,10.923291524251303
2025-07-12 21:00:00+00:00,2025-07-12 22:00:00+00:00,Islamabad,PK,13137731,7.08,µg/m³,100.0,7.080666621526082,7.080666621526082,7.080666621526082
2025-07-12 22:00:00+00:00,2025-07-12 23:00:00+00:00,Islamabad,PK,13137731,6.69,µg/m³,100.0,6.685583313306172,6.685583313306172,6.685583313306172
2025-07-12 23:00:00+00:00,2025-07-13 00:00:00+00:00,Islamabad,PK,13137731,6.31,µg/m³,100.0,6.307500004768372,6.307500004768372,6.307500004768372
2025-07-13 00:00:00+00:00,2025-07-13 01:00:00+00:00,Islamabad,PK,13137731,6.2,µg/m³,100.0,6.196375012397766,6.196375012397766,6.196375012397766
2025-07-13 01:00:00+00:00,2025-07-13 02:00:00+00:00,Islamabad,PK,13137731,6.49,µg/m³,100.0,6.492624998092651,6.492624998092651,6.492624998092651
2025-07-13 02:00:00+00:00,2025-07-13 03:00:00+00:00,Islamabad,PK,13137731,6.52,µg/m³,100.0,6.521791696548462,6.521791696548462,6.521791696548462
2025-07-13 03:00:00+00:00,2025-07-13 04:00:00+00:00,Islamabad,PK,13137731,5.44,µg/m³,100.0,5.435458302497864,5.435458302497864,5.435458302497864
2025-07-13 04:00:00+00:00,2025-07-13 05:00:00+00:00,Islamabad,PK,13137731,5.34,µg/m³,100.0,5.341000040372212,5.341000040372212,5.341000040372212
2025-07-13 05:00:00+00:00,2025-07-13 06:00:00+00:00,Islamabad,PK,13137731,4.94,µg/m³,100.0,4.9386667013168335,4.9386667013168335,4.9386667013168335
2025-07-13 06:00:00+00:00,2025-07-13 07:00:00+00:00,Islamabad,PK,13137731,14.9,µg/m³,100.0,14.895291884740194,14.895291884740194,14.895291884740194
2025-07-13 07:00:00+00:00,2025-07-13 08:00:00+00:00,Islamabad,PK,13137731,7.31,µg/m³,100.0,7.311291734377543,7.311291734377543,7.311291734377543
2025-07-13 08:00:00+00:00,2025-07-13 09:00:00+00:00,Islamabad,PK,13137731,5.35,µg/m³,100.0,5.354541619618733,5.354541619618733,5.354541619618733
2025-07-13 09:00:00+00:00,2025-07-13 10:00:00+00:00,Islamabad,PK,13137731,4.92,µg/m³,100.0,4.91545832157135,4.91545832157135,4.91545832157135
2025-07-13 10:00:00+00:00,2025-07-13 11:00:00+00:00,Islamabad,PK,13137731,4.92,µg/m³,100.0,4.917041699091594,4.917041699091594,4.917041699091594
2025-07-13 11:00:00+00:00,2025-07-13 12:00:00+00:00,Islamabad,PK,13137731,4.76,µg/m³,100.0,4.764083345731099,4.764083345731099,4.764083345731099
2025-07-13 12:00:00+00:00,2025-07-13 13:00:00+00:00,Islamabad,PK,13137731,4.85,µg/m³,100.0,4.847833315531413,4.847833315531413,4.847833315531413
2025-07-13 13:00:00+00:00,2025-07-13 14:00:00+00:00,Islamabad,PK,13137731,4.97,µg/m³,100.0,4.971750020980835,4.971750020980835,4.971750020980835
2025-07-13 14:00:00+00:00,2025-07-13 15:00:00+00:00,Islamabad,PK,13137731,4.99,µg/m³,100.0,4.985000014305115,4.985000014305115,4.985000014305115
2025-07-13 15:00:00+00:00,2025-07-13 16:00:00+00:00,Islamabad,PK,13137731,4.86,µg/m³,100.0,4.861083308855693,4.861083308855693,4.861083308855693
2025-07-13 16:00:00+00:00,2025-07-13 17:00:00+00:00,Islamabad,PK,13137731,4.25,µg/m³,100.0,4.245458324750264,4.245458324750264,4.245458324750264
2025-07-13 17:00:00+00:00,2025-07-13 18:00:00+00:00,Islamabad,PK,13137731,4.4,µg/m³,100.0,4.403958360354106,4.403958360354106,4.403958360354106
2025-07-13 18:00:00+00:00,2025-07-13 19:00:00+00:00,Islamabad,PK,13137731,4.18,µg/m³,100.0,4.182791670163472,4.182791670163472,4.182791670163472
2025-07-13 19:00:00+00:00,2025-07-13 20:00:00+00:00,Islamabad,PK,13137731,4.02,µg/m³,100.0,4.021166642506917,4.021166642506917,4.021166642506917
2025-07-13 20:00:00+00:00,2025-07-13 21:00:00+00:00,Islamabad,PK,13137731,3.89,µg/m³,100.0,3.8947083155314126,3.8947083155314126,3.8947083155314126
2025-07-13 21:00:00+00:00,2025-07-13 22:00:00+00:00,Islamabad,PK,13137731,4.06,µg/m³,100.0,4.062458356221517,4.062458356221517,4.062458356221517
2025-07-13 22:00:00+00:00,2025-07-13 23:00:00+00:00,Islamabad,PK,13137731,4.31,µg/m³,100.0,4.310458322366078,4.310458322366078,4.310458322366078
2025-07-13 23:00:00+00:00,2025-07-14 00:00:00+00:00,Islamabad,PK,13137731,4.47,µg/m³,100.0,4.474499960740407,4.474499960740407,4.474499960740407
2025-07-14 00:00:00+00:00,2025-07-14 01:00:00+00:00,Islamabad,PK,13137731,4.31,µg/m³,100.0,4.3145416378974915,4.3145416378974915,4.3145416378974915
2025-07-14 01:00:00+00:00,2025-07-14 02:00:00+00:00,Islamabad,PK,13137731,5.3,µg/m³,100.0,5.296041647593181,5.296041647593181,5.296041647593181
2025-07-14 02:00:00+00:00,2025-07-14 03:00:00+00:00,Islamabad,PK,13137731,5.28,µg/m³,100.0,5.279041568438212,5.279041568438212,5.279041568438212
2025-07-14 03:00:00+00:00,2025-07-14 04:00:00+00:00,Islamabad,PK,13137731,5.01,µg/m³,100.0,5.007541735967,5.007541735967,5.007541735967
2025-07-14 04:00:00+00:00,2025-07-14 05:00:00+00:00,Islamabad,PK,13137731,5.07,µg/m³,100.0,5.06745833158493,5.06745833158493,5.06745833158493
2025-07-14 05:00:00+00:00,2025-07-14 06:00:00+00:00,Islamabad,PK,13137731,6.51,µg/m³,100.0,6.5140833258628845,6.5140833258628845,6.5140833258628845
2025-07-14 06:00:00+00:00,2025-07-14 07:00:00+00:00,Islamabad,PK,13137731,6.99,µg/m³,100.0,6.993625044822693,6.993625044822693,6.993625044822693
2025-07-14 07:00:00+00:00,2025-07-14 08:00:00+00:00,Islamabad,PK,13137731,6.63,µg/m³,100.0,6.629833300908406,6.629833300908406,6.629833300908406
2025-07-14 08:00:00+00:00,2025-07-14 09:00:00+00:00,Islamabad,PK,13137731,7.65,µg/m³,100.0,7.648458282152812,7.648458282152812,7.648458282152812
2025-07-14 09:00:00+00:00,2025-07-14 10:00:00+00:00,Islamabad,PK,13137731,5.55,µg/m³,100.0,5.5493749777476,5.5493749777476,5.5493749777476
2025-07-14 10:00:00+00:00,2025-07-14 11:00:00+00:00,Islamabad,PK,13137731,5.48,µg/m³,100.0,5.480666637420654,5.480666637420654,5.480666637420654
2025-07-14 11:00:00+00:00,2025-07-14 12:00:00+00:00,Islamabad,PK,13137731,5.36,µg/m³,100.0,5.359166622161865,5.359166622161865,5.359166622161865
2025-07-14 12:00:00+00:00,2025-07-14 13:00:00+00:00,Islamabad,PK,13137731,6.38,µg/m³,100.0,6.376791636149089,6.376791636149089,6.376791636149089
2025-07-14 13:00:00+00:00,2025-07-14 14:00:00+00:00,Islamabad,PK,13137731,7.08,µg/m³,100.0,7.081958333651225,7.081958333651225,7.081958333651225
2025-07-14 14:00:00+00:00,2025-07-14 15:00:00+00:00,Islamabad,PK,13137731,7.81,µg/m³,100.0,7.81125005086263,7.81125005086263,7.81125005086263
2025-07-14 15:00:00+00:00,2025-07-14 16:00:00+00:00,Islamabad,PK,13137731,6.9,µg/m³,100.0,6.901958266894023,6.901958266894023,6.901958266894023
2025-07-14 16:00:00+00:00,2025-07-14 17:00:00+00:00,Islamabad,PK,13137731,6.62,µg/m³,100.0,6.624375065167745,6.624375065167745,6.624375065167745
2025-07-14 17:00:00+00:00,2025-07-14 18:00:00+00:00,Islamabad,PK,13137731,7.09,µg/m³,100.0,7.088750084241231,7.088750084241231,7.088750084241231
2025-07-14 18:00:00+00:00,2025-07-14 19:00:00+00:00,Islamabad,PK,13137731,7.24,µg/m³,100.0,7.243874986966451,7.243874986966451,7.243874986966451
2025-07-14 19:00:00+00:00,2025-07-14 20:00:00+00:00,Islamabad,PK,13137731,7.76,µg/m³,100.0,7.756583293279012,7.756583293279012,7.756583293279012
2025-07-14 20:00:00+00:00,2025-07-14 21:00:00+00:00,Islamabad,PK,13137731,8.33,µg/m³,100.0,8.333458264668783,8.333458264668783,8.333458264668783
2025-07-14 21:00:00+00:00,2025-07-14 22:00:00+00:00,Islamabad,PK,13137731,8.8,µg/m³,100.0,8.79716682434082,8.79716682434082,8.79716682434082
2025-07-14 22:00:00+00:00,2025-07-14 23:00:00+00:00,Islamabad,PK,13137731,8.13,µg/m³,100.0,8.13045827547709,8.13045827547709,8.13045827547709
2025-07-14 23:00:00+00:00,2025-07-15 00:00:00+00:00,Islamabad,PK,13137731,8.83,µg/m³,100.0,8.827500025431315,8.827500025431315,8.827500025431315
2025-07-15 00:00:00+00:00,2025-07-15 01:00:00+00:00,Islamabad,PK,13137731,8.66,µg/m³,100.0,8.65845819314321,8.65845819314321,8.65845819314321
2025-07-15 01:00:00+00:00,2025-07-15 02:00:00+00:00,Islamabad,PK,13137731,11.6,µg/m³,100.0,11.608874956766764,11.608874956766764,11.608874956766764
2025-07-15 02:00:00+00:00,2025-07-15 03:00:00+00:00,Islamabad,PK,13137731,8.89,µg/m³,100.0,8.893374959627787,8.893374959627787,8.893374959627787
2025-07-15 03:00:00+00:00,2025-07-15 04:00:00+00:00,Islamabad,PK,13137731,8.39,µg/m³,100.0,8.392750064531961,8.392750064531961,8.392750064531961
2025-07-15 04:00:00+00:00,2025-07-15 05:00:00+00:00,Islamabad,PK,13137731,7.31,µg/m³,100.0,7.307791630427043,7.307791630427043,7.307791630427043
2025-07-15 05:00:00+00:00,2025-07-15 06:00:00+00:00,Islamabad,PK,13137731,8.95,µg/m³,100.0,8.9490833679835,8.9490833679835,8.9490833679835
2025-07-15 06:00:00+00:00,2025-07-15 07:00:00+00:00,Islamabad,PK,13137731,8.67,µg/m³,100.0,8.672666827837626,8.672666827837626,8.672666827837626
2025-07-15 07:00:00+00:00,2025-07-15 08:00:00+00:00,Islamabad,PK,13137731,8.02,µg/m³,100.0,8.019458413124084,8.019458413124084,8.019458413124084
2025-07-15 08:00:00+00:00,2025-07-15 09:00:00+00:00,Islamabad,PK,13137731,7.65,µg/m³,100.0,7.651791572570801,7.651791572570801,7.651791572570801
2025-07-15 09:00:00+00:00,2025-07-15 10:00:00+00:00,Islamabad,PK,13137731,7.38,µg/m³,100.0,7.382541696230571,7.382541696230571,7.382541696230571
2025-07-15 10:00:00+00:00,2025-07-15 11:00:00+00:00,Islamabad,PK,13137731,8.13,µg/m³,100.0,8.129333337148031,8.129333337148031,8.129333337148031
2025-07-15 11:00:00+00:00,2025-07-15 12:00:00+00:00,Islamabad,PK,13137731,9.04,µg/m³,100.0,9.039166768391928,9.039166768391928,9.039166768391928
2025-07-15 12:00:00+00:00,2025-07-15 13:00:00+00:00,Islamabad,PK,13137731,10.1,µg/m³,100.0,10.115041732788086,10.115041732788086,10.115041732788086
2025-07-15 13:00:00+00:00,2025-07-15 14:00:00+00:00,Islamabad,PK,13137731,10.7,µg/m³,100.0,10.70941686630249,10.70941686630249,10.70941686630249
2025-07-15 14:00:00+00:00,2025-07-15 15:00:00+00:00,Islamabad,PK,13137731,12.9,µg/m³,100.0,12.911083380381266,12.911083380381266,12.911083380381266
2025-07-15 15:00:00+00:00,2025-07-15 16:00:00+00:00,Islamabad,PK,13137731,12.7,µg/m³,100.0,12.67466656366984,12.67466656366984,12.67466656366984
2025-07-15 16:00:00+00:00,2025-07-15 17:00:00+00:00,Islamabad,PK,13137731,13.4,µg/m³,100.0,13.423291683197021,13.423291683197021,13.423291683197021
2025-07-15 17:00:00+00:00,2025-07-15 18:00:00+00:00,Islamabad,PK,13137731,12.6,µg/m³,100.0,12.55216654141744,12.55216654141744,12.55216654141744
2025-07-15 18:00:00+00:00,2025-07-15 19:00:00+00:00,Islamabad,PK,13137731,12.0,µg/m³,100.0,11.969791571299234,11.969791571299234,11.969791571299234
2025-07-15 19:00:00+00:00,2025-07-15 20:00:00+00:00,Islamabad,PK,13137731,13.0,µg/m³,100.0,13.04870835940043,13.04870835940043,13.04870835940043
2025-07-15 20:00:00+00:00,2025-07-15 21:00:00+00:00,Islamabad,PK,13137731,13.6,µg/m³,100.0,13.609166701634726,13.609166701634726,13.609166701634726
2025-07-15 21:00:00+00:00,2025-07-15 22:00:00+00:00,Islamabad,PK,13137731,13.0,µg/m³,100.0,12.983291625976562,12.983291625976562,12.983291625976562
2025-07-15 22:00:00+00:00,2025-07-15 23:00:00+00:00,Islamabad,PK,13137731,11.7,µg/m³,100.0,11.690666675567627,11.690666675567627,11.690666675567627
2025-07-15 23:00:00+00:00,2025-07-16 00:00:00+00:00,Islamabad,PK,13137731,10.9,µg/m³,100.0,10.888416687647501,10.888416687647501,10.888416687647501
2025-07-16 00:00:00+00:00,2025-07-16 01:00:00+00:00,Islamabad,PK,13137731,12.4,µg/m³,100.0,12.394750118255615,12.394750118255615,12.394750118255615
2025-07-16 01:00:00+00:00,2025-07-16 02:00:00+00:00,Islamabad,PK,13137731,14.0,µg/m³,100.0,14.000166734059652,14.000166734059652,14.000166734059652
2025-07-16 02:00:00+00:00,2025-07-16 03:00:00+00:00,Islamabad,PK,13137731,13.5,µg/m³,100.0,13.466125090916952,13.466125090916952,13.466125090916952
2025-07-16 03:00:00+00:00,2025-07-16 04:00:00+00:00,Islamabad,PK,13137731,11.6,µg/m³,100.0,11.58383329709371,11.58383329709371,11.58383329709371
2025-07-16 04:00:00+00:00,2025-07-16 05:00:00+00:00,Islamabad,PK,13137731,11.0,µg/m³,100.0,10.98829174041748,10.98829174041748,10.98829174041748
2025-07-16 05:00:00+00:00,2025-07-16 06:00:00+00:00,Islamabad,PK,13137731,9.97,µg/m³,100.0,9.967749953269958,9.967749953269958,9.967749953269958
2025-07-16 06:00:00+00:00,2025-07-16 07:00:00+00:00,Islamabad,PK,13137731,13.4,µg/m³,100.0,13.438541809717814,13.438541809717814,13.438541809717814
2025-07-16 07:00:00+00:00,2025-07-16 08:00:00+00:00,Islamabad,PK,13137731,13.0,µg/m³,100.0,13.030625104904175,13.030625104904175,13.030625104904175
2025-07-16 08:00:00+00:00,2025-07-16 09:00:00+00:00,Islamabad,PK,13137731,12.4,µg/m³,100.0,12.396541674931845,12.396541674931845,12.396541674931845
2025-07-16 09:00:00+00:00,2025-07-16 10:00:00+00:00,Islamabad,PK,13137731,10.0,µg/m³,100.0,10.007458368937174,10.007458368937174,10.007458368937174
2025-07-16 10:00:00+00:00,2025-07-16 11:00:00+00:00,Islamabad,PK,13137731,10.0,µg/m³,100.0,10.013291637102762,10.013291637102762,10.013291637102762
2025-07-16 11:00:00+00:00,2025-07-16 12:00:00+00:00,Islamabad,PK,13137731,9.0,µg/m³,100.0,9.002708315849304,9.002708315849304,9.002708315849304
2025-07-16 12:00:00+00:00,2025-07-16 13:00:00+00:00,Islamabad,PK,13137731,8.47,µg/m³,100.0,8.465916673342386,8.465916673342386,8.465916673342386
2025-07-16 13:00:00+00:00,2025-07-16 14:00:00+00:00,Islamabad,PK,13137731,10.6,µg/m³,100.0,10.633708238601685,10.633708238601685,10.633708238601685
2025-07-16 14:00:00+00:00,2025-07-16 15:00:00+00:00,Islamabad,PK,13137731,12.7,µg/m³,100.0,12.670708497365316,12.670708497365316,12.670708497365316
2025-07-16 15:00:00+00:00,2025-07-16 16:00:00+00:00,Islamabad,PK,13137731,14.8,µg/m³,100.0,14.84416667620341,14.84416667620341,14.84416667620341
2025-07-16 16:00:00+00:00,2025-07-16 17:00:00+00:00,Islamabad,PK,13137731,16.7,µg/m³,100.0,16.726958354314167,16.726958354314167,16.726958354314167
2025-07-16 17:00:00+00:00,2025-07-16 18:00:00+00:00,Islamabad,PK,13137731,13.8,µg/m³,100.0,13.773208379745483,13.773208379745483,13.773208379745483
2025-07-16 18:00:00+00:00,2025-07-16 19:00:00+00:00,Islamabad,PK,13137731,14.3,µg/m³,100.0,14.314916769663492,14.314916769663492,14.314916769663492
2025-07-16 19:00:00+00:00,2025-07-16 20:00:00+00:00,Islamabad,PK,13137731,13.9,µg/m³,100.0,13.878583351771036,13.878583351771036,13.878583351771036
2025-07-16 20:00:00+00:00,2025-07-16 21:00:00+00:00,Islamabad,PK,13137731,13.9,µg/m³,100.0,13.945749998092651,13.945749998092651,13.945749998092651
2025-07-16 21:00:00+00:00,2025-07-16 22:00:00+00:00,Islamabad,PK,13137731,12.3,µg/m³,100.0,12.315333366394043,12.315333366394043,12.315333366394043
2025-07-16 22:00:00+00:00,2025-07-16 23:00:00+00:00,Islamabad,PK,13137731,12.2,µg/m³,100.0,12.226958354314169,12.226958354314169,12.226958354314169
2025-07-16 23:00:00+00:00,2025-07-17 00:00:00+00:00,Islamabad,PK,13137731,12.1,µg/m³,100.0,12.128374973932901,12.128374973932901,12.128374973932901
2025-07-17 00:00:00+00:00,2025-07-17 01:00:00+00:00,Islamabad,PK,13137731,11.7,µg/m³,100.0,11.732624848683676,11.732624848683676,11.732624848683676
2025-07-17 01:00:00+00:00,2025-07-17 02:00:00+00:00,Islamabad,PK,13137731,13.8,µg/m³,100.0,13.817708333333334,13.817708333333334,13.817708333333334
2025-07-17 02:00:00+00:00,2025-07-17 03:00:00+00:00,Islamabad,PK,13137731,12.0,µg/m³,100.0,12.046208302179972,12.046208302179972,12.046208302179972
2025-07-17 03:00:00+00:00,2025-07-17 04:00:00+00:00,Islamabad,PK,13137731,10.4,µg/m³,100.0,10.356375137964884,10.356375137964884,10.356375137964884
2025-07-17 04:00:00+00:00,2025-07-17 05:00:00+00:00,Islamabad,PK,13137731,9.03,µg/m³,100.0,9.028249979019165,9.028249979019165,9.028249979019165
2025-07-17 05:00:00+00:00,2025-07-17 06:00:00+00:00,Islamabad,PK,13137731,10.7,µg/m³,100.0,10.685791691144308,10.685791691144308,10.685791691144308
2025-07-17 06:00:00+00:00,2025-07-17 07:00:00+00:00,Islamabad,PK,13137731,11.5,µg/m³,100.0,11.479708433151245,11.479708433151245,11.479708433151245
2025-07-17 07:00:00+00:00,2025-07-17 08:00:00+00:00,Islamabad,PK,13137731,10.7,µg/m³,100.0,10.652624924977621,10.652624924977621,10.652624924977621
2025-07-17 08:00:00+00:00,2025-07-17 09:00:00+00:00,Islamabad,PK,13137731,9.53,µg/m³,100.0,9.526708364486694,9.526708364486694,9.526708364486694
2025-07-17 09:00:00+00:00,2025-07-17 10:00:00+00:00,Islamabad,PK,13137731,9.23,µg/m³,100.0,9.233791629473368,9.233791629473368,9.233791629473368
2025-07-17 10:00:00+00:00,2025-07-17 11:00:00+00:00,Islamabad,PK,13137731,9.09,µg/m³,100.0,9.087958415349325,9.087958415349325,9.087958415349325
2025-07-17 11:00:00+00:00,2025-07-17 12:00:00+00:00,Islamabad,PK,13137731,8.8,µg/m³,100.0,8.799000064531961,8.799000064531961,8.799000064531961
2025-07-17 12:00:00+00:00,2025-07-17 13:00:00+00:00,Islamabad,PK,13137731,8.39,µg/m³,100.0,8.388041496276855,8.388041496276855,8.388041496276855
2025-07-17 13:00:00+00:00,2025-07-17 14:00:00+00:00,Islamabad,PK,13137731,8.49,µg/m³,100.0,8.489083290100098,8.489083290100098,8.489083290100098
2025-07-17 14:00:00+00:00,2025-07-17 15:00:00+00:00,Islamabad,PK,13137731,10.4,µg/m³,100.0,10.410250027974447,10.410250027974447,10.410250027974447
2025-07-17 15:00:00+00:00,2025-07-17 16:00:00+00:00,Islamabad,PK,13137731,10.1,µg/m³,100.0,10.080166657765707,10.080166657765707,10.080166657765707
2025-07-17 16:00:00+00:00,2025-07-17 17:00:00+00:00,Islamabad,PK,13137731,9.06,µg/m³,100.0,9.05929179986318,9.05929179986318,9.05929179986318
2025-07-17 17:00:00+00:00,2025-07-17 18:00:00+00:00,Islamabad,PK,13137731,8.47,µg/m³,100.0,8.474041740099588,8.474041740099588,8.474041740099588
2025-07-17 18:00:00+00:00,2025-07-17 19:00:00+00:00,Islamabad,PK,13137731,9.36,µg/m³,100.0,9.364833315213522,9.364833315213522,9.364833315213522
2025-07-17 19:00:00+00:00,2025-07-17 20:00:00+00:00,Islamabad,PK,13137731,10.0,µg/m³,100.0,10.022749980290731,10.022749980290731,10.022749980290731
2025-07-17 20:00:00+00:00,2025-07-17 21:00:00+00:00,Islamabad,PK,13137731,13.3,µg/m³,100.0,13.28654177983602,13.28654177983602,13.28654177983602
2025-07-17 21:00:00+00:00,2025-07-17 22:00:00+00:00,Islamabad,PK,13137731,12.1,µg/m³,100.0,12.090916633605957,12.090916633605957,12.090916633605957
2025-07-17 22:00:00+00:00,2025-07-17 23:00:00+00:00,Islamabad,PK,13137731,14.5,µg/m³,100.0,14.54212506612142,14.54212506612142,14.54212506612142
2025-07-17 23:00:00+00:00,2025-07-18 00:00:00+00:00,Islamabad,PK,13137731,12.9,µg/m³,100.0,12.864208221435547,12.864208221435547,12.864208221435547
2025-07-18 00:00:00+00:00,2025-07-18 01:00:00+00:00,Islamabad,PK,13137731,9.36,µg/m³,100.0,9.363833347956339,9.363833347956339,9.363833347956339
2025-07-18 01:00:00+00:00,2025-07-18 02:00:00+00:00,Islamabad,PK,13137731,9.85,µg/m³,100.0,9.854666789372763,9.854666789372763,9.854666789372763
2025-07-18 02:00:00+00:00,2025-07-18 03:00:00+00:00,Islamabad,PK,13137731,10.2,µg/m³,100.0,10.229416608810425,10.229416608810425,10.229416608810425
2025-07-18 03:00:00+00:00,2025-07-18 04:00:00+00:00,Islamabad,PK,13137731,7.97,µg/m³,100.0,7.967708349227905,7.967708349227905,7.967708349227905
2025-07-18 04:00:00+00:00,2025-07-18 05:00:00+00:00,Islamabad,PK,13137731,7.54,µg/m³,100.0,7.541958292325337,7.541958292325337,7.541958292325337
2025-07-18 05:00:00+00:00,2025-07-18 06:00:00+00:00,Islamabad,PK,13137731,6.73,µg/m³,100.0,6.733416755994161,6.733416755994161,6.733416755994161
2025-07-18 06:00:00+00:00,2025-07-18 07:00:00+00:00,Islamabad,PK,13137731,7.25,µg/m³,100.0,7.247749964396159,7.247749964396159,7.247749964396159
2025-07-18 07:00:00+00:00,2025-07-18 08:00:00+00:00,Islamabad,PK,13137731,10.3,µg/m³,100.0,10.26966655254364,10.26966655254364,10.26966655254364
2025-07-18 08:00:00+00:00,2025-07-18 09:00:00+00:00,Islamabad,PK,13137731,7.09,µg/m³,100.0,7.092708309491475,7.092708309491475,7.092708309491475
2025-07-18 09:00:00+00:00,2025-07-18 10:00:00+00:00,Islamabad,PK,13137731,6.79,µg/m³,100.0,6.785416642824809,6.785416642824809,6.785416642824809
2025-07-18 10:00:00+00:00,2025-07-18 11:00:00+00:00,Islamabad,PK,13137731,6.42,µg/m³,100.0,6.4237916469573975,6.4237916469573975,6.4237916469573975
2025-07-18 11:00:00+00:00,2025-07-18 12:00:00+00:00,Islamabad,PK,13137731,6.99,µg/m³,100.0,6.989083329836528,6.989083329836528,6.989083329836528
2025-07-18 12:00:00+00:00,2025-07-18 13:00:00+00:00,Islamabad,PK,13137731,7.49,µg/m³,100.0,7.4913333257039385,7.4913333257039385,7.4913333257039385
2025-07-18 13:00:00+00:00,2025-07-18 14:00:00+00:00,Islamabad,PK,13137731,7.87,µg/m³,100.0,7.8707083861033125,7.8707083861033125,7.8707083861033125
2025-07-18 14:00:00+00:00,2025-07-18 15:00:00+00:00,Islamabad,PK,13137731,8.67,µg/m³,100.0,8.666708389918009,8.666708389918009,8.666708389918009
2025-07-18 15:00:00+00:00,2025-07-18 16:00:00+00:00,Islamabad,PK,13137731,8.92,µg/m³,100.0,8.916249990463257,8.916249990463257,8.916249990463257
2025-07-18 16:00:00+00:00,2025-07-18 17:00:00+00:00,Islamabad,PK,13137731,9.19,µg/m³,100.0,9.193166693051657,9.193166693051657,9.193166693051657
2025-07-18 17:00:00+00:00,2025-07-18 18:00:00+00:00,Islamabad,PK,13137731,8.08,µg/m³,100.0,8.081250031789144,8.081250031789144,8.081250031789144
2025-07-18 18:00:00+00:00,2025-07-18 19:00:00+00:00,Islamabad,PK,13137731,8.78,µg/m³,100.0,8.775291760762533,8.775291760762533,8.775291760762533
2025-07-18 19:00:00+00:00,2025-07-18 20:00:00+00:00,Islamabad,PK,13137731,8.89,µg/m³,100.0,8.88866682847341,8.88866682847341,8.88866682847341
2025-07-18 20:00:00+00:00,2025-07-18 21:00:00+00:00,Islamabad,PK,13137731,9.54,µg/m³,100.0,9.535500009854635,9.535500009854635,9.535500009854635
2025-07-18 21:00:00+00:00,2025-07-18 22:00:00+00:00,Islamabad,PK,13137731,9.96,µg/m³,100.0,9.959375063578287,9.959375063578287,9.959375063578287
2025-07-18 22:00:00+00:00,2025-07-18 23:00:00+00:00,Islamabad,PK,13137731,9.99,µg/m³,100.0,9.985333363215128,9.985333363215128,9.985333363215128
2025-07-18 23:00:00+00:00,2025-07-19 00:00:00+00:00,Islamabad,PK,13137731,10.1,µg/m³,100.0,10.146874984105429,10.146874984105429,10.146874984105429
2025-07-19 00:00:00+00:00,2025-07-19 01:00:00+00:00,Islamabad,PK,13137731,10.1,µg/m³,100.0,10.096749862035116,10.096749862035116,10.096749862035116
2025-07-19 01:00:00+00:00,2025-07-19 02:00:00+00:00,Islamabad,PK,13137731,11.5,µg/m³,100.0,11.492124954859415,11.492124954859415,11.492124954859415
2025-07-19 02:00:00+00:00,2025-07-19 03:00:00+00:00,Islamabad,PK,13137731,12.2,µg/m³,100.0,12.199958403905233,12.199958403905233,12.199958403905233
2025-07-19 03:00:00+00:00,2025-07-19 04:00:00+00:00,Islamabad,PK,13137731,11.4,µg/m³,100.0,11.399749994277954,11.399749994277954,11.399749994277954
2025-07-19 04:00:00+00:00,2025-07-19 05:00:00+00:00,Islamabad,PK,13137731,11.0,µg/m³,100.0,10.95674991607666,10.95674991607666,10.95674991607666
2025-07-19 05:00:00+00:00,2025-07-19 06:00:00+00:00,Islamabad,PK,13137731,11.1,µg/m³,100.0,11.138375043869019,11.138375043869019,11.138375043869019
2025-07-19 06:00:00+00:00,2025-07-19 07:00:00+00:00,Islamabad,PK,13137731,11.3,µg/m³,100.0,11.25112501780192,11.25112501780192,11.25112501780192
2025-07-19 07:00:00+00:00,2025-07-19 08:00:00+00:00,Islamabad,PK,13137731,12.9,µg/m³,100.0,12.906083265940348,12.906083265940348,12.906083265940348
2025-07-19 08:00:00+00:00,2025-07-19 09:00:00+00:00,Islamabad,PK,13137731,9.39,µg/m³,100.0,9.390583395957947,9.390583395957947,9.390583395957947
2025-07-19 09:00:00+00:00,2025-07-19 10:00:00+00:00,Islamabad,PK,13137731,11.1,µg/m³,100.0,11.076759232415093,11.076759232415093,11.076759232415093
2025-07-19 10:00:00+00:00,2025-07-19 11:00:00+00:00,Islamabad,PK,13137731,11.6,µg/m³,100.0,11.639249960581461,11.639249960581461,11.639249960581461
2025-07-19 11:00:00+00:00,2025-07-19 12:00:00+00:00,Islamabad,PK,13137731,12.3,µg/m³,100.0,12.308666706085205,12.308666706085205,12.308666706085205
2025-07-19 12:00:00+00:00,2025-07-19 13:00:00+00:00,Islamabad,PK,13137731,13.2,µg/m³,100.0,13.235166788101196,13.235166788101196,13.235166788101196
2025-07-19 13:00:00+00:00,2025-07-19 14:00:00+00:00,Islamabad,PK,13137731,17.0,µg/m³,100.0,16.97966678937276,16.97966678937276,16.97966678937276
2025-07-19 14:00:00+00:00,2025-07-19 15:00:00+00:00,Islamabad,PK,13137731,16.9,µg/m³,100.0,16.910125255584717,16.910125255584717,16.910125255584717
2025-07-19 15:00:00+00:00,2025-07-19 16:00:00+00:00,Islamabad,PK,13137731,16.3,µg/m³,100.0,16.260125001271565,16.260125001271565,16.260125001271565
2025-07-19 16:00:00+00:00,2025-07-19 17:00:00+00:00,Islamabad,PK,13137731,16.7,µg/m³,100.0,16.65570815404256,16.65570815404256,16.65570815404256
2025-07-19 17:00:00+00:00,2025-07-19 18:00:00+00:00,Islamabad,PK,13137731,17.2,µg/m³,100.0,17.183375199635822,17.183375199635822,17.183375199635822
2025-07-19 18:00:00+00:00,2025-07-19 19:00:00+00:00,Islamabad,PK,13137731,17.0,µg/m³,100.0,17.025458335876465,17.025458335876465,17.025458335876465
2025-07-19 19:00:00+00:00,2025-07-19 20:00:00+00:00,Islamabad,PK,13137731,18.5,µg/m³,100.0,18.464249928792317,18.464249928792317,18.464249928792317
2025-07-19 20:00:00+00:00,2025-07-19 21:00:00+00:00,Islamabad,PK,13137731,17.9,µg/m³,100.0,17.912874857584637,17.912874857584637,17.912874857584637
2025-07-19 21:00:00+00:00,2025-07-19 22:00:00+00:00,Islamabad,PK,13137731,18.5,µg/m³,100.0,18.541833241780598,18.541833241780598,18.541833241780598
2025-07-19 22:00:00+00:00,2025-07-19 23:00:00+00:00,Islamabad,PK,13137731,18.3,µg/m³,100.0,18.334041595458984,18.334041595458984,18.334041595458984
2025-07-19 23:00:00+00:00,2025-07-20 00:00:00+00:00,Islamabad,PK,13137731,17.8,µg/m³,100.0,17.79854162534078,17.79854162534078,17.79854162534078
2025-07-20 00:00:00+00:00,2025-07-20 01:00:00+00:00,Islamabad,PK,13137731,18.9,µg/m³,100.0,18.930416742960613,18.930416742960613,18.930416742960613
2025-07-20 01:00:00+00:00,2025-07-20 02:00:00+00:00,Islamabad,PK,13137731,18.4,µg/m³,100.0,18.37533362706502,18.37533362706502,18.37533362706502
2025-07-20 02:00:00+00:00,2025-07-20 03:00:00+00:00,Islamabad,PK,13137731,18.1,µg/m³,100.0,18.0892497698466,18.0892497698466,18.0892497698466
2025-07-20 03:00:00+00:00,2025-07-20 04:00:00+00:00,Islamabad,PK,13137731,20.3,µg/m³,100.0,20.26504151026408,20.26504151026408,20.26504151026408
2025-07-20 04:00:00+00:00,2025-07-20 05:00:00+00:00,Islamabad,PK,13137731,21.7,µg/m³,100.0,21.749291737874348,21.749291737874348,21.749291737874348
2025-07-20 05:00:00+00:00,2025-07-20 06:00:00+00:00,Islamabad,PK,13137731,15.8,µg/m³,100.0,15.849999984105429,15.849999984105429,15.849999984105429
2025-07-20 06:00:00+00:00,2025-07-20 07:00:00+00:00,Islamabad,PK,13137731,14.5,µg/m³,100.0,14.484166701634726,14.484166701634726,14.484166701634726
2025-07-20 07:00:00+00:00,2025-07-20 08:00:00+00:00,Islamabad,PK,13137731,12.8,µg/m³,100.0,12.837541659673056,12.837541659673056,12.837541659673056
2025-07-20 08:00:00+00:00,2025-07-20 09:00:00+00:00,Islamabad,PK,13137731,13.0,µg/m³,100.0,12.974666754404703,12.974666754404703,12.974666754404703
2025-07-20 09:00:00+00:00,2025-07-20 10:00:00+00:00,Islamabad,PK,13137731,11.8,µg/m³,100.0,11.846166610717773,11.846166610717773,11.846166610717773
2025-07-20 10:00:00+00:00,2025-07-20 11:00:00+00:00,Islamabad,PK,13137731,10.2,µg/m³,100.0,10.179583231608072,10.179583231608072,10.179583231608072
2025-07-20 11:00:00+00:00,2025-07-20 12:00:00+00:00,Islamabad,PK,13137731,11.6,µg/m³,100.0,11.647624969482422,11.647624969482422,11.647624969482422
2025-07-20 12:00:00+00:00,2025-07-20 13:00:00+00:00,Islamabad,PK,13137731,12.3,µg/m³,100.0,12.255666653315226,12.255666653315226,12.255666653315226
2025-07-20 13:00:00+00:00,2025-07-20 14:00:00+00:00,Islamabad,PK,13137731,13.8,µg/m³,100.0,13.837083419164022,13.837083419164022,13.837083419164022
2025-07-20 14:00:00+00:00,2025-07-20 15:00:00+00:00,Islamabad,PK,13137731,16.4,µg/m³,100.0,16.35466678937276,16.35466678937276,16.35466678937276
2025-07-20 15:00:00+00:00,2025-07-20 16:00:00+00:00,Islamabad,PK,13137731,19.6,µg/m³,100.0,19.588499863942463,19.588499863942463,19.588499863942463
2025-07-20 16:00:00+00:00,2025-07-20 17:00:00+00:00,Islamabad,PK,13137731,18.4,µg/m³,100.0,18.380125125249226,18.380125125249226,18.380125125249226
2025-07-20 17:00:00+00:00,2025-07-20 18:00:00+00:00,Islamabad,PK,13137731,13.1,µg/m³,100.0,13.06833322842916,13.06833322842916,13.06833322842916
2025-07-20 18:00:00+00:00,2025-07-20 19:00:00+00:00,Islamabad,PK,13137731,9.18,µg/m³,100.0,9.184375007947287,9.184375007947287,9.184375007947287
2025-07-20 19:00:00+00:00,2025-07-20 20:00:00+00:00,Islamabad,PK,13137731,11.4,µg/m³,100.0,11.436833222707113,11.436833222707113,11.436833222707113
2025-07-20 20:00:00+00:00,2025-07-20 21:00:00+00:00,Islamabad,PK,13137731,12.8,µg/m³,100.0,12.79408343633016,12.79408343633016,12.79408343633016
2025-07-20 21:00:00+00:00,2025-07-20 22:00:00+00:00,Islamabad,PK,13137731,13.0,µg/m³,100.0,13.013375043869019,13.013375043869019,13.013375043869019
2025-07-20 22:00:00+00:00,2025-07-20 23:00:00+00:00,Islamabad,PK,13137731,15.5,µg/m³,100.0,15.466750224431356,15.466750224431356,15.466750224431356
2025-07-20 23:00:00+00:00,2025-07-21 00:00:00+00:00,Islamabad,PK,13137731,17.0,µg/m³,100.0,17.009958505630493,17.009958505630493,17.009958505630493
2025-07-21 00:00:00+00:00,2025-07-21 01:00:00+00:00,Islamabad,PK,13137731,17.5,µg/m³,100.0,17.5097500483195,17.5097500483195,17.5097500483195
2025-07-21 01:00:00+00:00,2025-07-21 02:00:00+00:00,Islamabad,PK,13137731,19.5,µg/m³,100.0,19.47308333714803,19.47308333714803,19.47308333714803
2025-07-21 02:00:00+00:00,2025-07-21 03:00:00+00:00,Islamabad,PK,13137731,19.5,µg/m³,100.0,19.50779151916504,19.50779151916504,19.50779151916504
2025-07-21 03:00:00+00:00,2025-07-21 04:00:00+00:00,Islamabad,PK,13137731,19.2,µg/m³,100.0,19.167333285013836,19.167333285013836,19.167333285013836
2025-07-21 04:00:00+00:00,2025-07-21 05:00:00+00:00,Islamabad,PK,13137731,18.0,µg/m³,100.0,18.012624899546307,18.012624899546307,18.012624899546307
2025-07-21 05:00:00+00:00,2025-07-21 06:00:00+00:00,Islamabad,PK,13137731,17.9,µg/m³,100.0,17.863041798273724,17.863041798273724,17.863041798273724
2025-07-21 06:00:00+00:00,2025-07-21 07:00:00+00:00,Islamabad,PK,13137731,17.0,µg/m³,100.0,16.99941658973694,16.99941658973694,16.99941658973694
2025-07-21 07:00:00+00:00,2025-07-21 08:00:00+00:00,Islamabad,PK,13137731,19.1,µg/m³,100.0,19.10991684595744,19.10991684595744,19.10991684595744
2025-07-21 08:00:00+00:00,2025-07-21 09:00:00+00:00,Islamabad,PK,13137731,22.4,µg/m³,100.0,22.365583260854084,22.365583260854084,22.365583260854084
2025-07-21 09:00:00+00:00,2025-07-21 10:00:00+00:00,Islamabad,PK,13137731,19.8,µg/m³,100.0,19.775041739145916,19.775041739145916,19.775041739145916
2025-07-21 10:00:00+00:00,2025-07-21 11:00:00+00:00,Islamabad,PK,13137731,18.5,µg/m³,100.0,18.454125086466473,18.454125086466473,18.454125086466473
2025-07-21 11:00:00+00:00,2025-07-21 12:00:00+00:00,Islamabad,PK,13137731,18.7,µg/m³,100.0,18.67050011952718,18.67050011952718,18.67050011952718
2025-07-21 12:00:00+00:00,2025-07-21 13:00:00+00:00,Islamabad,PK,13137731,19.2,µg/m³,100.0,19.17504135767619,19.17504135767619,19.17504135767619
2025-07-21 13:00:00+00:00,2025-07-21 14:00:00+00:00,Islamabad,PK,13137731,21.0,µg/m³,100.0,20.991000016530354,20.991000016530354,20.991000016530354
2025-07-21 14:00:00+00:00,2025-07-21 15:00:00+00:00,Islamabad,PK,13137731,21.7,µg/m³,100.0,21.700541973114014,21.700541973114014,21.700541973114014
2025-07-21 15:00:00+00:00,2025-07-21 16:00:00+00:00,Islamabad,PK,13137731,22.8,µg/m³,100.0,22.7597500483195,22.7597500483195,22.7597500483195
2025-07-21 16:00:00+00:00,2025-07-21 17:00:00+00:00,Islamabad,PK,13137731,23.1,µg/m³,100.0,23.109999974568684,23.109999974568684,23.109999974568684
2025-07-21 17:00:00+00:00,2025-07-21 18:00:00+00:00,Islamabad,PK,13137731,21.4,µg/m³,100.0,21.42899990081787,21.42899990081787,21.42899990081787
2025-07-21 18:00:00+00:00,2025-07-21 19:00:00+00:00,Islamabad,PK,13137731,20.8,µg/m³,100.0,20.832208315531414,20.832208315531414,20.832208315531414
2025-07-21 19:00:00+00:00,2025-07-21 20:00:00+00:00,Islamabad,PK,13137731,20.2,µg/m³,100.0,20.181125005086262,20.181125005086262,20.181125005086262
2025-07-21 20:00:00+00:00,2025-07-21 21:00:00+00:00,Islamabad,PK,13137731,19.4,µg/m³,100.0,19.3537499109904,19.3537499109904,19.3537499109904
2025-07-21 21:00:00+00:00,2025-07-21 22:00:00+00:00,Islamabad,PK,13137731,18.7,µg/m³,100.0,18.745999813079834,18.745999813079834,18.745999813079834
2025-07-21 22:00:00+00:00,2025-07-21 23:00:00+00:00,Islamabad,PK,13137731,18.0,µg/m³,100.0,18.031875133514404,18.031875133514404,18.031875133514404
2025-07-21 23:00:00+00:00,2025-07-22 00:00:00+00:00,Islamabad,PK,13137731,18.3,µg/m³,100.0,18.286333243052166,18.286333243052166,18.286333243052166
2025-07-22 00:00:00+00:00,2025-07-22 01:00:00+00:00,Islamabad,PK,13137731,18.8,µg/m³,100.0,18.789541880289715,18.789541880289715,18.789541880289715
2025-07-22 01:00:00+00:00,2025-07-22 02:00:00+00:00,Islamabad,PK,13137731,20.0,µg/m³,100.0,19.99066686630249,19.99066686630249,19.99066686630249
2025-07-22 02:00:00+00:00,2025-07-22 03:00:00+00:00,Islamabad,PK,13137731,18.7,µg/m³,100.0,18.682874997456867,18.682874997456867,18.682874997456867
2025-07-22 03:00:00+00:00,2025-07-22 04:00:00+00:00,Islamabad,PK,13137731,17.4,µg/m³,100.0,17.442041794459026,17.442041794459026,17.442041794459026
2025-07-22 04:00:00+00:00,2025-07-22 05:00:00+00:00,Islamabad,PK,13137731,15.9,µg/m³,100.0,15.947291612625122,15.947291612625122,15.947291612625122
2025-07-22 05:00:00+00:00,2025-07-22 06:00:00+00:00,Islamabad,PK,13137731,14.6,µg/m³,100.0,14.596083243687948,14.596083243687948,14.596083243687948
2025-07-22 06:00:00+00:00,2025-07-22 07:00:00+00:00,Islamabad,PK,13137731,21.6,µg/m³,100.0,21.604749997456867,21.604749997456867,21.604749997456867
2025-07-22 07:00:00+00:00,2025-07-22 08:00:00+00:00,Islamabad,PK,13137731,45.1,µg/m³,100.0,45.088082790374756,45.088082790374756,45.088082790374756
2025-07-22 08:00:00+00:00,2025-07-22 09:00:00+00:00,Islamabad,PK,13137731,15.9,µg/m³,100.0,15.868833382924398,15.868833382924398,15.868833382924398
2025-07-22 09:00:00+00:00,2025-07-22 10:00:00+00:00,Islamabad,PK,13137731,15.6,µg/m³,100.0,15.56654175122579,15.56654175122579,15.56654175122579
2025-07-22 10:00:00+00:00,2025-07-22 11:00:00+00:00,Islamabad,PK,13137731,10.7,µg/m³,100.0,10.680791536966959,10.680791536966959,10.680791536966959
2025-07-22 11:00:00+00:00,2025-07-22 12:00:00+00:00,Islamabad,PK,13137731,11.0,µg/m³,100.0,11.042208353678385,11.042208353678385,11.042208353678385
2025-07-22 12:00:00+00:00,2025-07-22 13:00:00+00:00,Islamabad,PK,13137731,11.8,µg/m³,100.0,11.795541683832804,11.795541683832804,11.795541683832804
2025-07-22 13:00:00+00:00,2025-07-22 14:00:00+00:00,Islamabad,PK,13137731,13.4,µg/m³,100.0,13.376749912897745,13.376749912897745,13.376749912897745
2025-07-22 14:00:00+00:00,2025-07-22 15:00:00+00:00,Islamabad,PK,13137731,15.6,µg/m³,100.0,15.579249858856201,15.579249858856201,15.579249858856201
2025-07-22 15:00:00+00:00,2025-07-22 16:00:00+00:00,Islamabad,PK,13137731,15.9,µg/m³,100.0,15.886916478474935,15.886916478474935,15.886916478474935
2025-07-22 16:00:00+00:00,2025-07-22 17:00:00+00:00,Islamabad,PK,13137731,14.7,µg/m³,100.0,14.717833280563354,14.717833280563354,14.717833280563354
2025-07-22 17:00:00+00:00,2025-07-22 18:00:00+00:00,Islamabad,PK,13137731,15.9,µg/m³,100.0,15.917916615804037,15.917916615804037,15.917916615804037
2025-07-22 18:00:00+00:00,2025-07-22 19:00:00+00:00,Islamabad,PK,13137731,12.4,µg/m³,100.0,12.449833313624064,12.449833313624064,12.449833313624064
2025-07-22 19:00:00+00:00,2025-07-22 20:00:00+00:00,Islamabad,PK,13137731,11.1,µg/m³,100.0,11.132124980290731,11.132124980290731,11.132124980290731
2025-07-22 20:00:00+00:00,2025-07-22 21:00:00+00:00,Islamabad,PK,13137731,9.46,µg/m³,100.0,9.461666703224182,9.461666703224182,9.461666703224182
2025-07-22 21:00:00+00:00,2025-07-22 22:00:00+00:00,Islamabad,PK,13137731,8.47,µg/m³,100.0,8.473708271980286,8.473708271980286,8.473708271980286
2025-07-22 22:00:00+00:00,2025-07-22 23:00:00+00:00,Islamabad,PK,13137731,7.11,µg/m³,100.0,7.107083400090535,7.107083400090535,7.107083400090535
2025-07-22 23:00:00+00:00,2025-07-23 00:00:00+00:00,Islamabad,PK,13137731,6.2,µg/m³,100.0,6.200083335240682,6.200083335240682,6.200083335240682
2025-07-23 00:00:00+00:00,2025-07-23 01:00:00+00:00,Islamabad,PK,13137731,6.01,µg/m³,100.0,6.013083338737488,6.013083338737488,6.013083338737488
2025-07-23 01:00:00+00:00,2025-07-23 02:00:00+00:00,Islamabad,PK,13137731,6.7,µg/m³,100.0,6.695499936739604,6.695499936739604,6.695499936739604
2025-07-23 02:00:00+00:00,2025-07-23 03:00:00+00:00,Islamabad,PK,13137731,7.01,µg/m³,100.0,7.008000016212463,7.008000016212463,7.008000016212463
2025-07-23 03:00:00+00:00,2025-07-23 04:00:00+00:00,Islamabad,PK,13137731,6.6,µg/m³,100.0,6.595750013987224,6.595750013987224,6.595750013987224
2025-07-23 04:00:00+00:00,2025-07-23 05:00:00+00:00,Islamabad,PK,13137731,7.9,µg/m³,100.0,7.904541532198588,7.904541532198588,7.904541532198588
2025-07-23 05:00:00+00:00,2025-07-23 06:00:00+00:00,Islamabad,PK,13137731,7.22,µg/m³,100.0,7.222166697184245,7.222166697184245,7.222166697184245
2025-07-23 06:00:00+00:00,2025-07-23 07:00:00+00:00,Islamabad,PK,13137731,9.68,µg/m³,100.0,9.676500002543131,9.676500002543131,9.676500002543131
2025-07-23 07:00:00+00:00,2025-07-23 08:00:00+00:00,Islamabad,PK,13137731,7.7,µg/m³,100.0,7.696624994277954,7.696624994277954,7.696624994277954
2025-07-23 08:00:00+00:00,2025-07-23 09:00:00+00:00,Islamabad,PK,13137731,8.47,µg/m³,100.0,8.466083486874899,8.466083486874899,8.466083486874899
2025-07-23 09:00:00+00:00,2025-07-23 10:00:00+00:00,Islamabad,PK,13137731,8.25,µg/m³,100.0,8.245625058809916,8.245625058809916,8.245625058809916
2025-07-23 10:00:00+00:00,2025-07-23 11:00:00+00:00,Islamabad,PK,13137731,7.13,µg/m³,100.0,7.126541654268901,7.126541654268901,7.126541654268901
2025-07-23 11:00:00+00:00,2025-07-23 12:00:00+00:00,Islamabad,PK,13137731,5.32,µg/m³,100.0,5.31641670068105,5.31641670068105,5.31641670068105
2025-07-23 12:00:00+00:00,2025-07-23 13:00:00+00:00,Islamabad,PK,13137731,6.05,µg/m³,100.0,6.0535833438237505,6.0535833438237505,6.0535833438237505
2025-07-23 13:00:00+00:00,2025-07-23 14:00:00+00:00,Islamabad,PK,13137731,7.66,µg/m³,100.0,7.65791658560435,7.65791658560435,7.65791658560435
2025-07-23 14:00:00+00:00,2025-07-23 15:00:00+00:00,Islamabad,PK,13137731,6.27,µg/m³,100.0,6.271125038464864,6.271125038464864,6.271125038464864
2025-07-23 15:00:00+00:00,2025-07-23 16:00:00+00:00,Islamabad,PK,13137731,8.01,µg/m³,100.0,8.007833282152811,8.007833282152811,8.007833282152811
2025-07-23 16:00:00+00:00,2025-07-23 17:00:00+00:00,Islamabad,PK,13137731,8.17,µg/m³,100.0,8.173208355903625,8.173208355903625,8.173208355903625
2025-07-23 17:00:00+00:00,2025-07-23 18:00:00+00:00,Islamabad,PK,13137731,8.05,µg/m³,100.0,8.053458293279013,8.053458293279013,8.053458293279013
2025-07-23 18:00:00+00:00,2025-07-23 19:00:00+00:00,Islamabad,PK,13137731,8.58,µg/m³,100.0,8.575083454449972,8.575083454449972,8.575083454449972
2025-07-23 19:00:00+00:00,2025-07-23 20:00:00+00:00,Islamabad,PK,13137731,7.98,µg/m³,100.0,7.984708388646443,7.984708388646443,7.984708388646443
2025-07-23 20:00:00+00:00,2025-07-23 21:00:00+00:00,Islamabad,PK,13137731,7.71,µg/m³,100.0,7.713125030199687,7.713125030199687,7.713125030199687
2025-07-23 21:00:00+00:00,2025-07-23 22:00:00+00:00,Islamabad,PK,13137731,7.44,µg/m³,100.0,7.437666694323222,7.437666694323222,7.437666694323222
2025-07-23 22:00:00+00:00,2025-07-23 23:00:00+00:00,Islamabad,PK,13137731,6.7,µg/m³,100.0,6.698125004768372,6.698125004768372,6.698125004768372
2025-07-23 23:00:00+00:00,2025-07-24 00:00:00+00:00,Islamabad,PK,13137731,5.79,µg/m³,100.0,5.792500019073486,5.792500019073486,5.792500019073486
2025-07-24 00:00:00+00:00,2025-07-24 01:00:00+00:00,Islamabad,PK,13137731,6.88,µg/m³,100.0,6.882791678110759,6.882791678110759,6.882791678110759
2025-07-24 01:00:00+00:00,2025-07-24 02:00:00+00:00,Islamabad,PK,13137731,8.23,µg/m³,100.0,8.230250080426535,8.230250080426535,8.230250080426535
2025-07-24 02:00:00+00:00,2025-07-24 03:00:00+00:00,Islamabad,PK,13137731,6.04,µg/m³,100.0,6.040249943733215,6.040249943733215,6.040249943733215
2025-07-24 03:00:00+00:00,2025-07-24 04:00:00+00:00,Islamabad,PK,13137731,6.0,µg/m³,100.0,6.003250042597453,6.003250042597453,6.003250042597453
2025-07-24 04:00:00+00:00,2025-07-24 05:00:00+00:00,Islamabad,PK,13137731,6.78,µg/m³,100.0,6.775916616121928,6.775916616121928,6.775916616121928
2025-07-24 05:00:00+00:00,2025-07-24 06:00:00+00:00,Islamabad,PK,13137731,7.32,µg/m³,100.0,7.31541661421458,7.31541661421458,7.31541661421458
2025-07-24 06:00:00+00:00,2025-07-24 07:00:00+00:00,Islamabad,PK,13137731,6.56,µg/m³,100.0,6.556249976158142,6.556249976158142,6.556249976158142
2025-07-24 07:00:00+00:00,2025-07-24 08:00:00+00:00,Islamabad,PK,13137731,7.7,µg/m³,100.0,7.704190390450614,7.704190390450614,7.704190390450614
2025-07-24 08:00:00+00:00,2025-07-24 09:00:00+00:00,Islamabad,PK,13137731,8.97,µg/m³,100.0,8.971375107765198,8.971375107765198,8.971375107765198
2025-07-24 09:00:00+00:00,2025-07-24 10:00:00+00:00,Islamabad,PK,13137731,7.14,µg/m³,100.0,7.137166619300842,7.137166619300842,7.137166619300842
2025-07-24 10:00:00+00:00,2025-07-24 11:00:00+00:00,Islamabad,PK,13137731,6.88,µg/m³,100.0,6.883624990781148,6.883624990781148,6.883624990781148
2025-07-24 11:00:00+00:00,2025-07-24 12:00:00+00:00,Islamabad,PK,13137731,8.3,µg/m³,100.0,8.303874929745993,8.303874929745993,8.303874929745993
2025-07-24 12:00:00+00:00,2025-07-24 13:00:00+00:00,Islamabad,PK,13137731,10.9,µg/m³,100.0,10.90654174486796,10.90654174486796,10.90654174486796
2025-07-24 13:00:00+00:00,2025-07-24 14:00:00+00:00,Islamabad,PK,13137731,15.3,µg/m³,100.0,15.315416812896729,15.315416812896729,15.315416812896729
2025-07-24 14:00:00+00:00,2025-07-24 15:00:00+00:00,Islamabad,PK,13137731,17.5,µg/m³,100.0,17.486666361490887,17.486666361490887,17.486666361490887
2025-07-24 15:00:00+00:00,2025-07-24 16:00:00+00:00,Islamabad,PK,13137731,17.3,µg/m³,100.0,17.297792037328083,17.297792037328083,17.297792037328083
2025-07-24 16:00:00+00:00,2025-07-24 17:00:00+00:00,Islamabad,PK,13137731,16.3,µg/m³,100.0,16.327666521072388,16.327666521072388,16.327666521072388
2025-07-24 17:00:00+00:00,2025-07-24 18:00:00+00:00,Islamabad,PK,13137731,15.6,µg/m³,100.0,15.60645834604899,15.60645834604899,15.60645834604899
2025-07-24 18:00:00+00:00,2025-07-24 19:00:00+00:00,Islamabad,PK,13137731,16.3,µg/m³,100.0,16.258041779200237,16.258041779200237,16.258041779200237
2025-07-24 19:00:00+00:00,2025-07-24 20:00:00+00:00,Islamabad,PK,13137731,15.6,µg/m³,100.0,15.587624867757162,15.587624867757162,15.587624867757162
2025-07-24 20:00:00+00:00,2025-07-24 21:00:00+00:00,Islamabad,PK,13137731,15.3,µg/m³,100.0,15.250625054041544,15.250625054041544,15.250625054041544
2025-07-24 21:00:00+00:00,2025-07-24 22:00:00+00:00,Islamabad,PK,13137731,15.1,µg/m³,100.0,15.084708293279013,15.084708293279013,15.084708293279013
2025-07-24 22:00:00+00:00,2025-07-24 23:00:00+00:00,Islamabad,PK,13137731,14.9,µg/m³,100.0,14.949416716893515,14.949416716893515,14.949416716893515
2025-07-24 23:00:00+00:00,2025-07-25 00:00:00+00:00,Islamabad,PK,13137731,13.9,µg/m³,100.0,13.854791641235352,13.854791641235352,13.854791641235352
2025-07-25 00:00:00+00:00,2025-07-25 01:00:00+00:00,Islamabad,PK,13137731,12.9,µg/m³,100.0,12.8515415986379,12.8515415986379,12.8515415986379
2025-07-25 01:00:00+00:00,2025-07-25 02:00:00+00:00,Islamabad,PK,13137731,12.4,µg/m³,100.0,12.448208332061768,12.448208332061768,12.448208332061768
2025-07-25 02:00:00+00:00,2025-07-25 03:00:00+00:00,Islamabad,PK,13137731,11.8,µg/m³,100.0,11.84250005086263,11.84250005086263,11.84250005086263
2025-07-25 03:00:00+00:00,2025-07-25 04:00:00+00:00,Islamabad,PK,13137731,13.9,µg/m³,100.0,13.870625098546347,13.870625098546347,13.870625098546347
2025-07-25 04:00:00+00:00,2025-07-25 05:00:00+00:00,Islamabad,PK,13137731,12.2,µg/m³,100.0,12.246416489283243,12.246416489283243,12.246416489283243
2025-07-25 05:00:00+00:00,2025-07-25 06:00:00+00:00,Islamabad,PK,13137731,16.4,µg/m³,100.0,16.39658323923747,16.39658323923747,16.39658323923747
2025-07-25 06:00:00+00:00,2025-07-25 07:00:00+00:00,Islamabad,PK,13137731,12.4,µg/m³,100.0,12.404750029246012,12.404750029246012,12.404750029246012
2025-07-25 07:00:00+00:00,2025-07-25 08:00:00+00:00,Islamabad,PK,13137731,11.3,µg/m³,100.0,11.264250040054321,11.264250040054321,11.264250040054321
2025-07-25 08:00:00+00:00,2025-07-25 09:00:00+00:00,Islamabad,PK,13137731,9.27,µg/m³,100.0,9.270041664441427,9.270041664441427,9.270041664441427
2025-07-25 09:00:00+00:00,2025-07-25 10:00:00+00:00,Islamabad,PK,13137731,8.62,µg/m³,100.0,8.622666716575623,8.622666716575623,8.622666716575623
2025-07-25 10:00:00+00:00,2025-07-25 11:00:00+00:00,Islamabad,PK,13137731,8.82,µg/m³,100.0,8.822833379109701,8.822833379109701,8.822833379109701
2025-07-25 11:00:00+00:00,2025-07-25 12:00:00+00:00,Islamabad,PK,13137731,11.4,µg/m³,100.0,11.41979161898295,11.41979161898295,11.41979161898295
2025-07-25 12:00:00+00:00,2025-07-25 13:00:00+00:00,Islamabad,PK,13137731,11.9,µg/m³,100.0,11.860416730244955,11.860416730244955,11.860416730244955
2025-07-25 13:00:00+00:00,2025-07-25 14:00:00+00:00,Islamabad,PK,13137731,11.7,µg/m³,100.0,11.705416599909464,11.705416599909464,11.705416599909464
2025-07-25 14:00:00+00:00,2025-07-25 15:00:00+00:00,Islamabad,PK,13137731,13.8,µg/m³,100.0,13.754458347956339,13.754458347956339,13.754458347956339
2025-07-25 15:00:00+00:00,2025-07-25 16:00:00+00:00,Islamabad,PK,13137731,14.5,µg/m³,100.0,14.516666730244955,14.516666730244955,14.516666730244955
2025-07-25 16:00:00+00:00,2025-07-25 17:00:00+00:00,Islamabad,PK,13137731,16.9,µg/m³,100.0,16.876750071843464,16.876750071843464,16.876750071843464
2025-07-25 17:00:00+00:00,2025-07-25 18:00:00+00:00,Islamabad,PK,13137731,15.6,µg/m³,100.0,15.621625105539957,15.621625105539957,15.621625105539957
2025-07-25 18:00:00+00:00,2025-07-25 19:00:00+00:00,Islamabad,PK,13137731,15.8,µg/m³,100.0,15.833208322525024,15.833208322525024,15.833208322525024
2025-07-25 19:00:00+00:00,2025-07-25 20:00:00+00:00,Islamabad,PK,13137731,15.8,µg/m³,100.0,15.826583305994669,15.826583305994669,15.826583305994669
2025-07-25 20:00:00+00:00,2025-07-25 21:00:00+00:00,Islamabad,PK,13137731,14.1,µg/m³,100.0,14.113999923070272,14.113999923070272,14.113999923070272
2025-07-25 21:00:00+00:00,2025-07-25 22:00:00+00:00,Islamabad,PK,13137731,14.8,µg/m³,100.0,14.81220817565918,14.81220817565918,14.81220817565918
2025-07-25 22:00:00+00:00,2025-07-25 23:00:00+00:00,Islamabad,PK,13137731,13.4,µg/m³,100.0,13.441875139872232,13.441875139872232,13.441875139872232
2025-07-25 23:00:00+00:00,2025-07-26 00:00:00+00:00,Islamabad,PK,13137731,14.0,µg/m³,100.0,13.979791720708212,13.979791720708212,13.979791720708212
2025-07-26 00:00:00+00:00,2025-07-26 01:00:00+00:00,Islamabad,PK,13137731,11.8,µg/m³,100.0,11.810875097910563,11.810875097910563,11.810875097910563
2025-07-26 01:00:00+00:00,2025-07-26 02:00:00+00:00,Islamabad,PK,13137731,15.2,µg/m³,100.0,15.161166508992514,15.161166508992514,15.161166508992514
2025-07-26 02:00:00+00:00,2025-07-26 03:00:00+00:00,Islamabad,PK,13137731,17.1,µg/m³,100.0,17.053458134333294,17.053458134333294,17.053458134333294
2025-07-26 03:00:00+00:00,2025-07-26 04:00:00+00:00,Islamabad,PK,13137731,15.3,µg/m³,100.0,15.309499979019165,15.309499979019165,15.309499979019165
2025-07-26 04:00:00+00:00,2025-07-26 05:00:00+00:00,Islamabad,PK,13137731,15.2,µg/m³,100.0,15.216208378473917,15.216208378473917,15.216208378473917
2025-07-26 05:00:00+00:00,2025-07-26 06:00:00+00:00,Islamabad,PK,13137731,15.4,µg/m³,100.0,15.390666643778482,15.390666643778482,15.390666643778482
2025-07-26 06:00:00+00:00,2025-07-26 07:00:00+00:00,Islamabad,PK,13137731,16.9,µg/m³,100.0,16.854166984558105,16.854166984558105,16.854166984558105
2025-07-26 07:00:00+00:00,2025-07-26 08:00:00+00:00,Islamabad,PK,13137731,16.0,µg/m³,100.0,16.00250005722046,16.00250005722046,16.00250005722046
2025-07-26 08:00:00+00:00,2025-07-26 09:00:00+00:00,Islamabad,PK,13137731,15.0,µg/m³,100.0,14.95216671625773,14.95216671625773,14.95216671625773
2025-07-26 09:00:00+00:00,2025-07-26 10:00:00+00:00,Islamabad,PK,13137731,14.6,µg/m³,100.0,14.630833307902018,14.630833307902018,14.630833307902018
2025-07-26 10:00:00+00:00,2025-07-26 11:00:00+00:00,Islamabad,PK,13137731,15.9,µg/m³,100.0,15.85729161898295,15.85729161898295,15.85729161898295
2025-07-26 11:00:00+00:00,2025-07-26 12:00:00+00:00,Islamabad,PK,13137731,17.1,µg/m³,100.0,17.10420823097229,17.10420823097229,17.10420823097229
2025-07-26 12:00:00+00:00,2025-07-26 13:00:00+00:00,Islamabad,PK,13137731,18.9,µg/m³,100.0,18.943708260854084,18.943708260854084,18.943708260854084
2025-07-26 13:00:00+00:00,2025-07-26 14:00:00+00:00,Islamabad,PK,13137731,19.8,µg/m³,100.0,19.775458494822185,19.775458494822185,19.775458494822185
2025-07-26 14:00:00+00:00,2025-07-26 15:00:00+00:00,Islamabad,PK,13137731,19.5,µg/m³,100.0,19.51633310317993,19.51633310317993,19.51633310317993
2025-07-26 15:00:00+00:00,2025-07-26 16:00:00+00:00,Islamabad,PK,13137731,19.4,µg/m³,100.0,19.372333526611328,19.372333526611328,19.372333526611328
2025-07-26 16:00:00+00:00,2025-07-26 17:00:00+00:00,Islamabad,PK,13137731,18.4,µg/m³,100.0,18.393375078837078,18.393375078837078,18.393375078837078
2025-07-26 17:00:00+00:00,2025-07-26 18:00:00+00:00,Islamabad,PK,13137731,20.1,µg/m³,100.0,20.13408327102661,20.13408327102661,20.13408327102661
2025-07-26 18:00:00+00:00,2025-07-26 19:00:00+00:00,Islamabad,PK,13137731,21.3,µg/m³,100.0,21.321499983469646,21.321499983469646,21.321499983469646
2025-07-26 19:00:00+00:00,2025-07-26 20:00:00+00:00,Islamabad,PK,13137731,19.5,µg/m³,100.0,19.494666417439777,19.494666417439777,19.494666417439777
2025-07-26 20:00:00+00:00,2025-07-26 21:00:00+00:00,Islamabad,PK,13137731,21.6,µg/m³,100.0,21.586124897003174,21.586124897003174,21.586124897003174
2025-07-26 21:00:00+00:00,2025-07-26 22:00:00+00:00,Islamabad,PK,13137731,20.8,µg/m³,100.0,20.777249972025555,20.777249972025555,20.777249972025555
2025-07-26 22:00:00+00:00,2025-07-26 23:00:00+00:00,Islamabad,PK,13137731,19.7,µg/m³,100.0,19.733166535695393,19.733166535695393,19.733166535695393
2025-07-26 23:00:00+00:00,2025-07-27 00:00:00+00:00,Islamabad,PK,13137731,18.7,µg/m³,100.0,18.650874853134155,18.650874853134155,18.650874853134155
2025-07-27 00:00:00+00:00,2025-07-27 01:00:00+00:00,Islamabad,PK,13137731,21.0,µg/m³,100.0,21.037333488464355,21.037333488464355,21.037333488464355
2025-07-27 01:00:00+00:00,2025-07-27 02:00:00+00:00,Islamabad,PK,13137731,21.5,µg/m³,100.0,21.46091667811076,21.46091667811076,21.46091667811076
2025-07-27 02:00:00+00:00,2025-07-27 03:00:00+00:00,Islamabad,PK,13137731,21.4,µg/m³,100.0,21.43362506230672,21.43362506230672,21.43362506230672
2025-07-27 03:00:00+00:00,2025-07-27 04:00:00+00:00,Islamabad,PK,13137731,21.1,µg/m³,100.0,21.100541750590008,21.100541750590008,21.100541750590008
2025-07-27 04:00:00+00:00,2025-07-27 05:00:00+00:00,Islamabad,PK,13137731,20.7,µg/m³,100.0,20.70550012588501,20.70550012588501,20.70550012588501
2025-07-27 05:00:00+00:00,2025-07-27 06:00:00+00:00,Islamabad,PK,13137731,19.1,µg/m³,100.0,19.127708435058594,19.127708435058594,19.127708435058594
2025-07-27 06:00:00+00:00,2025-07-27 07:00:00+00:00,Islamabad,PK,13137731,17.1,µg/m³,100.0,17.146000226338703,17.146000226338703,17.146000226338703
2025-07-27 07:00:00+00:00,2025-07-27 08:00:00+00:00,Islamabad,PK,13137731,17.7,µg/m³,100.0,17.70537519454956,17.70537519454956,17.70537519454956
2025-07-27 08:00:00+00:00,2025-07-27 09:00:00+00:00,Islamabad,PK,13137731,17.0,µg/m³,100.0,17.025500059127808,17.025500059127808,17.025500059127808
2025-07-27 09:00:00+00:00,2025-07-27 10:00:00+00:00,Islamabad,PK,13137731,15.7,µg/m³,100.0,15.714083194732666,15.714083194732666,15.714083194732666
2025-07-27 10:00:00+00:00,2025-07-27 11:00:00+00:00,Islamabad,PK,13137731,15.3,µg/m³,100.0,15.308208465576172,15.308208465576172,15.308208465576172
2025-07-27 11:00:00+00:00,2025-07-27 12:00:00+00:00,Islamabad,PK,13137731,16.6,µg/m³,100.0,16.593791643778484,16.593791643778484,16.593791643778484
2025-07-27 12:00:00+00:00,2025-07-27 13:00:00+00:00,Islamabad,PK,13137731,18.3,µg/m³,100.0,18.33091672261556,18.33091672261556,18.33091672261556
2025-07-27 13:00:00+00:00,2025-07-27 14:00:00+00:00,Islamabad,PK,13137731,18.4,µg/m³,100.0,18.359166622161865,18.359166622161865,18.359166622161865
2025-07-27 14:00:00+00:00,2025-07-27 15:00:00+00:00,Islamabad,PK,13137731,20.0,µg/m³,100.0,19.957666714986164,19.957666714986164,19.957666714986164
2025-07-27 15:00:00+00:00,2025-07-27 16:00:00+00:00,Islamabad,PK,13137731,20.1,µg/m³,100.0,20.133333206176758,20.133333206176758,20.133333206176758
2025-07-27 16:00:00+00:00,2025-07-27 17:00:00+00:00,Islamabad,PK,13137731,20.1,µg/m³,100.0,20.143249988555908,20.143249988555908,20.143249988555908
2025-07-27 17:00:00+00:00,2025-07-27 18:00:00+00:00,Islamabad,PK,13137731,19.2,µg/m³,100.0,19.189541657765705,19.189541657765705,19.189541657765705
2025-07-27 18:00:00+00:00,2025-07-27 19:00:00+00:00,Islamabad,PK,13137731,18.3,µg/m³,100.0,18.26329167683919,18.26329167683919,18.26329167683919
2025-07-27 19:00:00+00:00,2025-07-27 20:00:00+00:00,Islamabad,PK,13137731,17.5,µg/m³,100.0,17.474541505177815,17.474541505177815,17.474541505177815
2025-07-27 20:00:00+00:00,2025-07-27 21:00:00+00:00,Islamabad,PK,13137731,17.8,µg/m³,100.0,17.795124848683674,17.795124848683674,17.795124848683674
2025-07-27 21:00:00+00:00,2025-07-27 22:00:00+00:00,Islamabad,PK,13137731,17.5,µg/m³,100.0,17.531624794006348,17.531624794006348,17.531624794006348
2025-07-27 22:00:00+00:00,2025-07-27 23:00:00+00:00,Islamabad,PK,13137731,17.1,µg/m³,100.0,17.061208486557007,17.061208486557007,17.061208486557007
2025-07-27 23:00:00+00:00,2025-07-28 00:00:00+00:00,Islamabad,PK,13137731,16.9,µg/m³,100.0,16.861875136693318,16.861875136693318,16.861875136693318
2025-07-28 00:00:00+00:00,2025-07-28 01:00:00+00:00,Islamabad,PK,13137731,18.0,µg/m³,100.0,18.00920836130778,18.00920836130778,18.00920836130778
2025-07-28 01:00:00+00:00,2025-07-28 02:00:00+00:00,Islamabad,PK,13137731,18.6,µg/m³,100.0,18.57575003306071,18.57575003306071,18.57575003306071
2025-07-28 02:00:00+00:00,2025-07-28 03:00:00+00:00,Islamabad,PK,13137731,17.0,µg/m³,100.0,17.0027916431427,17.0027916431427,17.0027916431427
2025-07-28 03:00:00+00:00,2025-07-28 04:00:00+00:00,Islamabad,PK,13137731,16.7,µg/m³,100.0,16.69737474123637,16.69737474123637,16.69737474123637
2025-07-28 04:00:00+00:00,2025-07-28 05:00:00+00:00,Islamabad,PK,13137731,15.4,µg/m³,100.0,15.405083338419596,15.405083338419596,15.405083338419596
2025-07-28 05:00:00+00:00,2025-07-28 06:00:00+00:00,Islamabad,PK,13137731,14.7,µg/m³,100.0,14.69445832570394,14.69445832570394,14.69445832570394
2025-07-28 06:00:00+00:00,2025-07-28 07:00:00+00:00,Islamabad,PK,13137731,13.6,µg/m³,100.0,13.56683341662089,13.56683341662089,13.56683341662089
2025-07-28 07:00:00+00:00,2025-07-28 08:00:00+00:00,Islamabad,PK,13137731,16.8,µg/m³,100.0,16.817833344141643,16.817833344141643,16.817833344141643
2025-07-28 08:00:00+00:00,2025-07-28 09:00:00+00:00,Islamabad,PK,13137731,14.0,µg/m³,100.0,14.00404151280721,14.00404151280721,14.00404151280721
2025-07-28 09:00:00+00:00,2025-07-28 10:00:00+00:00,Islamabad,PK,13137731,11.1,µg/m³,100.0,11.144083499908447,11.144083499908447,11.144083499908447
2025-07-28 10:00:00+00:00,2025-07-28 11:00:00+00:00,Islamabad,PK,13137731,12.2,µg/m³,100.0,12.157333294550577,12.157333294550577,12.157333294550577
2025-07-28 11:00:00+00:00,2025-07-28 12:00:00+00:00,Islamabad,PK,13137731,16.3,µg/m³,100.0,16.31333343187968,16.31333343187968,16.31333343187968
2025-07-28 12:00:00+00:00,2025-07-28 13:00:00+00:00,Islamabad,PK,13137731,14.7,µg/m³,100.0,14.728875080744425,14.728875080744425,14.728875080744425
2025-07-28 13:00:00+00:00,2025-07-28 14:00:00+00:00,Islamabad,PK,13137731,14.9,µg/m³,100.0,14.90779161453247,14.90779161453247,14.90779161453247
2025-07-28 14:00:00+00:00,2025-07-28 15:00:00+00:00,Islamabad,PK,13137731,18.1,µg/m³,100.0,18.055833339691162,18.055833339691162,18.055833339691162
2025-07-28 15:00:00+00:00,2025-07-28 16:00:00+00:00,Islamabad,PK,13137731,21.0,µg/m³,100.0,21.028249899546307,21.028249899546307,21.028249899546307
2025-07-28 16:00:00+00:00,2025-07-28 17:00:00+00:00,Islamabad,PK,13137731,18.9,µg/m³,100.0,18.854125181833904,18.854125181833904,18.854125181833904
2025-07-28 17:00:00+00:00,2025-07-28 18:00:00+00:00,Islamabad,PK,13137731,18.2,µg/m³,100.0,18.20941670735677,18.20941670735677,18.20941670735677
2025-07-28 18:00:00+00:00,2025-07-28 19:00:00+00:00,Islamabad,PK,13137731,18.2,µg/m³,100.0,18.219666798909504,18.219666798909504,18.219666798909504
2025-07-28 19:00:00+00:00,2025-07-28 20:00:00+00:00,Islamabad,PK,13137731,18.2,µg/m³,100.0,18.178666432698567,18.178666432698567,18.178666432698567
2025-07-28 20:00:00+00:00,2025-07-28 21:00:00+00:00,Islamabad,PK,13137731,18.1,µg/m³,100.0,18.081499973932903,18.081499973932903,18.081499973932903
2025-07-28 21:00:00+00:00,2025-07-28 22:00:00+00:00,Islamabad,PK,13137731,18.1,µg/m³,100.0,18.094666639963787,18.094666639963787,18.094666639963787
2025-07-28 22:00:00+00:00,2025-07-28 23:00:00+00:00,Islamabad,PK,13137731,18.3,µg/m³,100.0,18.326958179473877,18.326958179473877,18.326958179473877
2025-07-28 23:00:00+00:00,2025-07-29 00:00:00+00:00,Islamabad,PK,13137731,18.7,µg/m³,100.0,18.665499846140545,18.665499846140545,18.665499846140545
2025-07-29 00:00:00+00:00,2025-07-29 01:00:00+00:00,Islamabad,PK,13137731,18.7,µg/m³,100.0,18.72695843378703,18.72695843378703,18.72695843378703
2025-07-29 01:00:00+00:00,2025-07-29 02:00:00+00:00,Islamabad,PK,13137731,20.3,µg/m³,100.0,20.342416445414226,20.342416445414226,20.342416445414226
2025-07-29 02:00:00+00:00,2025-07-29 03:00:00+00:00,Islamabad,PK,13137731,20.7,µg/m³,100.0,20.69741678237915,20.69741678237915,20.69741678237915
2025-07-29 03:00:00+00:00,2025-07-29 04:00:00+00:00,Islamabad,PK,13137731,20.8,µg/m³,100.0,20.766249815622967,20.766249815622967,20.766249815622967
2025-07-29 04:00:00+00:00,2025-07-29 05:00:00+00:00,Islamabad,PK,13137731,19.6,µg/m³,100.0,19.580541292826336,19.580541292826336,19.580541292826336
2025-07-29 05:00:00+00:00,2025-07-29 06:00:00+00:00,Islamabad,PK,13137731,18.5,µg/m³,100.0,18.482083161671955,18.482083161671955,18.482083161671955
2025-07-29 06:00:00+00:00,2025-07-29 07:00:00+00:00,Islamabad,PK,13137731,19.3,µg/m³,100.0,19.27495829264323,19.27495829264323,19.27495829264323
2025-07-29 07:00:00+00:00,2025-07-29 08:00:00+00:00,Islamabad,PK,13137731,17.9,µg/m³,100.0,17.850375175476074,17.850375175476074,17.850375175476074
2025-07-29 08:00:00+00:00,2025-07-29 09:00:00+00:00,Islamabad,PK,13137731,16.5,µg/m³,100.0,16.521000067392986,16.521000067392986,16.521000067392986
2025-07-29 09:00:00+00:00,2025-07-29 10:00:00+00:00,Islamabad,PK,13137731,15.3,µg/m³,100.0,15.262208223342896,15.262208223342896,15.262208223342896
2025-07-29 10:00:00+00:00,2025-07-29 11:00:00+00:00,Islamabad,PK,13137731,18.5,µg/m³,100.0,18.48412497838338,18.48412497838338,18.48412497838338
2025-07-29 11:00:00+00:00,2025-07-29 12:00:00+00:00,Islamabad,PK,13137731,16.2,µg/m³,100.0,16.227708498636883,16.227708498636883,16.227708498636883
2025-07-29 12:00:00+00:00,2025-07-29 13:00:00+00:00,Islamabad,PK,13137731,17.2,µg/m³,100.0,17.205000400543213,17.205000400543213,17.205000400543213
2025-07-29 13:00:00+00:00,2025-07-29 14:00:00+00:00,Islamabad,PK,13137731,16.7,µg/m³,100.0,16.687166452407837,16.687166452407837,16.687166452407837
2025-07-29 14:00:00+00:00,2025-07-29 15:00:00+00:00,Islamabad,PK,13137731,17.9,µg/m³,100.0,17.932166417439777,17.932166417439777,17.932166417439777
2025-07-29 15:00:00+00:00,2025-07-29 16:00:00+00:00,Islamabad,PK,13137731,19.7,µg/m³,100.0,19.661624908447266,19.661624908447266,19.661624908447266
2025-07-29 16:00:00+00:00,2025-07-29 17:00:00+00:00,Islamabad,PK,13137731,20.6,µg/m³,100.0,20.607041517893474,20.607041517893474,20.607041517893474
2025-07-29 17:00:00+00:00,2025-07-29 18:00:00+00:00,Islamabad,PK,13137731,20.3,µg/m³,100.0,20.268875122070312,20.268875122070312,20.268875122070312
2025-07-29 18:00:00+00:00,2025-07-29 19:00:00+00:00,Islamabad,PK,13137731,20.2,µg/m³,100.0,20.23508342107137,20.23508342107137,20.23508342107137
2025-07-29 19:00:00+00:00,2025-07-29 20:00:00+00:00,Islamabad,PK,13137731,18.9,µg/m³,100.0,18.949166774749756,18.949166774749756,18.949166774749756
2025-07-29 20:00:00+00:00,2025-07-29 21:00:00+00:00,Islamabad,PK,13137731,18.9,µg/m³,100.0,18.86916669209798,18.86916669209798,18.86916669209798
2025-07-29 21:00:00+00:00,2025-07-29 22:00:00+00:00,Islamabad,PK,13137731,17.7,µg/m³,100.0,17.68399985631307,17.68399985631307,17.68399985631307
2025-07-29 22:00:00+00:00,2025-07-29 23:00:00+00:00,Islamabad,PK,13137731,17.3,µg/m³,100.0,17.32004189491272,17.32004189491272,17.32004189491272
2025-07-29 23:00:00+00:00,2025-07-30 00:00:00+00:00,Islamabad,PK,13137731,17.4,µg/m³,100.0,17.3906668027242,17.3906668027242,17.3906668027242
2025-07-30 00:00:00+00:00,2025-07-30 01:00:00+00:00,Islamabad,PK,13137731,16.6,µg/m³,100.0,16.611541668574016,16.611541668574016,16.611541668574016
2025-07-30 01:00:00+00:00,2025-07-30 02:00:00+00:00,Islamabad,PK,13137731,28.8,µg/m³,100.0,28.840791543324787,28.840791543324787,28.840791543324787
2025-07-30 02:00:00+00:00,2025-07-30 03:00:00+00:00,Islamabad,PK,13137731,22.7,µg/m³,100.0,22.664416631062824,22.664416631062824,22.664416631062824
2025-07-30 03:00:00+00:00,2025-07-30 04:00:00+00:00,Islamabad,PK,13137731,18.5,µg/m³,100.0,18.548874855041504,18.548874855041504,18.548874855041504
2025-07-30 04:00:00+00:00,2025-07-30 05:00:00+00:00,Islamabad,PK,13137731,18.6,µg/m³,100.0,18.550333340962727,18.550333340962727,18.550333340962727
2025-07-30 05:00:00+00:00,2025-07-30 06:00:00+00:00,Islamabad,PK,13137731,18.6,µg/m³,100.0,18.604041576385498,18.604041576385498,18.604041576385498
2025-07-30 06:00:00+00:00,2025-07-30 07:00:00+00:00,Islamabad,PK,13137731,18.4,µg/m³,100.0,18.407999912897747,18.407999912897747,18.407999912897747
2025-07-30 07:00:00+00:00,2025-07-30 08:00:00+00:00,Islamabad,PK,13137731,25.1,µg/m³,100.0,25.09102773666382,25.09102773666382,25.09102773666382
2025-07-30 08:00:00+00:00,2025-07-30 09:00:00+00:00,Islamabad,PK,13137731,20.2,µg/m³,100.0,20.183708508809406,20.183708508809406,20.183708508809406
2025-07-30 09:00:00+00:00,2025-07-30 10:00:00+00:00,Islamabad,PK,13137731,16.0,µg/m³,100.0,15.969013690948486,15.969013690948486,15.969013690948486
2025-07-30 10:00:00+00:00,2025-07-30 11:00:00+00:00,Islamabad,PK,13137731,15.7,µg/m³,100.0,15.711125214894613,15.711125214894613,15.711125214894613
2025-07-30 11:00:00+00:00,2025-07-30 12:00:00+00:00,Islamabad,PK,13137731,16.1,µg/m³,100.0,16.067624807357788,16.067624807357788,16.067624807357788
2025-07-30 12:00:00+00:00,2025-07-30 13:00:00+00:00,Islamabad,PK,13137731,16.5,µg/m³,100.0,16.531875054041546,16.531875054041546,16.531875054041546
2025-07-30 13:00:00+00:00,2025-07-30 14:00:00+00:00,Islamabad,PK,13137731,19.8,µg/m³,100.0,19.751625219980877,19.751625219980877,19.751625219980877
2025-07-30 14:00:00+00:00,2025-07-30 15:00:00+00:00,Islamabad,PK,13137731,21.3,µg/m³,100.0,21.25387477874756,21.25387477874756,21.25387477874756
2025-07-30 15:00:00+00:00,2025-07-30 16:00:00+00:00,Islamabad,PK,13137731,22.0,µg/m³,100.0,21.973249912261963,21.973249912261963,21.973249912261963
2025-07-30 16:00:00+00:00,2025-07-30 17:00:00+00:00,Islamabad,PK,13137731,20.8,µg/m³,100.0,20.826833566029865,20.826833566029865,20.826833566029865
2025-07-30 17:00:00+00:00,2025-07-30 18:00:00+00:00,Islamabad,PK,13137731,19.6,µg/m³,100.0,19.583499908447266,19.583499908447266,19.583499908447266
2025-07-30 18:00:00+00:00,2025-07-30 19:00:00+00:00,Islamabad,PK,13137731,18.9,µg/m³,100.0,18.94616683324178,18.94616683324178,18.94616683324178
2025-07-30 19:00:00+00:00,2025-07-30 20:00:00+00:00,Islamabad,PK,13137731,18.5,µg/m³,100.0,18.456250031789143,18.456250031789143,18.456250031789143
2025-07-30 20:00:00+00:00,2025-07-30 21:00:00+00:00,Islamabad,PK,13137731,18.6,µg/m³,100.0,18.631791750590008,18.631791750590008,18.631791750590008
2025-07-30 21:00:00+00:00,2025-07-30 22:00:00+00:00,Islamabad,PK,13137731,19.2,µg/m³,100.0,19.168916543324787,19.168916543324787,19.168916543324787
2025-07-30 22:00:00+00:00,2025-07-30 23:00:00+00:00,Islamabad,PK,13137731,18.3,µg/m³,100.0,18.29700009028117,18.29700009028117,18.29700009028117
2025-07-30 23:00:00+00:00,2025-07-31 00:00:00+00:00,Islamabad,PK,13137731,18.9,µg/m³,100.0,18.855583508809406,18.855583508809406,18.855583508809406
2025-07-31 00:00:00+00:00,2025-07-31 01:00:00+00:00,Islamabad,PK,13137731,19.9,µg/m³,100.0,19.949666659037273,19.949666659037273,19.949666659037273
2025-07-31 01:00:00+00:00,2025-07-31 02:00:00+00:00,Islamabad,PK,13137731,21.5,µg/m³,100.0,21.535791556040447,21.535791556040447,21.535791556040447
2025-07-31 02:00:00+00:00,2025-07-31 03:00:00+00:00,Islamabad,PK,13137731,20.9,µg/m³,100.0,20.933916727701824,20.933916727701824,20.933916727701824
2025-07-31 03:00:00+00:00,2025-07-31 04:00:00+00:00,Islamabad,PK,13137731,17.4,µg/m³,100.0,17.432208220163982,17.432208220163982,17.432208220163982
2025-07-31 04:00:00+00:00,2025-07-31 05:00:00+00:00,Islamabad,PK,13137731,16.3,µg/m³,100.0,16.336583137512207,16.336583137512207,16.336583137512207
2025-07-31 05:00:00+00:00,2025-07-31 06:00:00+00:00,Islamabad,PK,13137731,14.9,µg/m³,100.0,14.927666664123535,14.927666664123535,14.927666664123535
2025-07-31 06:00:00+00:00,2025-07-31 07:00:00+00:00,Islamabad,PK,13137731,19.7,µg/m³,100.0,19.694374958674114,19.694374958674114,19.694374958674114
2025-07-31 07:00:00+00:00,2025-07-31 08:00:00+00:00,Islamabad,PK,13137731,17.5,µg/m³,100.0,17.48699975013733,17.48699975013733,17.48699975013733
2025-07-31 08:00:00+00:00,2025-07-31 09:00:00+00:00,Islamabad,PK,13137731,16.8,µg/m³,100.0,16.846000115076702,16.846000115076702,16.846000115076702
2025-07-31 09:00:00+00:00,2025-07-31 10:00:00+00:00,Islamabad,PK,13137731,15.1,µg/m³,100.0,15.131625096003214,15.131625096003214,15.131625096003214
2025-07-31 10:00:00+00:00,2025-07-31 11:00:00+00:00,Islamabad,PK,13137731,17.4,µg/m³,100.0,17.437333186467487,17.437333186467487,17.437333186467487
2025-07-31 11:00:00+00:00,2025-07-31 12:00:00+00:00,Islamabad,PK,13137731,17.9,µg/m³,100.0,17.88075017929077,17.88075017929077,17.88075017929077
2025-07-31 12:00:00+00:00,2025-07-31 13:00:00+00:00,Islamabad,PK,13137731,18.6,µg/m³,100.0,18.611541906992596,18.611541906992596,18.611541906992596
2025-07-31 13:00:00+00:00,2025-07-31 14:00:00+00:00,Islamabad,PK,13137731,19.7,µg/m³,100.0,19.701416810353596,19.701416810353596,19.701416810353596
2025-07-31 14:00:00+00:00,2025-07-31 15:00:00+00:00,Islamabad,PK,13137731,20.6,µg/m³,100.0,20.63491662343343,20.63491662343343,20.63491662343343
2025-07-31 15:00:00+00:00,2025-07-31 16:00:00+00:00,Islamabad,PK,13137731,21.0,µg/m³,100.0,21.013458251953125,21.013458251953125,21.013458251953125
2025-07-31 16:00:00+00:00,2025-07-31 17:00:00+00:00,Islamabad,PK,13137731,21.6,µg/m³,100.0,21.594083309173584,21.594083309173584,21.594083309173584
2025-07-31 17:00:00+00:00,2025-07-31 18:00:00+00:00,Islamabad,PK,13137731,18.3,µg/m³,100.0,18.330666542053223,18.330666542053223,18.330666542053223
2025-07-31 18:00:00+00:00,2025-07-31 19:00:00+00:00,Islamabad,PK,13137731,17.5,µg/m³,100.0,17.45712486902873,17.45712486902873,17.45712486902873
2025-07-31 19:00:00+00:00,2025-07-31 20:00:00+00:00,Islamabad,PK,13137731,17.4,µg/m³,100.0,17.399499893188477,17.399499893188477,17.399499893188477
2025-07-31 20:00:00+00:00,2025-07-31 21:00:00+00:00,Islamabad,PK,13137731,25.6,µg/m³,100.0,25.56208324432373,25.56208324432373,25.56208324432373
2025-07-31 21:00:00+00:00,2025-07-31 22:00:00+00:00,Islamabad,PK,13137731,16.6,µg/m³,100.0,16.602875153223675,16.602875153223675,16.602875153223675
2025-07-31 22:00:00+00:00,2025-07-31 23:00:00+00:00,Islamabad,PK,13137731,15.4,µg/m³,100.0,15.413666645685831,15.413666645685831,15.413666645685831
2025-07-31 23:00:00+00:00,2025-08-01 00:00:00+00:00,Islamabad,PK,13137731,12.7,µg/m³,100.0,12.714083353678385,12.714083353678385,12.714083353678385
2025-08-01 00:00:00+00:00,2025-08-01 01:00:00+00:00,Islamabad,PK,13137731,12.7,µg/m³,100.0,12.68945837020874,12.68945837020874,12.68945837020874
2025-08-01 01:00:00+00:00,2025-08-01 02:00:00+00:00,Islamabad,PK,13137731,13.1,µg/m³,100.0,13.090083360671997,13.090083360671997,13.090083360671997
2025-08-01 02:00:00+00:00,2025-08-01 03:00:00+00:00,Islamabad,PK,13137731,13.5,µg/m³,100.0,13.526958386103312,13.526958386103312,13.526958386103312
2025-08-01 03:00:00+00:00,2025-08-01 04:00:00+00:00,Islamabad,PK,13137731,11.7,µg/m³,100.0,11.739791711171469,11.739791711171469,11.739791711171469
2025-08-01 04:00:00+00:00,2025-08-01 05:00:00+00:00,Islamabad,PK,13137731,10.9,µg/m³,100.0,10.878708283106485,10.878708283106485,10.878708283106485
2025-08-01 05:00:00+00:00,2025-08-01 06:00:00+00:00,Islamabad,PK,13137731,10.5,µg/m³,100.0,10.4922084013621,10.4922084013621,10.4922084013621
2025-08-01 06:00:00+00:00,2025-08-01 07:00:00+00:00,Islamabad,PK,13137731,10.2,µg/m³,100.0,10.162333408991495,10.162333408991495,10.162333408991495
2025-08-01 07:00:00+00:00,2025-08-01 08:00:00+00:00,Islamabad,PK,13137731,10.6,µg/m³,100.0,10.576500177383423,10.576500177383423,10.576500177383423
2025-08-01 08:00:00+00:00,2025-08-01 09:00:00+00:00,Islamabad,PK,13137731,11.7,µg/m³,100.0,11.748875061670939,11.748875061670939,11.748875061670939
2025-08-06 15:00:00+00:00,2025-08-06 16:00:00+00:00,Islamabad,PK,13137731,12.8,µg/m³,100.0,12.798590660095215,12.798590660095215,12.798590660095215
2025-08-06 16:00:00+00:00,2025-08-06 17:00:00+00:00,Islamabad,PK,13137731,9.6,µg/m³,100.0,9.595458428064982,9.595458428064982,9.595458428064982
2025-08-06 17:00:00+00:00,2025-08-06 18:00:00+00:00,Islamabad,PK,13137731,12.0,µg/m³,100.0,11.984874963760376,11.984874963760376,11.984874963760376
2025-08-06 18:00:00+00:00,2025-08-06 19:00:00+00:00,Islamabad,PK,13137731,10.5,µg/m³,100.0,10.52370834350586,10.52370834350586,10.52370834350586
2025-08-06 19:00:00+00:00,2025-08-06 20:00:00+00:00,Islamabad,PK,13137731,11.2,µg/m³,100.0,11.170958280563354,11.170958280563354,11.170958280563354
2025-08-06 20:00:00+00:00,2025-08-06 21:00:00+00:00,Islamabad,PK,13137731,11.2,µg/m³,100.0,11.164666573206583,11.164666573206583,11.164666573206583
2025-08-06 21:00:00+00:00,2025-08-06 22:00:00+00:00,Islamabad,PK,13137731,10.6,µg/m³,100.0,10.622291564941406,10.622291564941406,10.622291564941406
2025-08-06 22:00:00+00:00,2025-08-06 23:00:00+00:00,Islamabad,PK,13137731,9.93,µg/m³,100.0,9.931875149408976,9.931875149408976,9.931875149408976
2025-08-06 23:00:00+00:00,2025-08-07 00:00:00+00:00,Islamabad,PK,13137731,10.1,µg/m³,100.0,10.133874972661337,10.133874972661337,10.133874972661337
2025-08-07 00:00:00+00:00,2025-08-07 01:00:00+00:00,Islamabad,PK,13137731,9.39,µg/m³,100.0,9.386083285013834,9.386083285013834,9.386083285013834
2025-08-07 01:00:00+00:00,2025-08-07 02:00:00+00:00,Islamabad,PK,13137731,10.4,µg/m³,100.0,10.433499972025553,10.433499972025553,10.433499972025553
2025-08-07 02:00:00+00:00,2025-08-07 03:00:00+00:00,Islamabad,PK,13137731,10.6,µg/m³,100.0,10.624041557312012,10.624041557312012,10.624041557312012
2025-08-07 03:00:00+00:00,2025-08-07 04:00:00+00:00,Islamabad,PK,13137731,10.3,µg/m³,100.0,10.275750080744425,10.275750080744425,10.275750080744425
2025-08-07 04:00:00+00:00,2025-08-07 05:00:00+00:00,Islamabad,PK,13137731,9.8,µg/m³,100.0,9.804916699727377,9.804916699727377,9.804916699727377
2025-08-07 05:00:00+00:00,2025-08-07 06:00:00+00:00,Islamabad,PK,13137731,8.67,µg/m³,100.0,8.66575002670288,8.66575002670288,8.66575002670288
2025-08-07 06:00:00+00:00,2025-08-07 07:00:00+00:00,Islamabad,PK,13137731,11.9,µg/m³,100.0,11.934249997138977,11.934249997138977,11.934249997138977
2025-08-07 07:00:00+00:00,2025-08-07 08:00:00+00:00,Islamabad,PK,13137731,12.2,µg/m³,100.0,12.19391655921936,12.19391655921936,12.19391655921936
2025-08-07 08:00:00+00:00,2025-08-07 09:00:00+00:00,Islamabad,PK,13137731,11.5,µg/m³,100.0,11.47879155476888,11.47879155476888,11.47879155476888
2025-08-07 09:00:00+00:00,2025-08-07 10:00:00+00:00,Islamabad,PK,13137731,10.7,µg/m³,100.0,10.653208255767822,10.653208255767822,10.653208255767822
2025-08-07 10:00:00+00:00,2025-08-07 11:00:00+00:00,Islamabad,PK,13137731,8.89,µg/m³,100.0,8.89437504609426,8.89437504609426,8.89437504609426
2025-08-07 11:00:00+00:00,2025-08-07 12:00:00+00:00,Islamabad,PK,13137731,8.42,µg/m³,100.0,8.424125035603842,8.424125035603842,8.424125035603842
2025-08-07 12:00:00+00:00,2025-08-07 13:00:00+00:00,Islamabad,PK,13137731,8.41,µg/m³,100.0,8.40695834159851,8.40695834159851,8.40695834159851
2025-08-07 13:00:00+00:00,2025-08-07 14:00:00+00:00,Islamabad,PK,13137731,9.06,µg/m³,100.0,9.060958305994669,9.060958305994669,9.060958305994669
2025-08-07 14:00:00+00:00,2025-08-07 15:00:00+00:00,Islamabad,PK,13137731,8.96,µg/m³,100.0,8.956833322842916,8.956833322842916,8.956833322842916
2025-08-07 15:00:00+00:00,2025-08-07 16:00:00+00:00,Islamabad,PK,13137731,8.56,µg/m³,100.0,8.562291820844015,8.562291820844015,8.562291820844015
2025-08-07 16:00:00+00:00,2025-08-07 17:00:00+00:00,Islamabad,PK,13137731,8.7,µg/m³,100.0,8.696875015894571,8.696875015894571,8.696875015894571
2025-08-07 17:00:00+00:00,2025-08-07 18:00:00+00:00,Islamabad,PK,13137731,10.1,µg/m³,100.0,10.07420833905538,10.07420833905538,10.07420833905538
2025-08-07 18:00:00+00:00,2025-08-07 19:00:00+00:00,Islamabad,PK,13137731,8.58,µg/m³,100.0,8.582333445549011,8.582333445549011,8.582333445549011
2025-08-07 19:00:00+00:00,2025-08-07 20:00:00+00:00,Islamabad,PK,13137731,9.0,µg/m³,100.0,8.997875054677328,8.997875054677328,8.997875054677328
2025-08-07 20:00:00+00:00,2025-08-07 21:00:00+00:00,Islamabad,PK,13137731,8.74,µg/m³,100.0,8.74245830376943,8.74245830376943,8.74245830376943
2025-08-07 21:00:00+00:00,2025-08-07 22:00:00+00:00,Islamabad,PK,13137731,8.99,µg/m³,100.0,8.99316668510437,8.99316668510437,8.99316668510437
2025-08-07 22:00:00+00:00,2025-08-07 23:00:00+00:00,Islamabad,PK,13137731,10.6,µg/m³,100.0,10.562041680018107,10.562041680018107,10.562041680018107
2025-08-07 23:00:00+00:00,2025-08-08 00:00:00+00:00,Islamabad,PK,13137731,11.9,µg/m³,100.0,11.881166617075602,11.881166617075602,11.881166617075602
2025-08-08 00:00:00+00:00,2025-08-08 01:00:00+00:00,Islamabad,PK,13137731,12.7,µg/m³,100.0,12.717125018437704,12.717125018437704,12.717125018437704
2025-08-08 01:00:00+00:00,2025-08-08 02:00:00+00:00,Islamabad,PK,13137731,13.0,µg/m³,100.0,12.997458457946777,12.997458457946777,12.997458457946777
2025-08-08 02:00:00+00:00,2025-08-08 03:00:00+00:00,Islamabad,PK,13137731,13.4,µg/m³,100.0,13.368958234786987,13.368958234786987,13.368958234786987
2025-08-08 03:00:00+00:00,2025-08-08 04:00:00+00:00,Islamabad,PK,13137731,11.2,µg/m³,100.0,11.186833302179972,11.186833302179972,11.186833302179972
2025-08-08 04:00:00+00:00,2025-08-08 05:00:00+00:00,Islamabad,PK,13137731,10.5,µg/m³,100.0,10.48033332824707,10.48033332824707,10.48033332824707
2025-08-08 05:00:00+00:00,2025-08-08 06:00:00+00:00,Islamabad,PK,13137731,10.3,µg/m³,100.0,10.254083315531412,10.254083315531412,10.254083315531412
2025-08-08 06:00:00+00:00,2025-08-08 07:00:00+00:00,Islamabad,PK,13137731,9.09,µg/m³,100.0,9.087833325068155,9.087833325068155,9.087833325068155
2025-08-08 07:00:00+00:00,2025-08-08 08:00:00+00:00,Islamabad,PK,13137731,10.1,µg/m³,100.0,10.140125115712484,10.140125115712484,10.140125115712484
2025-08-08 08:00:00+00:00,2025-08-08 09:00:00+00:00,Islamabad,PK,13137731,10.4,µg/m³,100.0,10.424624919891357,10.424624919891357,10.424624919891357
2025-08-08 09:00:00+00:00,2025-08-08 10:00:00+00:00,Islamabad,PK,13137731,9.73,µg/m³,100.0,9.729041735331217,9.729041735331217,9.729041735331217
2025-08-08 10:00:00+00:00,2025-08-08 11:00:00+00:00,Islamabad,PK,13137731,9.37,µg/m³,100.0,9.372749964396158,9.372749964396158,9.372749964396158
2025-08-08 11:00:00+00:00,2025-08-08 12:00:00+00:00,Islamabad,PK,13137731,10.4,µg/m³,100.0,10.35408329963684,10.35408329963684,10.35408329963684
2025-08-08 12:00:00+00:00,2025-08-08 13:00:00+00:00,Islamabad,PK,13137731,9.79,µg/m³,100.0,9.78766671816508,9.78766671816508,9.78766671816508
2025-08-08 13:00:00+00:00,2025-08-08 14:00:00+00:00,Islamabad,PK,13137731,11.7,µg/m³,100.0,11.740291833877563,11.740291833877563,11.740291833877563
2025-08-08 14:00:00+00:00,2025-08-08 15:00:00+00:00,Islamabad,PK,13137731,12.1,µg/m³,100.0,12.093000094095865,12.093000094095865,12.093000094095865
2025-08-08 15:00:00+00:00,2025-08-08 16:00:00+00:00,Islamabad,PK,13137731,12.0,µg/m³,100.0,11.965416669845581,11.965416669845581,11.965416669845581
2025-08-08 16:00:00+00:00,2025-08-08 17:00:00+00:00,Islamabad,PK,13137731,10.3,µg/m³,100.0,10.295416752497355,10.295416752497355,10.295416752497355
2025-08-08 17:00:00+00:00,2025-08-08 18:00:00+00:00,Islamabad,PK,13137731,8.95,µg/m³,100.0,8.946666479110718,8.946666479110718,8.946666479110718
2025-08-08 18:00:00+00:00,2025-08-08 19:00:00+00:00,Islamabad,PK,13137731,8.16,µg/m³,100.0,8.155458331108093,8.155458331108093,8.155458331108093
2025-08-08 19:00:00+00:00,2025-08-08 20:00:00+00:00,Islamabad,PK,13137731,8.18,µg/m³,100.0,8.177250027656555,8.177250027656555,8.177250027656555
2025-08-08 20:00:00+00:00,2025-08-08 21:00:00+00:00,Islamabad,PK,13137731,7.91,µg/m³,100.0,7.90862496693929,7.90862496693929,7.90862496693929
2025-08-08 21:00:00+00:00,2025-08-08 22:00:00+00:00,Islamabad,PK,13137731,8.0,µg/m³,100.0,8.003124952316284,8.003124952316284,8.003124952316284
2025-08-08 22:00:00+00:00,2025-08-08 23:00:00+00:00,Islamabad,PK,13137731,8.41,µg/m³,100.0,8.405999898910522,8.405999898910522,8.405999898910522
2025-08-08 23:00:00+00:00,2025-08-09 00:00:00+00:00,Islamabad,PK,13137731,9.46,µg/m³,100.0,9.456916729609171,9.456916729609171,9.456916729609171
2025-08-09 00:00:00+00:00,2025-08-09 01:00:00+00:00,Islamabad,PK,13137731,9.34,µg/m³,100.0,9.338833332061768,9.338833332061768,9.338833332061768
2025-08-09 01:00:00+00:00,2025-08-09 02:00:00+00:00,Islamabad,PK,13137731,10.7,µg/m³,100.0,10.720250050226847,10.720250050226847,10.720250050226847
2025-08-09 02:00:00+00:00,2025-08-09 03:00:00+00:00,Islamabad,PK,13137731,18.8,µg/m³,100.0,18.78362496693929,18.78362496693929,18.78362496693929
2025-08-09 03:00:00+00:00,2025-08-09 04:00:00+00:00,Islamabad,PK,13137731,13.4,µg/m³,100.0,13.432791709899902,13.432791709899902,13.432791709899902
2025-08-09 04:00:00+00:00,2025-08-09 05:00:00+00:00,Islamabad,PK,13137731,9.4,µg/m³,100.0,9.396708369255066,9.396708369255066,9.396708369255066
2025-08-09 05:00:00+00:00,2025-08-09 06:00:00+00:00,Islamabad,PK,13137731,8.16,µg/m³,100.0,8.161708315213522,8.161708315213522,8.161708315213522
2025-08-09 06:00:00+00:00,2025-08-09 07:00:00+00:00,Islamabad,PK,13137731,14.9,µg/m³,100.0,14.891124924023947,14.891124924023947,14.891124924023947
2025-08-09 07:00:00+00:00,2025-08-09 08:00:00+00:00,Islamabad,PK,13137731,10.1,µg/m³,100.0,10.092999974886576,10.092999974886576,10.092999974886576
2025-08-09 08:00:00+00:00,2025-08-09 09:00:00+00:00,Islamabad,PK,13137731,7.97,µg/m³,100.0,7.973291754722595,7.973291754722595,7.973291754722595
2025-08-09 09:00:00+00:00,2025-08-09 10:00:00+00:00,Islamabad,PK,13137731,6.21,µg/m³,100.0,6.208250006039937,6.208250006039937,6.208250006039937
2025-08-09 10:00:00+00:00,2025-08-09 11:00:00+00:00,Islamabad,PK,13137731,6.23,µg/m³,100.0,6.227458397547404,6.227458397547404,6.227458397547404
2025-08-09 11:00:00+00:00,2025-08-09 12:00:00+00:00,Islamabad,PK,13137731,6.22,µg/m³,100.0,6.224250038464864,6.224250038464864,6.224250038464864
2025-08-09 12:00:00+00:00,2025-08-09 13:00:00+00:00,Islamabad,PK,13137731,6.46,µg/m³,100.0,6.460833350817363,6.460833350817363,6.460833350817363
2025-08-09 13:00:00+00:00,2025-08-09 14:00:00+00:00,Islamabad,PK,13137731,7.54,µg/m³,100.0,7.544458429018657,7.544458429018657,7.544458429018657
2025-08-09 14:00:00+00:00,2025-08-09 15:00:00+00:00,Islamabad,PK,13137731,8.84,µg/m³,100.0,8.838624954223633,8.838624954223633,8.838624954223633
2025-08-09 15:00:00+00:00,2025-08-09 16:00:00+00:00,Islamabad,PK,13137731,8.98,µg/m³,100.0,8.982125083605448,8.982125083605448,8.982125083605448
2025-08-09 16:00:00+00:00,2025-08-09 17:00:00+00:00,Islamabad,PK,13137731,9.28,µg/m³,100.0,9.277291615804037,9.277291615804037,9.277291615804037
2025-08-09 17:00:00+00:00,2025-08-09 18:00:00+00:00,Islamabad,PK,13137731,8.38,µg/m³,100.0,8.379958311716715,8.379958311716715,8.379958311716715
2025-08-09 18:00:00+00:00,2025-08-09 19:00:00+00:00,Islamabad,PK,13137731,7.63,µg/m³,100.0,7.633666714032491,7.633666714032491,7.633666714032491
2025-08-09 19:00:00+00:00,2025-08-09 20:00:00+00:00,Islamabad,PK,13137731,7.94,µg/m³,100.0,7.940833290417989,7.940833290417989,7.940833290417989
2025-08-09 20:00:00+00:00,2025-08-09 21:00:00+00:00,Islamabad,PK,13137731,8.11,µg/m³,100.0,8.106374979019165,8.106374979019165,8.106374979019165
2025-08-09 21:00:00+00:00,2025-08-09 22:00:00+00:00,Islamabad,PK,13137731,7.57,µg/m³,100.0,7.567416667938232,7.567416667938232,7.567416667938232
2025-08-09 22:00:00+00:00,2025-08-09 23:00:00+00:00,Islamabad,PK,13137731,7.72,µg/m³,100.0,7.720624963442485,7.720624963442485,7.720624963442485
2025-08-09 23:00:00+00:00,2025-08-10 00:00:00+00:00,Islamabad,PK,13137731,8.34,µg/m³,100.0,8.338666518529257,8.338666518529257,8.338666518529257
2025-08-10 00:00:00+00:00,2025-08-10 01:00:00+00:00,Islamabad,PK,13137731,9.5,µg/m³,100.0,9.497541586558023,9.497541586558023,9.497541586558023
2025-08-10 01:00:00+00:00,2025-08-10 02:00:00+00:00,Islamabad,PK,13137731,11.3,µg/m³,100.0,11.264291604359945,11.264291604359945,11.264291604359945
2025-08-10 02:00:00+00:00,2025-08-10 03:00:00+00:00,Islamabad,PK,13137731,8.14,µg/m³,100.0,8.144625067710876,8.144625067710876,8.144625067710876
2025-08-10 03:00:00+00:00,2025-08-10 04:00:00+00:00,Islamabad,PK,13137731,10.5,µg/m³,100.0,10.489625096321106,10.489625096321106,10.489625096321106
2025-08-10 04:00:00+00:00,2025-08-10 05:00:00+00:00,Islamabad,PK,13137731,9.05,µg/m³,100.0,9.053041696548462,9.053041696548462,9.053041696548462
2025-08-10 05:00:00+00:00,2025-08-10 06:00:00+00:00,Islamabad,PK,13137731,8.71,µg/m³,100.0,8.70841670036316,8.70841670036316,8.70841670036316
2025-08-10 06:00:00+00:00,2025-08-10 07:00:00+00:00,Islamabad,PK,13137731,13.4,µg/m³,100.0,13.367541631062826,13.367541631062826,13.367541631062826
2025-08-10 07:00:00+00:00,2025-08-10 08:00:00+00:00,Islamabad,PK,13137731,26.7,µg/m³,100.0,26.71012544631958,26.71012544631958,26.71012544631958
2025-08-10 08:00:00+00:00,2025-08-10 09:00:00+00:00,Islamabad,PK,13137731,9.29,µg/m³,100.0,9.294166803359985,9.294166803359985,9.294166803359985
2025-08-10 09:00:00+00:00,2025-08-10 10:00:00+00:00,Islamabad,PK,13137731,6.45,µg/m³,100.0,6.445708354314168,6.445708354314168,6.445708354314168
2025-08-10 10:00:00+00:00,2025-08-10 11:00:00+00:00,Islamabad,PK,13137731,5.95,µg/m³,100.0,5.950624982515971,5.950624982515971,5.950624982515971
2025-08-10 11:00:00+00:00,2025-08-10 12:00:00+00:00,Islamabad,PK,13137731,6.14,µg/m³,100.0,6.142625013987224,6.142625013987224,6.142625013987224
2025-08-10 12:00:00+00:00,2025-08-10 13:00:00+00:00,Islamabad,PK,13137731,7.06,µg/m³,100.0,7.059958378473918,7.059958378473918,7.059958378473918
2025-08-10 13:00:00+00:00,2025-08-10 14:00:00+00:00,Islamabad,PK,13137731,8.3,µg/m³,100.0,8.296833157539368,8.296833157539368,8.296833157539368
2025-08-10 14:00:00+00:00,2025-08-10 15:00:00+00:00,Islamabad,PK,13137731,7.5,µg/m³,100.0,7.4986666440963745,7.4986666440963745,7.4986666440963745
2025-08-10 15:00:00+00:00,2025-08-10 16:00:00+00:00,Islamabad,PK,13137731,7.58,µg/m³,100.0,7.581874966621399,7.581874966621399,7.581874966621399
2025-08-10 16:00:00+00:00,2025-08-10 17:00:00+00:00,Islamabad,PK,13137731,8.84,µg/m³,100.0,8.842833439509073,8.842833439509073,8.842833439509073
2025-08-10 17:00:00+00:00,2025-08-10 18:00:00+00:00,Islamabad,PK,13137731,9.14,µg/m³,100.0,9.13516672452291,9.13516672452291,9.13516672452291
2025-08-10 18:00:00+00:00,2025-08-10 19:00:00+00:00,Islamabad,PK,13137731,10.5,µg/m³,100.0,10.464374939600626,10.464374939600626,10.464374939600626
2025-08-10 19:00:00+00:00,2025-08-10 20:00:00+00:00,Islamabad,PK,13137731,9.75,µg/m³,100.0,9.746625026067099,9.746625026067099,9.746625026067099
2025-08-10 20:00:00+00:00,2025-08-10 21:00:00+00:00,Islamabad,PK,13137731,9.92,µg/m³,100.0,9.915416717529297,9.915416717529297,9.915416717529297
2025-08-10 21:00:00+00:00,2025-08-10 22:00:00+00:00,Islamabad,PK,13137731,9.65,µg/m³,100.0,9.653125047683716,9.653125047683716,9.653125047683716
2025-08-10 22:00:00+00:00,2025-08-10 23:00:00+00:00,Islamabad,PK,13137731,9.93,µg/m³,100.0,9.93345832824707,9.93345832824707,9.93345832824707
2025-08-10 23:00:00+00:00,2025-08-11 00:00:00+00:00,Islamabad,PK,13137731,10.7,µg/m³,100.0,10.663333415985107,10.663333415985107,10.663333415985107
2025-08-11 00:00:00+00:00,2025-08-11 01:00:00+00:00,Islamabad,PK,13137731,10.8,µg/m³,100.0,10.825833320617676,10.825833320617676,10.825833320617676
2025-08-11 01:00:00+00:00,2025-08-11 02:00:00+00:00,Islamabad,PK,13137731,11.4,µg/m³,100.0,11.400999943415323,11.400999943415323,11.400999943415323
2025-08-11 02:00:00+00:00,2025-08-11 03:00:00+00:00,Islamabad,PK,13137731,14.9,µg/m³,100.0,14.86691665649414,14.86691665649414,14.86691665649414
2025-08-11 03:00:00+00:00,2025-08-11 04:00:00+00:00,Islamabad,PK,13137731,13.5,µg/m³,100.0,13.49037504196167,13.49037504196167,13.49037504196167
2025-08-11 04:00:00+00:00,2025-08-11 05:00:00+00:00,Islamabad,PK,13137731,9.09,µg/m³,100.0,9.090083201726278,9.090083201726278,9.090083201726278
2025-08-11 05:00:00+00:00,2025-08-11 06:00:00+00:00,Islamabad,PK,13137731,8.34,µg/m³,100.0,8.3352499405543,8.3352499405543,8.3352499405543
2025-08-11 06:00:00+00:00,2025-08-11 07:00:00+00:00,Islamabad,PK,13137731,8.71,µg/m³,100.0,8.706708391507467,8.706708391507467,8.706708391507467
2025-08-11 07:00:00+00:00,2025-08-11 08:00:00+00:00,Islamabad,PK,13137731,8.58,µg/m³,100.0,8.575750033060709,8.575750033060709,8.575750033060709
2025-08-16 12:00:00+00:00,2025-08-16 13:00:00+00:00,Islamabad,PK,13137731,19.8,µg/m³,100.0,19.792499542236328,19.792499542236328,19.792499542236328
2025-08-16 13:00:00+00:00,2025-08-16 14:00:00+00:00,Islamabad,PK,13137731,17.5,µg/m³,100.0,17.46583302815755,17.46583302815755,17.46583302815755
2025-08-16 14:00:00+00:00,2025-08-16 15:00:00+00:00,Islamabad,PK,13137731,19.6,µg/m³,100.0,19.607624689737957,19.607624689737957,19.607624689737957
2025-08-16 15:00:00+00:00,2025-08-16 16:00:00+00:00,Islamabad,PK,13137731,15.0,µg/m³,100.0,15.047791639963785,15.047791639963785,15.047791639963785
2025-08-16 16:00:00+00:00,2025-08-16 17:00:00+00:00,Islamabad,PK,13137731,12.9,µg/m³,100.0,12.897791703542074,12.897791703542074,12.897791703542074
2025-08-16 17:00:00+00:00,2025-08-16 18:00:00+00:00,Islamabad,PK,13137731,17.9,µg/m³,100.0,17.924874862035114,17.924874862035114,17.924874862035114
2025-08-16 18:00:00+00:00,2025-08-16 19:00:00+00:00,Islamabad,PK,13137731,12.4,µg/m³,100.0,12.409000158309937,12.409000158309937,12.409000158309937
2025-08-16 19:00:00+00:00,2025-08-16 20:00:00+00:00,Islamabad,PK,13137731,11.5,µg/m³,100.0,11.492541551589966,11.492541551589966,11.492541551589966
2025-08-16 20:00:00+00:00,2025-08-16 21:00:00+00:00,Islamabad,PK,13137731,8.99,µg/m³,100.0,8.987083395322164,8.987083395322164,8.987083395322164
2025-08-16 21:00:00+00:00,2025-08-16 22:00:00+00:00,Islamabad,PK,13137731,10.2,µg/m³,100.0,10.173208316167196,10.173208316167196,10.173208316167196
2025-08-16 22:00:00+00:00,2025-08-16 23:00:00+00:00,Islamabad,PK,13137731,14.3,µg/m³,100.0,14.319124937057495,14.319124937057495,14.319124937057495
2025-08-16 23:00:00+00:00,2025-08-17 00:00:00+00:00,Islamabad,PK,13137731,14.4,µg/m³,100.0,14.429833253224691,14.429833253224691,14.429833253224691
2025-08-17 00:00:00+00:00,2025-08-17 01:00:00+00:00,Islamabad,PK,13137731,16.0,µg/m³,100.0,16.00112509727478,16.00112509727478,16.00112509727478
2025-08-17 01:00:00+00:00,2025-08-17 02:00:00+00:00,Islamabad,PK,13137731,19.6,µg/m³,100.0,19.555458227793377,19.555458227793377,19.555458227793377
2025-08-17 02:00:00+00:00,2025-08-17 03:00:00+00:00,Islamabad,PK,13137731,15.6,µg/m³,100.0,15.550041516621908,15.550041516621908,15.550041516621908
2025-08-17 03:00:00+00:00,2025-08-17 04:00:00+00:00,Islamabad,PK,13137731,12.7,µg/m³,100.0,12.69070839881897,12.69070839881897,12.69070839881897
2025-08-17 04:00:00+00:00,2025-08-17 05:00:00+00:00,Islamabad,PK,13137731,9.71,µg/m³,100.0,9.709500074386597,9.709500074386597,9.709500074386597
2025-08-17 05:00:00+00:00,2025-08-17 06:00:00+00:00,Islamabad,PK,13137731,11.3,µg/m³,100.0,11.255083362261454,11.255083362261454,11.255083362261454
2025-08-17 06:00:00+00:00,2025-08-17 07:00:00+00:00,Islamabad,PK,13137731,10.5,µg/m³,100.0,10.537625153859457,10.537625153859457,10.537625153859457
2025-08-17 07:00:00+00:00,2025-08-17 08:00:00+00:00,Islamabad,PK,13137731,7.14,µg/m³,100.0,7.138416687647502,7.138416687647502,7.138416687647502
2025-08-17 08:00:00+00:00,2025-08-17 09:00:00+00:00,Islamabad,PK,13137731,7.08,µg/m³,100.0,7.082333405812581,7.082333405812581,7.082333405812581
2025-08-17 09:00:00+00:00,2025-08-17 10:00:00+00:00,Islamabad,PK,13137731,7.28,µg/m³,100.0,7.279208342234294,7.279208342234294,7.279208342234294
2025-08-17 10:00:00+00:00,2025-08-17 11:00:00+00:00,Islamabad,PK,13137731,6.55,µg/m³,100.0,6.553041656812032,6.553041656812032,6.553041656812032
2025-08-17 11:00:00+00:00,2025-08-17 12:00:00+00:00,Islamabad,PK,13137731,7.13,µg/m³,100.0,7.130958318710327,7.130958318710327,7.130958318710327
2025-08-17 12:00:00+00:00,2025-08-17 13:00:00+00:00,Islamabad,PK,13137731,8.35,µg/m³,100.0,8.348416606585184,8.348416606585184,8.348416606585184
2025-08-17 13:00:00+00:00,2025-08-17 14:00:00+00:00,Islamabad,PK,13137731,8.05,µg/m³,100.0,8.049916744232178,8.049916744232178,8.049916744232178
2025-08-17 14:00:00+00:00,2025-08-17 15:00:00+00:00,Islamabad,PK,13137731,9.9,µg/m³,100.0,9.899083296457926,9.899083296457926,9.899083296457926
2025-08-17 15:00:00+00:00,2025-08-17 16:00:00+00:00,Islamabad,PK,13137731,11.2,µg/m³,100.0,11.238083442052206,11.238083442052206,11.238083442052206
2025-08-17 16:00:00+00:00,2025-08-17 17:00:00+00:00,Islamabad,PK,13137731,10.6,µg/m³,100.0,10.55216670036316,10.55216670036316,10.55216670036316
2025-08-17 17:00:00+00:00,2025-08-17 18:00:00+00:00,Islamabad,PK,13137731,11.2,µg/m³,100.0,11.200500090916952,11.200500090916952,11.200500090916952
2025-08-17 18:00:00+00:00,2025-08-17 19:00:00+00:00,Islamabad,PK,13137731,11.5,µg/m³,100.0,11.548041582107544,11.548041582107544,11.548041582107544
2025-08-17 19:00:00+00:00,2025-08-17 20:00:00+00:00,Islamabad,PK,13137731,11.7,µg/m³,100.0,11.727458477020264,11.727458477020264,11.727458477020264
2025-08-17 20:00:00+00:00,2025-08-17 21:00:00+00:00,Islamabad,PK,13137731,9.36,µg/m³,100.0,9.356958309809366,9.356958309809366,9.356958309809366
2025-08-17 21:00:00+00:00,2025-08-17 22:00:00+00:00,Islamabad,PK,13137731,9.38,µg/m³,100.0,9.384958346684774,9.384958346684774,9.384958346684774
2025-08-17 22:00:00+00:00,2025-08-17 23:00:00+00:00,Islamabad,PK,13137731,11.3,µg/m³,100.0,11.28641668955485,11.28641668955485,11.28641668955485
2025-08-17 23:00:00+00:00,2025-08-18 00:00:00+00:00,Islamabad,PK,13137731,10.9,µg/m³,100.0,10.884166717529297,10.884166717529297,10.884166717529297
2025-08-18 00:00:00+00:00,2025-08-18 01:00:00+00:00,Islamabad,PK,13137731,9.02,µg/m³,100.0,9.019124984741211,9.019124984741211,9.019124984741211
2025-08-18 01:00:00+00:00,2025-08-18 02:00:00+00:00,Islamabad,PK,13137731,13.4,µg/m³,100.0,13.419374942779541,13.419374942779541,13.419374942779541
2025-08-18 02:00:00+00:00,2025-08-18 03:00:00+00:00,Islamabad,PK,13137731,11.3,µg/m³,100.0,11.251000165939331,11.251000165939331,11.251000165939331
2025-08-18 03:00:00+00:00,2025-08-18 04:00:00+00:00,Islamabad,PK,13137731,16.0,µg/m³,100.0,15.95216679573059,15.95216679573059,15.95216679573059
2025-08-18 04:00:00+00:00,2025-08-18 05:00:00+00:00,Islamabad,PK,13137731,20.4,µg/m³,100.0,20.43762509028117,20.43762509028117,20.43762509028117
2025-08-18 05:00:00+00:00,2025-08-18 06:00:00+00:00,Islamabad,PK,13137731,32.5,µg/m³,100.0,32.472708543141685,32.472708543141685,32.472708543141685
2025-08-18 06:00:00+00:00,2025-08-18 07:00:00+00:00,Islamabad,PK,13137731,22.4,µg/m³,100.0,22.44541660944621,22.44541660944621,22.44541660944621
2025-08-18 07:00:00+00:00,2025-08-18 08:00:00+00:00,Islamabad,PK,13137731,19.8,µg/m³,100.0,19.84249997138977,19.84249997138977,19.84249997138977
2025-08-18 08:00:00+00:00,2025-08-18 09:00:00+00:00,Islamabad,PK,13137731,22.2,µg/m³,100.0,22.248999913533527,22.248999913533527,22.248999913533527
2025-08-18 09:00:00+00:00,2025-08-18 10:00:00+00:00,Islamabad,PK,13137731,17.1,µg/m³,100.0,17.10504158337911,17.10504158337911,17.10504158337911
2025-08-18 10:00:00+00:00,2025-08-18 11:00:00+00:00,Islamabad,PK,13137731,21.1,µg/m³,100.0,21.093958536783855,21.093958536783855,21.093958536783855
2025-08-18 11:00:00+00:00,2025-08-18 12:00:00+00:00,Islamabad,PK,13137731,13.9,µg/m³,100.0,13.875791629155477,13.875791629155477,13.875791629155477
2025-08-18 12:00:00+00:00,2025-08-18 13:00:00+00:00,Islamabad,PK,13137731,13.7,µg/m³,100.0,13.721999963124594,13.721999963124594,13.721999963124594
2025-08-18 13:00:00+00:00,2025-08-18 14:00:00+00:00,Islamabad,PK,13137731,8.01,µg/m³,100.0,8.009958306948343,8.009958306948343,8.009958306948343
2025-08-18 14:00:00+00:00,2025-08-18 15:00:00+00:00,Islamabad,PK,13137731,25.6,µg/m³,100.0,25.58316659927368,25.58316659927368,25.58316659927368
2025-08-18 15:00:00+00:00,2025-08-18 16:00:00+00:00,Islamabad,PK,13137731,31.2,µg/m³,100.0,31.158541520436604,31.158541520436604,31.158541520436604
2025-08-18 16:00:00+00:00,2025-08-18 17:00:00+00:00,Islamabad,PK,13137731,49.3,µg/m³,100.0,49.27937523523966,49.27937523523966,49.27937523523966
2025-08-18 17:00:00+00:00,2025-08-18 18:00:00+00:00,Islamabad,PK,13137731,45.1,µg/m³,100.0,45.14566612243652,45.14566612243652,45.14566612243652
2025-08-18 18:00:00+00:00,2025-08-18 19:00:00+00:00,Islamabad,PK,13137731,44.7,µg/m³,100.0,44.66654109954834,44.66654109954834,44.66654109954834
2025-08-18 19:00:00+00:00,2025-08-18 20:00:00+00:00,Islamabad,PK,13137731,43.4,µg/m³,100.0,43.436000188191734,43.436000188191734,43.436000188191734
2025-08-18 20:00:00+00:00,2025-08-18 21:00:00+00:00,Islamabad,PK,13137731,14.7,µg/m³,100.0,14.7215416431427,14.7215416431427,14.7215416431427
2025-08-18 21:00:00+00:00,2025-08-18 22:00:00+00:00,Islamabad,PK,13137731,11.9,µg/m³,100.0,11.941833337148031,11.941833337148031,11.941833337148031
2025-08-18 22:00:00+00:00,2025-08-18 23:00:00+00:00,Islamabad,PK,13137731,17.1,µg/m³,100.0,17.13391661643982,17.13391661643982,17.13391661643982
2025-08-18 23:00:00+00:00,2025-08-19 00:00:00+00:00,Islamabad,PK,13137731,23.3,µg/m³,100.0,23.264208157857258,23.264208157857258,23.264208157857258
2025-08-19 00:00:00+00:00,2025-08-19 01:00:00+00:00,Islamabad,PK,13137731,21.1,µg/m³,100.0,21.122125148773193,21.122125148773193,21.122125148773193
2025-08-19 01:00:00+00:00,2025-08-19 02:00:00+00:00,Islamabad,PK,13137731,21.3,µg/m³,100.0,21.32995843887329,21.32995843887329,21.32995843887329
2025-08-19 02:00:00+00:00,2025-08-19 03:00:00+00:00,Islamabad,PK,13137731,25.4,µg/m³,100.0,25.377875010172527,25.377875010172527,25.377875010172527
2025-08-19 03:00:00+00:00,2025-08-19 04:00:00+00:00,Islamabad,PK,13137731,27.4,µg/m³,100.0,27.432791868845623,27.432791868845623,27.432791868845623
2025-08-19 04:00:00+00:00,2025-08-19 05:00:00+00:00,Islamabad,PK,13137731,26.3,µg/m³,100.0,26.30525016784668,26.30525016784668,26.30525016784668
2025-08-19 05:00:00+00:00,2025-08-19 06:00:00+00:00,Islamabad,PK,13137731,21.8,µg/m³,100.0,21.790666699409485,21.790666699409485,21.790666699409485
2025-08-19 06:00:00+00:00,2025-08-19 07:00:00+00:00,Islamabad,PK,13137731,14.5,µg/m³,100.0,14.475750009218851,14.475750009218851,14.475750009218851
2025-09-21 05:00:00+00:00,2025-09-21 06:00:00+00:00,Islamabad,PK,13137731,8.39,µg/m³,100.0,8.389333248138428,8.389333248138428,8.389333248138428
2025-09-21 06:00:00+00:00,2025-09-21 07:00:00+00:00,Islamabad,PK,13137731,6.5,µg/m³,100.0,6.501875042915344,6.501875042915344,6.501875042915344
2025-09-21 07:00:00+00:00,2025-09-21 08:00:00+00:00,Islamabad,PK,13137731,6.02,µg/m³,100.0,6.0231666167577105,6.0231666167577105,6.0231666167577105
2025-09-21 08:00:00+00:00,2025-09-21 09:00:00+00:00,Islamabad,PK,13137731,6.59,µg/m³,100.0,6.590888857841492,6.590888857841492,6.590888857841492
2025-09-21 09:00:00+00:00,2025-09-21 10:00:00+00:00,Islamabad,PK,13137731,6.53,µg/m³,100.0,6.52608338991801,6.52608338991801,6.52608338991801
2025-09-21 10:00:00+00:00,2025-09-21 11:00:00+00:00,Islamabad,PK,13137731,6.43,µg/m³,100.0,6.433916648228963,6.433916648228963,6.433916648228963
2025-09-21 11:00:00+00:00,2025-09-21 12:00:00+00:00,Islamabad,PK,13137731,6.12,µg/m³,100.0,6.122333327929179,6.122333327929179,6.122333327929179
2025-09-21 12:00:00+00:00,2025-09-21 13:00:00+00:00,Islamabad,PK,13137731,5.47,µg/m³,100.0,5.466749986012776,5.466749986012776,5.466749986012776
2025-09-21 13:00:00+00:00,2025-09-21 14:00:00+00:00,Islamabad,PK,13137731,7.04,µg/m³,100.0,7.0415416558583575,7.0415416558583575,7.0415416558583575
2025-09-21 14:00:00+00:00,2025-09-21 15:00:00+00:00,Islamabad,PK,13137731,6.94,µg/m³,100.0,6.938083370526631,6.938083370526631,6.938083370526631
2025-09-21 15:00:00+00:00,2025-09-21 16:00:00+00:00,Islamabad,PK,13137731,7.96,µg/m³,100.0,7.959041714668274,7.959041714668274,7.959041714668274
2025-09-21 16:00:00+00:00,2025-09-21 17:00:00+00:00,Islamabad,PK,13137731,10.6,µg/m³,100.0,10.553777813911438,10.553777813911438,10.553777813911438
2025-09-21 17:00:00+00:00,2025-09-21 18:00:00+00:00,Islamabad,PK,13137731,12.3,µg/m³,100.0,12.25493057568868,12.25493057568868,12.25493057568868
2025-09-21 18:00:00+00:00,2025-09-21 19:00:00+00:00,Islamabad,PK,13137731,7.52,µg/m³,100.0,7.518291672070821,7.518291672070821,7.518291672070821
2025-09-21 19:00:00+00:00,2025-09-21 20:00:00+00:00,Islamabad,PK,13137731,7.34,µg/m³,100.0,7.344124992688497,7.344124992688497,7.344124992688497
2025-09-21 20:00:00+00:00,2025-09-21 21:00:00+00:00,Islamabad,PK,13137731,6.07,µg/m³,100.0,6.0652916431427,6.0652916431427,6.0652916431427
2025-09-21 21:00:00+00:00,2025-09-21 22:00:00+00:00,Islamabad,PK,13137731,5.95,µg/m³,100.0,5.954125006993611,5.954125006993611,5.954125006993611
2025-09-21 22:00:00+00:00,2025-09-21 23:00:00+00:00,Islamabad,PK,13137731,5.98,µg/m³,100.0,5.980481465657552,5.980481465657552,5.980481465657552
2025-09-22 01:00:00+00:00,2025-09-22 02:00:00+00:00,Islamabad,PK,13137731,7.85,µg/m³,100.0,7.850249965985616,7.850249965985616,7.850249965985616
2025-09-22 02:00:00+00:00,2025-09-22 03:00:00+00:00,Islamabad,PK,13137731,7.52,µg/m³,100.0,7.515958388646443,7.515958388646443,7.515958388646443
2025-09-22 03:00:00+00:00,2025-09-22 04:00:00+00:00,Islamabad,PK,13137731,7.12,µg/m³,100.0,7.12309714158376,7.12309714158376,7.12309714158376
2025-09-22 04:00:00+00:00,2025-09-22 05:00:00+00:00,Islamabad,PK,13137731,7.1,µg/m³,100.0,7.096319516499837,7.096319516499837,7.096319516499837
2025-09-22 05:00:00+00:00,2025-09-22 06:00:00+00:00,Islamabad,PK,13137731,6.44,µg/m³,100.0,6.439333399136861,6.439333399136861,6.439333399136861
2025-09-22 06:00:00+00:00,2025-09-22 07:00:00+00:00,Islamabad,PK,13137731,5.82,µg/m³,100.0,5.821916699409485,5.821916699409485,5.821916699409485
2025-09-22 07:00:00+00:00,2025-09-22 08:00:00+00:00,Islamabad,PK,13137731,6.84,µg/m³,100.0,6.841597278912862,6.841597278912862,6.841597278912862
2025-09-22 08:00:00+00:00,2025-09-22 09:00:00+00:00,Islamabad,PK,13137731,5.85,µg/m³,100.0,5.8480416138966875,5.8480416138966875,5.8480416138966875
2025-09-22 09:00:00+00:00,2025-09-22 10:00:00+00:00,Islamabad,PK,13137731,5.36,µg/m³,100.0,5.358749985694885,5.358749985694885,5.358749985694885
2025-09-22 10:00:00+00:00,2025-09-22 11:00:00+00:00,Islamabad,PK,13137731,5.28,µg/m³,100.0,5.278208335240682,5.278208335240682,5.278208335240682
2025-09-22 11:00:00+00:00,2025-09-22 12:00:00+00:00,Islamabad,PK,13137731,5.94,µg/m³,100.0,5.937583367029826,5.937583367029826,5.937583367029826
2025-09-22 12:00:00+00:00,2025-09-22 13:00:00+00:00,Islamabad,PK,13137731,6.03,µg/m³,100.0,6.033583402633667,6.033583402633667,6.033583402633667
2025-09-22 13:00:00+00:00,2025-09-22 14:00:00+00:00,Islamabad,PK,13137731,6.16,µg/m³,100.0,6.1604305903116865,6.1604305903116865,6.1604305903116865
2025-09-22 14:00:00+00:00,2025-09-22 15:00:00+00:00,Islamabad,PK,13137731,7.19,µg/m³,100.0,7.191375017166138,7.191375017166138,7.191375017166138
2025-09-22 15:00:00+00:00,2025-09-22 16:00:00+00:00,Islamabad,PK,13137731,6.59,µg/m³,100.0,6.590055505434672,6.590055505434672,6.590055505434672
2025-09-22 16:00:00+00:00,2025-09-22 17:00:00+00:00,Islamabad,PK,13137731,6.46,µg/m³,100.0,6.46441666285197,6.46441666285197,6.46441666285197
2025-09-22 17:00:00+00:00,2025-09-22 18:00:00+00:00,Islamabad,PK,13137731,5.76,µg/m³,100.0,5.7551805178324384,5.7551805178324384,5.7551805178324384
2025-09-22 18:00:00+00:00,2025-09-22 19:00:00+00:00,Islamabad,PK,13137731,6.04,µg/m³,100.0,6.035833279291789,6.035833279291789,6.035833279291789
2025-09-22 19:00:00+00:00,2025-09-22 20:00:00+00:00,Islamabad,PK,13137731,6.3,µg/m³,100.0,6.3043332894643145,6.3043332894643145,6.3043332894643145
2025-09-22 20:00:00+00:00,2025-09-22 21:00:00+00:00,Islamabad,PK,13137731,6.71,µg/m³,100.0,6.7114583651224775,6.7114583651224775,6.7114583651224775
2025-09-22 21:00:00+00:00,2025-09-22 22:00:00+00:00,Islamabad,PK,13137731,7.08,µg/m³,100.0,7.0832778215408325,7.0832778215408325,7.0832778215408325
2025-09-22 22:00:00+00:00,2025-09-22 23:00:00+00:00,Islamabad,PK,13137731,6.89,µg/m³,100.0,6.8944999774297075,6.8944999774297075,6.8944999774297075
2025-09-22 23:00:00+00:00,2025-09-23 00:00:00+00:00,Islamabad,PK,13137731,6.98,µg/m³,100.0,6.984555602073669,6.984555602073669,6.984555602073669
2025-09-23 00:00:00+00:00,2025-09-23 01:00:00+00:00,Islamabad,PK,13137731,7.35,µg/m³,100.0,7.35462498664856,7.35462498664856,7.35462498664856
2025-09-23 01:00:00+00:00,2025-09-23 02:00:00+00:00,Islamabad,PK,13137731,7.97,µg/m³,100.0,7.973388870557149,7.973388870557149,7.973388870557149
2025-09-23 02:00:00+00:00,2025-09-23 03:00:00+00:00,Islamabad,PK,13137731,8.72,µg/m³,100.0,8.721208333969116,8.721208333969116,8.721208333969116
2025-09-23 03:00:00+00:00,2025-09-23 04:00:00+00:00,Islamabad,PK,13137731,8.84,µg/m³,100.0,8.844000101089478,8.844000101089478,8.844000101089478
2025-09-23 05:00:00+00:00,2025-09-23 06:00:00+00:00,Islamabad,PK,13137731,8.97,µg/m³,100.0,8.971500039100647,8.971500039100647,8.971500039100647
2025-09-23 06:00:00+00:00,2025-09-23 07:00:00+00:00,Islamabad,PK,13137731,6.65,µg/m³,100.0,6.6541528304417925,6.6541528304417925,6.6541528304417925
2025-09-23 07:00:00+00:00,2025-09-23 08:00:00+00:00,Islamabad,PK,13137731,6.42,µg/m³,100.0,6.419583320617676,6.419583320617676,6.419583320617676
2025-09-23 08:00:00+00:00,2025-09-23 09:00:00+00:00,Islamabad,PK,13137731,5.28,µg/m³,100.0,5.278319438298543,5.278319438298543,5.278319438298543
2025-09-23 09:00:00+00:00,2025-09-23 10:00:00+00:00,Islamabad,PK,13137731,5.03,µg/m³,100.0,5.03237505753835,5.03237505753835,5.03237505753835
2025-09-23 10:00:00+00:00,2025-09-23 11:00:00+00:00,Islamabad,PK,13137731,4.69,µg/m³,100.0,4.6891388694445295,4.6891388694445295,4.6891388694445295
2025-09-23 12:00:00+00:00,2025-09-23 13:00:00+00:00,Islamabad,PK,13137731,4.14,µg/m³,100.0,4.139999985694885,4.139999985694885,4.139999985694885
2025-09-23 14:00:00+00:00,2025-09-23 15:00:00+00:00,Islamabad,PK,13137731,7.79,µg/m³,100.0,7.793000141779582,7.793000141779582,7.793000141779582
2025-09-23 15:00:00+00:00,2025-09-23 16:00:00+00:00,Islamabad,PK,13137731,10.4,µg/m³,100.0,10.36477792263031,10.36477792263031,10.36477792263031
2025-09-23 16:00:00+00:00,2025-09-23 17:00:00+00:00,Islamabad,PK,13137731,6.48,µg/m³,100.0,6.47962502638499,6.47962502638499,6.47962502638499
2025-09-23 17:00:00+00:00,2025-09-23 18:00:00+00:00,Islamabad,PK,13137731,6.68,µg/m³,100.0,6.683291594187419,6.683291594187419,6.683291594187419
2025-09-23 18:00:00+00:00,2025-09-23 19:00:00+00:00,Islamabad,PK,13137731,6.51,µg/m³,100.0,6.513513922691345,6.513513922691345,6.513513922691345
2025-09-23 19:00:00+00:00,2025-09-23 20:00:00+00:00,Islamabad,PK,13137731,7.16,µg/m³,100.0,7.164055625597636,7.164055625597636,7.164055625597636
2025-09-23 20:00:00+00:00,2025-09-23 21:00:00+00:00,Islamabad,PK,13137731,7.27,µg/m³,100.0,7.270097215970357,7.270097215970357,7.270097215970357
2025-09-23 21:00:00+00:00,2025-09-23 22:00:00+00:00,Islamabad,PK,13137731,8.46,µg/m³,100.0,8.45508329073588,8.45508329073588,8.45508329073588
2025-09-23 22:00:00+00:00,2025-09-23 23:00:00+00:00,Islamabad,PK,13137731,8.16,µg/m³,100.0,8.160777846972147,8.160777846972147,8.160777846972147
2025-09-23 23:00:00+00:00,2025-09-24 00:00:00+00:00,Islamabad,PK,13137731,8.87,µg/m³,100.0,8.873958388964335,8.873958388964335,8.873958388964335
2025-09-24 00:00:00+00:00,2025-09-24 01:00:00+00:00,Islamabad,PK,13137731,8.56,µg/m³,100.0,8.558000048001608,8.558000048001608,8.558000048001608
2025-09-24 01:00:00+00:00,2025-09-24 02:00:00+00:00,Islamabad,PK,13137731,10.1,µg/m³,100.0,10.14216677347819,10.14216677347819,10.14216677347819
2025-09-24 02:00:00+00:00,2025-09-24 03:00:00+00:00,Islamabad,PK,13137731,12.5,µg/m³,100.0,12.546958367029825,12.546958367029825,12.546958367029825
2025-09-24 03:00:00+00:00,2025-09-24 04:00:00+00:00,Islamabad,PK,13137731,12.0,µg/m³,100.0,11.96204169591268,11.96204169591268,11.96204169591268
2025-09-24 04:00:00+00:00,2025-09-24 05:00:00+00:00,Islamabad,PK,13137731,12.2,µg/m³,100.0,12.219722270965576,12.219722270965576,12.219722270965576
2025-09-24 05:00:00+00:00,2025-09-24 06:00:00+00:00,Islamabad,PK,13137731,12.9,µg/m³,100.0,12.85379155476888,12.85379155476888,12.85379155476888
2025-09-24 06:00:00+00:00,2025-09-24 07:00:00+00:00,Islamabad,PK,13137731,10.6,µg/m³,100.0,10.555541515350342,10.555541515350342,10.555541515350342
2025-09-24 07:00:00+00:00,2025-09-24 08:00:00+00:00,Islamabad,PK,13137731,11.0,µg/m³,100.0,10.972041765848795,10.972041765848795,10.972041765848795
2025-09-24 16:00:00+00:00,2025-09-24 17:00:00+00:00,Islamabad,PK,13137731,13.9,µg/m³,100.0,13.918499946594238,13.918499946594238,13.918499946594238
2025-09-24 17:00:00+00:00,2025-09-24 18:00:00+00:00,Islamabad,PK,13137731,11.9,µg/m³,100.0,11.911319414774576,11.911319414774576,11.911319414774576
2025-09-24 18:00:00+00:00,2025-09-24 19:00:00+00:00,Islamabad,PK,13137731,14.6,µg/m³,100.0,14.64033325513204,14.64033325513204,14.64033325513204
2025-09-24 19:00:00+00:00,2025-09-24 20:00:00+00:00,Islamabad,PK,13137731,13.3,µg/m³,100.0,13.346000035603842,13.346000035603842,13.346000035603842
2025-09-24 20:00:00+00:00,2025-09-24 21:00:00+00:00,Islamabad,PK,13137731,13.1,µg/m³,100.0,13.105124950408936,13.105124950408936,13.105124950408936
2025-09-24 21:00:00+00:00,2025-09-24 22:00:00+00:00,Islamabad,PK,13137731,15.8,µg/m³,100.0,15.823458353678385,15.823458353678385,15.823458353678385
2025-09-24 22:00:00+00:00,2025-09-24 23:00:00+00:00,Islamabad,PK,13137731,17.7,µg/m³,100.0,17.73801390329997,17.73801390329997,17.73801390329997
2025-09-24 23:00:00+00:00,2025-09-25 00:00:00+00:00,Islamabad,PK,13137731,18.1,µg/m³,100.0,18.07699982325236,18.07699982325236,18.07699982325236
2025-09-25 00:00:00+00:00,2025-09-25 01:00:00+00:00,Islamabad,PK,13137731,17.1,µg/m³,100.0,17.061708450317383,17.061708450317383,17.061708450317383
2025-09-25 01:00:00+00:00,2025-09-25 02:00:00+00:00,Islamabad,PK,13137731,19.2,µg/m³,100.0,19.207666714986164,19.207666714986164,19.207666714986164
2025-09-25 02:00:00+00:00,2025-09-25 03:00:00+00:00,Islamabad,PK,13137731,23.3,µg/m³,100.0,23.291291395823162,23.291291395823162,23.291291395823162
2025-09-25 03:00:00+00:00,2025-09-25 04:00:00+00:00,Islamabad,PK,13137731,22.1,µg/m³,100.0,22.113458077112835,22.113458077112835,22.113458077112835
2025-09-25 04:00:00+00:00,2025-09-25 05:00:00+00:00,Islamabad,PK,13137731,10.0,µg/m³,100.0,10.042875051498413,10.042875051498413,10.042875051498413
2025-09-25 05:00:00+00:00,2025-09-25 06:00:00+00:00,Islamabad,PK,13137731,10.9,µg/m³,100.0,10.901986201604208,10.901986201604208,10.901986201604208
2025-09-25 06:00:00+00:00,2025-09-25 07:00:00+00:00,Islamabad,PK,13137731,19.1,µg/m³,100.0,19.14049990971883,19.14049990971883,19.14049990971883
2025-09-25 07:00:00+00:00,2025-09-25 08:00:00+00:00,Islamabad,PK,13137731,15.1,µg/m³,100.0,15.078041712443033,15.078041712443033,15.078041712443033
2025-09-25 08:00:00+00:00,2025-09-25 09:00:00+00:00,Islamabad,PK,13137731,15.2,µg/m³,100.0,15.249263842900595,15.249263842900595,15.249263842900595
2025-09-25 09:00:00+00:00,2025-09-25 10:00:00+00:00,Islamabad,PK,13137731,14.7,µg/m³,100.0,14.715874989827475,14.715874989827475,14.715874989827475
2025-09-25 10:00:00+00:00,2025-09-25 11:00:00+00:00,Islamabad,PK,13137731,16.2,µg/m³,100.0,16.171625018119812,16.171625018119812,16.171625018119812
2025-09-25 11:00:00+00:00,2025-09-25 12:00:00+00:00,Islamabad,PK,13137731,18.3,µg/m³,100.0,18.25858333905538,18.25858333905538,18.25858333905538
2025-09-25 12:00:00+00:00,2025-09-25 13:00:00+00:00,Islamabad,PK,13137731,18.8,µg/m³,100.0,18.751541675461663,18.751541675461663,18.751541675461663
2025-09-25 13:00:00+00:00,2025-09-25 14:00:00+00:00,Islamabad,PK,13137731,20.6,µg/m³,100.0,20.55629166762034,20.55629166762034,20.55629166762034
2025-09-25 14:00:00+00:00,2025-09-25 15:00:00+00:00,Islamabad,PK,13137731,21.9,µg/m³,100.0,21.896916664971243,21.896916664971243,21.896916664971243
2025-09-25 15:00:00+00:00,2025-09-25 16:00:00+00:00,Islamabad,PK,13137731,21.4,µg/m³,100.0,21.416583331425983,21.416583331425983,21.416583331425983
2025-09-25 16:00:00+00:00,2025-09-25 17:00:00+00:00,Islamabad,PK,13137731,21.2,µg/m³,100.0,21.242541686693826,21.242541686693826,21.242541686693826
2025-09-25 17:00:00+00:00,2025-09-25 18:00:00+00:00,Islamabad,PK,13137731,19.0,µg/m³,100.0,19.045569443702696,19.045569443702696,19.045569443702696
2025-09-25 18:00:00+00:00,2025-09-25 19:00:00+00:00,Islamabad,PK,13137731,19.8,µg/m³,100.0,19.77016666730245,19.77016666730245,19.77016666730245
2025-09-25 19:00:00+00:00,2025-09-25 20:00:00+00:00,Islamabad,PK,13137731,19.5,µg/m³,100.0,19.45666669209798,19.45666669209798,19.45666669209798
2025-09-25 20:00:00+00:00,2025-09-25 21:00:00+00:00,Islamabad,PK,13137731,24.4,µg/m³,100.0,24.385809525989348,24.385809525989348,24.385809525989348
2025-09-25 21:00:00+00:00,2025-09-25 22:00:00+00:00,Islamabad,PK,13137731,21.1,µg/m³,100.0,21.134791668256124,21.134791668256124,21.134791668256124
2025-09-25 22:00:00+00:00,2025-09-25 23:00:00+00:00,Islamabad,PK,13137731,22.8,µg/m³,100.0,22.813250001271566,22.813250001271566,22.813250001271566
2025-09-25 23:00:00+00:00,2025-09-26 00:00:00+00:00,Islamabad,PK,13137731,21.2,µg/m³,100.0,21.203611108991836,21.203611108991836,21.203611108991836
2025-09-26 00:00:00+00:00,2025-09-26 01:00:00+00:00,Islamabad,PK,13137731,20.2,µg/m³,100.0,20.200833336512247,20.200833336512247,20.200833336512247
2025-09-26 01:00:00+00:00,2025-09-26 02:00:00+00:00,Islamabad,PK,13137731,23.5,µg/m³,100.0,23.540375002225236,23.540375002225236,23.540375002225236
2025-09-26 02:00:00+00:00,2025-09-26 03:00:00+00:00,Islamabad,PK,13137731,25.3,µg/m³,100.0,25.25712500413259,25.25712500413259,25.25712500413259
2025-09-26 03:00:00+00:00,2025-09-26 04:00:00+00:00,Islamabad,PK,13137731,22.6,µg/m³,100.0,22.623250007629395,22.623250007629395,22.623250007629395
2025-09-26 04:00:00+00:00,2025-09-26 05:00:00+00:00,Islamabad,PK,13137731,19.3,µg/m³,100.0,19.255541666348776,19.255541666348776,19.255541666348776
2025-09-26 05:00:00+00:00,2025-09-26 06:00:00+00:00,Islamabad,PK,13137731,18.0,µg/m³,100.0,17.995208334922793,17.995208334922793,17.995208334922793
2025-09-26 06:00:00+00:00,2025-09-26 07:00:00+00:00,Islamabad,PK,13137731,19.0,µg/m³,100.0,19.044986128807068,19.044986128807068,19.044986128807068
2025-09-26 07:00:00+00:00,2025-09-26 08:00:00+00:00,Islamabad,PK,13137731,18.4,µg/m³,100.0,18.350208338101705,18.350208338101705,18.350208338101705
2025-09-26 08:00:00+00:00,2025-09-26 09:00:00+00:00,Islamabad,PK,13137731,17.0,µg/m³,100.0,16.998277780744765,16.998277780744765,16.998277780744765
2025-09-26 09:00:00+00:00,2025-09-26 10:00:00+00:00,Islamabad,PK,13137731,16.2,µg/m³,100.0,16.163833332061767,16.163833332061767,16.163833332061767
2025-09-26 10:00:00+00:00,2025-09-26 11:00:00+00:00,Islamabad,PK,13137731,14.9,µg/m³,100.0,14.940625007947288,14.940625007947288,14.940625007947288
2025-09-26 11:00:00+00:00,2025-09-26 12:00:00+00:00,Islamabad,PK,13137731,16.7,µg/m³,100.0,16.696875007947288,16.696875007947288,16.696875007947288
2025-09-26 12:00:00+00:00,2025-09-26 13:00:00+00:00,Islamabad,PK,13137731,18.2,µg/m³,100.0,18.153666671117147,18.153666671117147,18.153666671117147
2025-09-26 13:00:00+00:00,2025-09-26 14:00:00+00:00,Islamabad,PK,13137731,21.7,µg/m³,100.0,21.676513875855335,21.676513875855335,21.676513875855335
2025-09-26 14:00:00+00:00,2025-09-26 15:00:00+00:00,Islamabad,PK,13137731,22.0,µg/m³,100.0,22.007902773221332,22.007902773221332,22.007902773221332
2025-09-26 15:00:00+00:00,2025-09-26 16:00:00+00:00,Islamabad,PK,13137731,21.8,µg/m³,100.0,21.766250006357826,21.766250006357826,21.766250006357826
2025-09-26 16:00:00+00:00,2025-09-26 17:00:00+00:00,Islamabad,PK,13137731,21.1,µg/m³,100.0,21.072166665395102,21.072166665395102,21.072166665395102
2025-09-26 17:00:00+00:00,2025-09-26 18:00:00+00:00,Islamabad,PK,13137731,20.4,µg/m³,100.0,20.36604166825612,20.36604166825612,20.36604166825612
2025-09-26 18:00:00+00:00,2025-09-26 19:00:00+00:00,Islamabad,PK,13137731,19.8,µg/m³,100.0,19.764333327611286,19.764333327611286,19.764333327611286
2025-09-26 19:00:00+00:00,2025-09-26 20:00:00+00:00,Islamabad,PK,13137731,23.4,µg/m³,100.0,23.358291665712994,23.358291665712994,23.358291665712994
2025-09-26 20:00:00+00:00,2025-09-26 21:00:00+00:00,Islamabad,PK,13137731,24.8,µg/m³,100.0,24.805000003178918,24.805000003178918,24.805000003178918
2025-09-26 21:00:00+00:00,2025-09-26 22:00:00+00:00,Islamabad,PK,13137731,26.3,µg/m³,100.0,26.293569450908237,26.293569450908237,26.293569450908237
2025-09-26 22:00:00+00:00,2025-09-26 23:00:00+00:00,Islamabad,PK,13137731,26.5,µg/m³,100.0,26.489291659990943,26.489291659990943,26.489291659990943
2025-09-26 23:00:00+00:00,2025-09-27 00:00:00+00:00,Islamabad,PK,13137731,25.2,µg/m³,100.0,25.171958327293396,25.171958327293396,25.171958327293396
2025-09-27 00:00:00+00:00,2025-09-27 01:00:00+00:00,Islamabad,PK,13137731,25.2,µg/m³,100.0,25.245249991946746,25.245249991946746,25.245249991946746
2025-09-27 01:00:00+00:00,2025-09-27 02:00:00+00:00,Islamabad,PK,13137731,25.9,µg/m³,100.0,25.90041666030884,25.90041666030884,25.90041666030884
2025-09-27 02:00:00+00:00,2025-09-27 03:00:00+00:00,Islamabad,PK,13137731,26.9,µg/m³,100.0,26.948249975840252,26.948249975840252,26.948249975840252
2025-09-27 03:00:00+00:00,2025-09-27 04:00:00+00:00,Islamabad,PK,13137731,26.1,µg/m³,100.0,26.11916667620341,26.11916667620341,26.11916667620341
2025-09-27 04:00:00+00:00,2025-09-27 05:00:00+00:00,Islamabad,PK,13137731,26.8,µg/m³,100.0,26.83878787647594,26.83878787647594,26.83878787647594
2025-09-27 05:00:00+00:00,2025-09-27 06:00:00+00:00,Islamabad,PK,13137731,23.3,µg/m³,100.0,23.34512499968211,23.34512499968211,23.34512499968211
2025-09-27 06:00:00+00:00,2025-09-27 07:00:00+00:00,Islamabad,PK,13137731,52.5,µg/m³,100.0,52.503874866167706,52.503874866167706,52.503874866167706
2025-09-27 07:00:00+00:00,2025-09-27 08:00:00+00:00,Islamabad,PK,13137731,34.9,µg/m³,100.0,34.91063885423872,34.91063885423872,34.91063885423872
2025-09-27 08:00:00+00:00,2025-09-27 09:00:00+00:00,Islamabad,PK,13137731,22.1,µg/m³,100.0,22.067416667938232,22.067416667938232,22.067416667938232
2025-09-27 11:00:00+00:00,2025-09-27 12:00:00+00:00,Islamabad,PK,13137731,19.8,µg/m³,100.0,19.81241666475932,19.81241666475932,19.81241666475932
2025-09-27 12:00:00+00:00,2025-09-27 13:00:00+00:00,Islamabad,PK,13137731,20.9,µg/m³,100.0,20.853888898425634,20.853888898425634,20.853888898425634
2025-09-27 13:00:00+00:00,2025-09-27 14:00:00+00:00,Islamabad,PK,13137731,21.8,µg/m³,100.0,21.770638895034793,21.770638895034793,21.770638895034793
2025-09-27 14:00:00+00:00,2025-09-27 15:00:00+00:00,Islamabad,PK,13137731,23.9,µg/m³,100.0,23.886416705449424,23.886416705449424,23.886416705449424
2025-09-27 15:00:00+00:00,2025-09-27 16:00:00+00:00,Islamabad,PK,13137731,26.3,µg/m³,100.0,26.26938892470466,26.26938892470466,26.26938892470466
2025-09-27 16:00:00+00:00,2025-09-27 17:00:00+00:00,Islamabad,PK,13137731,31.3,µg/m³,100.0,31.341666555404657,31.341666555404657,31.341666555404657
2025-09-27 17:00:00+00:00,2025-09-27 18:00:00+00:00,Islamabad,PK,13137731,23.3,µg/m³,100.0,23.263236117362975,23.263236117362975,23.263236117362975
2025-09-27 18:00:00+00:00,2025-09-27 19:00:00+00:00,Islamabad,PK,13137731,24.1,µg/m³,100.0,24.10820833047231,24.10820833047231,24.10820833047231
2025-09-27 19:00:00+00:00,2025-09-27 20:00:00+00:00,Islamabad,PK,13137731,22.5,µg/m³,100.0,22.516916672388714,22.516916672388714,22.516916672388714
2025-09-27 20:00:00+00:00,2025-09-27 21:00:00+00:00,Islamabad,PK,13137731,24.2,µg/m³,100.0,24.248138883378772,24.248138883378772,24.248138883378772
2025-09-28 01:00:00+00:00,2025-09-28 02:00:00+00:00,Islamabad,PK,13137731,27.7,µg/m³,100.0,27.708874996503194,27.708874996503194,27.708874996503194
2025-09-28 02:00:00+00:00,2025-09-28 03:00:00+00:00,Islamabad,PK,13137731,24.2,µg/m³,100.0,24.23833333651225,24.23833333651225,24.23833333651225
2025-09-28 03:00:00+00:00,2025-09-28 04:00:00+00:00,Islamabad,PK,13137731,25.1,µg/m³,100.0,25.07088887426588,25.07088887426588,25.07088887426588
2025-09-28 04:00:00+00:00,2025-09-28 05:00:00+00:00,Islamabad,PK,13137731,25.8,µg/m³,100.0,25.77120832602183,25.77120832602183,25.77120832602183
2025-09-28 05:00:00+00:00,2025-09-28 06:00:00+00:00,Islamabad,PK,13137731,23.0,µg/m³,100.0,22.981916666030884,22.981916666030884,22.981916666030884
2025-09-28 06:00:00+00:00,2025-09-28 07:00:00+00:00,Islamabad,PK,13137731,20.5,µg/m³,100.0,20.47729167143504,20.47729167143504,20.47729167143504
2025-09-28 07:00:00+00:00,2025-09-28 08:00:00+00:00,Islamabad,PK,13137731,19.8,µg/m³,100.0,19.844833342234296,19.844833342234296,19.844833342234296
2025-09-28 11:00:00+00:00,2025-09-28 12:00:00+00:00,Islamabad,PK,13137731,21.6,µg/m³,100.0,21.569250011444094,21.569250011444094,21.569250011444094
2025-09-28 12:00:00+00:00,2025-09-28 13:00:00+00:00,Islamabad,PK,13137731,24.2,µg/m³,100.0,24.18679166634877,24.18679166634877,24.18679166634877
2025-09-28 13:00:00+00:00,2025-09-28 14:00:00+00:00,Islamabad,PK,13137731,24.1,µg/m³,100.0,24.12534721957313,24.12534721957313,24.12534721957313
2025-09-28 14:00:00+00:00,2025-09-28 15:00:00+00:00,Islamabad,PK,13137731,24.8,µg/m³,100.0,24.800416660308837,24.800416660308837,24.800416660308837
2025-09-28 15:00:00+00:00,2025-09-28 16:00:00+00:00,Islamabad,PK,13137731,29.9,µg/m³,100.0,29.889583399560717,29.889583399560717,29.889583399560717
2025-09-28 16:00:00+00:00,2025-09-28 17:00:00+00:00,Islamabad,PK,13137731,27.0,µg/m³,100.0,26.988791680336004,26.988791680336004,26.988791680336004
2025-09-28 17:00:00+00:00,2025-09-28 18:00:00+00:00,Islamabad,PK,13137731,25.6,µg/m³,100.0,25.5798055489858,25.5798055489858,25.5798055489858
2025-09-28 18:00:00+00:00,2025-09-28 19:00:00+00:00,Islamabad,PK,13137731,21.6,µg/m³,100.0,21.62743055820465,21.62743055820465,21.62743055820465
2025-09-28 19:00:00+00:00,2025-09-28 20:00:00+00:00,Islamabad,PK,13137731,22.0,µg/m³,100.0,22.015249999364215,22.015249999364215,22.015249999364215
2025-09-28 20:00:00+00:00,2025-09-28 21:00:00+00:00,Islamabad,PK,13137731,22.6,µg/m³,100.0,22.562986111640928,22.562986111640928,22.562986111640928
2025-09-28 21:00:00+00:00,2025-09-28 22:00:00+00:00,Islamabad,PK,13137731,22.1,µg/m³,100.0,22.10879166126251,22.10879166126251,22.10879166126251
2025-09-28 22:00:00+00:00,2025-09-28 23:00:00+00:00,Islamabad,PK,13137731,22.3,µg/m³,100.0,22.338458323478694,22.338458323478694,22.338458323478694
2025-09-28 23:00:00+00:00,2025-09-29 00:00:00+00:00,Islamabad,PK,13137731,22.6,µg/m³,100.0,22.59336111810472,22.59336111810472,22.59336111810472
2025-09-29 00:00:00+00:00,2025-09-29 01:00:00+00:00,Islamabad,PK,13137731,23.8,µg/m³,100.0,23.842999982833863,23.842999982833863,23.842999982833863
2025-09-29 01:00:00+00:00,2025-09-29 02:00:00+00:00,Islamabad,PK,13137731,31.7,µg/m³,100.0,31.71895454580134,31.71895454580134,31.71895454580134
2025-09-29 02:00:00+00:00,2025-09-29 03:00:00+00:00,Islamabad,PK,13137731,49.5,µg/m³,100.0,49.473416264851885,49.473416264851885,49.473416264851885
2025-09-29 12:00:00+00:00,2025-09-29 13:00:00+00:00,Islamabad,PK,13137731,39.0,µg/m³,100.0,38.96824989318848,38.96824989318848,38.96824989318848
2025-09-29 13:00:00+00:00,2025-09-29 14:00:00+00:00,Islamabad,PK,13137731,44.0,µg/m³,100.0,44.0409723493788,44.0409723493788,44.0409723493788
2025-09-29 14:00:00+00:00,2025-09-29 15:00:00+00:00,Islamabad,PK,13137731,54.0,µg/m³,100.0,53.999041811625155,53.999041811625155,53.999041811625155
2025-09-29 15:00:00+00:00,2025-09-29 16:00:00+00:00,Islamabad,PK,13137731,64.9,µg/m³,100.0,64.94987468719482,64.94987468719482,64.94987468719482
2025-09-29 16:00:00+00:00,2025-09-29 17:00:00+00:00,Islamabad,PK,13137731,66.3,µg/m³,100.0,66.25558369954427,66.25558369954427,66.25558369954427
2025-09-29 17:00:00+00:00,2025-09-29 18:00:00+00:00,Islamabad,PK,13137731,70.2,µg/m³,100.0,70.22120812733968,70.22120812733968,70.22120812733968
2025-09-29 18:00:00+00:00,2025-09-29 19:00:00+00:00,Islamabad,PK,13137731,40.4,µg/m³,100.0,40.39833348592123,40.39833348592123,40.39833348592123
2025-09-29 19:00:00+00:00,2025-09-29 20:00:00+00:00,Islamabad,PK,13137731,29.9,µg/m³,100.0,29.896874944368992,29.896874944368992,29.896874944368992
2025-09-29 20:00:00+00:00,2025-09-29 21:00:00+00:00,Islamabad,PK,13137731,31.4,µg/m³,100.0,31.43962491353353,31.43962491353353,31.43962491353353
2025-09-29 21:00:00+00:00,2025-09-29 22:00:00+00:00,Islamabad,PK,13137731,35.2,µg/m³,100.0,35.21595834096273,35.21595834096273,35.21595834096273
2025-09-29 22:00:00+00:00,2025-09-29 23:00:00+00:00,Islamabad,PK,13137731,38.5,µg/m³,100.0,38.47983334859213,38.47983334859213,38.47983334859213
2025-09-30 00:00:00+00:00,2025-09-30 01:00:00+00:00,Islamabad,PK,13137731,50.7,µg/m³,100.0,50.72156267166138,50.72156267166138,50.72156267166138
2025-09-30 01:00:00+00:00,2025-09-30 02:00:00+00:00,Islamabad,PK,13137731,60.1,µg/m³,100.0,60.0653340657552,60.0653340657552,60.0653340657552
2025-09-30 02:00:00+00:00,2025-09-30 03:00:00+00:00,Islamabad,PK,13137731,67.3,µg/m³,100.0,67.25766665140789,67.25766665140789,67.25766665140789
2025-09-30 03:00:00+00:00,2025-09-30 04:00:00+00:00,Islamabad,PK,13137731,86.7,µg/m³,100.0,86.7409580230713,86.7409580230713,86.7409580230713
2025-09-30 04:00:00+00:00,2025-09-30 05:00:00+00:00,Islamabad,PK,13137731,63.3,µg/m³,100.0,63.25099983215332,63.25099983215332,63.25099983215332
2025-09-30 05:00:00+00:00,2025-09-30 06:00:00+00:00,Islamabad,PK,13137731,50.6,µg/m³,100.0,50.59783337910971,50.59783337910971,50.59783337910971
2025-09-30 06:00:00+00:00,2025-09-30 07:00:00+00:00,Islamabad,PK,13137731,51.4,µg/m³,100.0,51.417916742960614,51.417916742960614,51.417916742960614
2025-09-30 09:00:00+00:00,2025-09-30 10:00:00+00:00,Islamabad,PK,13137731,47.5,µg/m³,100.0,47.49566645304362,47.49566645304362,47.49566645304362
2025-09-30 10:00:00+00:00,2025-09-30 11:00:00+00:00,Islamabad,PK,13137731,43.5,µg/m³,100.0,43.53105540805393,43.53105540805393,43.53105540805393
2025-09-30 11:00:00+00:00,2025-09-30 12:00:00+00:00,Islamabad,PK,13137731,31.6,µg/m³,100.0,31.6211668782764,31.6211668782764,31.6211668782764
2025-09-30 12:00:00+00:00,2025-09-30 13:00:00+00:00,Islamabad,PK,13137731,24.9,µg/m³,100.0,24.940291629897228,24.940291629897228,24.940291629897228
2025-09-30 13:00:00+00:00,2025-09-30 14:00:00+00:00,Islamabad,PK,13137731,31.2,µg/m³,100.0,31.15837488969167,31.15837488969167,31.15837488969167
2025-10-01 09:00:00+00:00,2025-10-01 10:00:00+00:00,Islamabad,PK,13137731,36.2,µg/m³,100.0,36.19535707746233,36.19535707746233,36.19535707746233
2025-10-01 10:00:00+00:00,2025-10-01 11:00:00+00:00,Islamabad,PK,13137731,38.9,µg/m³,100.0,38.946958478291826,38.946958478291826,38.946958478291826
2025-10-01 11:00:00+00:00,2025-10-01 12:00:00+00:00,Islamabad,PK,13137731,36.2,µg/m³,100.0,36.20865301556058,36.20865301556058,36.20865301556058
2025-10-01 12:00:00+00:00,2025-10-01 13:00:00+00:00,Islamabad,PK,13137731,36.6,µg/m³,100.0,36.55145825544992,36.55145825544992,36.55145825544992
2025-10-01 13:00:00+00:00,2025-10-01 14:00:00+00:00,Islamabad,PK,13137731,45.5,µg/m³,100.0,45.52018040551081,45.52018040551081,45.52018040551081
2025-10-01 14:00:00+00:00,2025-10-01 15:00:00+00:00,Islamabad,PK,13137731,41.8,µg/m³,100.0,41.845832951863606,41.845832951863606,41.845832951863606
2025-10-01 15:00:00+00:00,2025-10-01 16:00:00+00:00,Islamabad,PK,13137731,36.7,µg/m³,100.0,36.679152658250594,36.679152658250594,36.679152658250594
2025-10-01 16:00:00+00:00,2025-10-01 17:00:00+00:00,Islamabad,PK,13137731,58.9,µg/m³,100.0,58.91966654459634,58.91966654459634,58.91966654459634
2025-10-01 17:00:00+00:00,2025-10-01 18:00:00+00:00,Islamabad,PK,13137731,78.6,µg/m³,100.0,78.56454578746448,78.56454578746448,78.56454578746448
2025-10-01 18:00:00+00:00,2025-10-01 19:00:00+00:00,Islamabad,PK,13137731,86.9,µg/m³,100.0,86.85116640726726,86.85116640726726,86.85116640726726
2025-10-01 19:00:00+00:00,2025-10-01 20:00:00+00:00,Islamabad,PK,13137731,40.1,µg/m³,100.0,40.068499914805095,40.068499914805095,40.068499914805095
2025-10-01 20:00:00+00:00,2025-10-01 21:00:00+00:00,Islamabad,PK,13137731,42.4,µg/m³,100.0,42.403041521708175,42.403041521708175,42.403041521708175
2025-10-01 21:00:00+00:00,2025-10-01 22:00:00+00:00,Islamabad,PK,13137731,40.3,µg/m³,100.0,40.327333196004226,40.327333196004226,40.327333196004226
2025-10-01 22:00:00+00:00,2025-10-01 23:00:00+00:00,Islamabad,PK,13137731,33.7,µg/m³,100.0,33.67254149119059,33.67254149119059,33.67254149119059
2025-10-01 23:00:00+00:00,2025-10-02 00:00:00+00:00,Islamabad,PK,13137731,39.3,µg/m³,100.0,39.27516657511394,39.27516657511394,39.27516657511394
2025-10-02 00:00:00+00:00,2025-10-02 01:00:00+00:00,Islamabad,PK,13137731,43.5,µg/m³,100.0,43.54224967956543,43.54224967956543,43.54224967956543
2025-10-02 01:00:00+00:00,2025-10-02 02:00:00+00:00,Islamabad,PK,13137731,46.1,µg/m³,100.0,46.05604178110759,46.05604178110759,46.05604178110759
2025-10-02 02:00:00+00:00,2025-10-02 03:00:00+00:00,Islamabad,PK,13137731,47.3,µg/m³,100.0,47.346916580200194,47.346916580200194,47.346916580200194
2025-10-02 03:00:00+00:00,2025-10-02 04:00:00+00:00,Islamabad,PK,13137731,40.9,µg/m³,100.0,40.929222700330946,40.929222700330946,40.929222700330946
2025-10-02 04:00:00+00:00,2025-10-02 05:00:00+00:00,Islamabad,PK,13137731,31.9,µg/m³,100.0,31.93908344904582,31.93908344904582,31.93908344904582
2025-10-02 05:00:00+00:00,2025-10-02 06:00:00+00:00,Islamabad,PK,13137731,25.2,µg/m³,100.0,25.193541661898294,25.193541661898294,25.193541661898294
2025-10-02 06:00:00+00:00,2025-10-02 07:00:00+00:00,Islamabad,PK,13137731,27.2,µg/m³,100.0,27.155166625976562,27.155166625976562,27.155166625976562
2025-10-02 07:00:00+00:00,2025-10-02 08:00:00+00:00,Islamabad,PK,13137731,31.0,µg/m³,100.0,31.010708247290722,31.010708247290722,31.010708247290722
2025-10-02 08:00:00+00:00,2025-10-02 09:00:00+00:00,Islamabad,PK,13137731,31.5,µg/m³,100.0,31.517833042144773,31.517833042144773,31.517833042144773
2025-10-02 09:00:00+00:00,2025-10-02 10:00:00+00:00,Islamabad,PK,13137731,33.4,µg/m³,100.0,33.37408345540365,33.37408345540365,33.37408345540365
2025-10-02 10:00:00+00:00,2025-10-02 11:00:00+00:00,Islamabad,PK,13137731,33.6,µg/m³,100.0,33.636125024159746,33.636125024159746,33.636125024159746
2025-10-02 11:00:00+00:00,2025-10-02 12:00:00+00:00,Islamabad,PK,13137731,35.9,µg/m³,100.0,35.885125160217285,35.885125160217285,35.885125160217285
2025-10-02 12:00:00+00:00,2025-10-02 13:00:00+00:00,Islamabad,PK,13137731,36.5,µg/m³,100.0,36.54181920157538,36.54181920157538,36.54181920157538
2025-10-02 13:00:00+00:00,2025-10-02 14:00:00+00:00,Islamabad,PK,13137731,29.4,µg/m³,100.0,29.378287621700395,29.378287621700395,29.378287621700395
2025-10-02 14:00:00+00:00,2025-10-02 15:00:00+00:00,Islamabad,PK,13137731,21.2,µg/m³,100.0,21.22362498442332,21.22362498442332,21.22362498442332
2025-10-02 15:00:00+00:00,2025-10-02 16:00:00+00:00,Islamabad,PK,13137731,24.4,µg/m³,100.0,24.37824998961555,24.37824998961555,24.37824998961555
2025-10-02 16:00:00+00:00,2025-10-02 17:00:00+00:00,Islamabad,PK,13137731,39.7,µg/m³,100.0,39.707291369968,39.707291369968,39.707291369968
2025-10-02 17:00:00+00:00,2025-10-02 18:00:00+00:00,Islamabad,PK,13137731,32.7,µg/m³,100.0,32.66295808156332,32.66295808156332,32.66295808156332
2025-10-02 18:00:00+00:00,2025-10-02 19:00:00+00:00,Islamabad,PK,13137731,33.9,µg/m³,100.0,33.91049998601277,33.91049998601277,33.91049998601277
2025-10-02 19:00:00+00:00,2025-10-02 20:00:00+00:00,Islamabad,PK,13137731,41.7,µg/m³,100.0,41.70300025939941,41.70300025939941,41.70300025939941
2025-10-02 20:00:00+00:00,2025-10-02 21:00:00+00:00,Islamabad,PK,13137731,34.4,µg/m³,100.0,34.44069405661689,34.44069405661689,34.44069405661689
2025-10-02 21:00:00+00:00,2025-10-02 22:00:00+00:00,Islamabad,PK,13137731,34.9,µg/m³,100.0,34.86691691080729,34.86691691080729,34.86691691080729
2025-10-02 22:00:00+00:00,2025-10-02 23:00:00+00:00,Islamabad,PK,13137731,43.3,µg/m³,100.0,43.29452793333265,43.29452793333265,43.29452793333265
2025-10-02 23:00:00+00:00,2025-10-03 00:00:00+00:00,Islamabad,PK,13137731,31.8,µg/m³,100.0,31.82395825386048,31.82395825386048,31.82395825386048
2025-10-03 00:00:00+00:00,2025-10-03 01:00:00+00:00,Islamabad,PK,13137731,36.3,µg/m³,100.0,36.33558362325032,36.33558362325032,36.33558362325032
2025-10-03 01:00:00+00:00,2025-10-03 02:00:00+00:00,Islamabad,PK,13137731,40.7,µg/m³,100.0,40.73716684977213,40.73716684977213,40.73716684977213
2025-10-03 02:00:00+00:00,2025-10-03 03:00:00+00:00,Islamabad,PK,13137731,40.7,µg/m³,100.0,40.70508321126302,40.70508321126302,40.70508321126302
2025-10-03 03:00:00+00:00,2025-10-03 04:00:00+00:00,Islamabad,PK,13137731,43.9,µg/m³,100.0,43.9472916285197,43.9472916285197,43.9472916285197
2025-10-03 04:00:00+00:00,2025-10-03 05:00:00+00:00,Islamabad,PK,13137731,43.0,µg/m³,100.0,42.95545838673909,42.95545838673909,42.95545838673909
2025-10-03 05:00:00+00:00,2025-10-03 06:00:00+00:00,Islamabad,PK,13137731,34.2,µg/m³,100.0,34.200708421071376,34.200708421071376,34.200708421071376
2025-10-03 06:00:00+00:00,2025-10-03 07:00:00+00:00,Islamabad,PK,13137731,30.3,µg/m³,100.0,30.319402792718673,30.319402792718673,30.319402792718673
2025-10-03 07:00:00+00:00,2025-10-03 08:00:00+00:00,Islamabad,PK,13137731,24.6,µg/m³,100.0,24.564319374826216,24.564319374826216,24.564319374826216
2025-10-03 08:00:00+00:00,2025-10-03 09:00:00+00:00,Islamabad,PK,13137731,22.9,µg/m³,100.0,22.871402796109518,22.871402796109518,22.871402796109518
2025-10-03 09:00:00+00:00,2025-10-03 10:00:00+00:00,Islamabad,PK,13137731,23.0,µg/m³,100.0,23.013874983787534,23.013874983787534,23.013874983787534
2025-10-03 10:00:00+00:00,2025-10-03 11:00:00+00:00,Islamabad,PK,13137731,23.6,µg/m³,100.0,23.56437499523163,23.56437499523163,23.56437499523163
2025-10-03 11:00:00+00:00,2025-10-03 12:00:00+00:00,Islamabad,PK,13137731,25.6,µg/m³,100.0,25.598958325386047,25.598958325386047,25.598958325386047
2025-10-03 12:00:00+00:00,2025-10-03 13:00:00+00:00,Islamabad,PK,13137731,31.7,µg/m³,100.0,31.7152916987737,31.7152916987737,31.7152916987737
2025-10-03 13:00:00+00:00,2025-10-03 14:00:00+00:00,Islamabad,PK,13137731,29.1,µg/m³,100.0,29.104541664653357,29.104541664653357,29.104541664653357
2025-10-03 14:00:00+00:00,2025-10-03 15:00:00+00:00,Islamabad,PK,13137731,32.1,µg/m³,100.0,32.12301412158542,32.12301412158542,32.12301412158542
2025-10-03 15:00:00+00:00,2025-10-03 16:00:00+00:00,Islamabad,PK,13137731,28.5,µg/m³,100.0,28.537388843960233,28.537388843960233,28.537388843960233
2025-10-03 16:00:00+00:00,2025-10-03 17:00:00+00:00,Islamabad,PK,13137731,40.3,µg/m³,100.0,40.34887488683065,40.34887488683065,40.34887488683065
2025-10-03 17:00:00+00:00,2025-10-03 18:00:00+00:00,Islamabad,PK,13137731,36.1,µg/m³,100.0,36.10363889270359,36.10363889270359,36.10363889270359
2025-10-03 18:00:00+00:00,2025-10-03 19:00:00+00:00,Islamabad,PK,13137731,40.0,µg/m³,100.0,40.00733311971028,40.00733311971028,40.00733311971028
2025-10-03 19:00:00+00:00,2025-10-03 20:00:00+00:00,Islamabad,PK,13137731,52.1,µg/m³,100.0,52.10208333333333,52.10208333333333,52.10208333333333
2025-10-03 20:00:00+00:00,2025-10-03 21:00:00+00:00,Islamabad,PK,13137731,50.7,µg/m³,100.0,50.66654160817464,50.66654160817464,50.66654160817464
2025-10-03 21:00:00+00:00,2025-10-03 22:00:00+00:00,Islamabad,PK,13137731,32.2,µg/m³,100.0,32.21479167143504,32.21479167143504,32.21479167143504
2025-10-03 22:00:00+00:00,2025-10-03 23:00:00+00:00,Islamabad,PK,13137731,56.1,µg/m³,100.0,56.05212508837383,56.05212508837383,56.05212508837383
2025-10-03 23:00:00+00:00,2025-10-04 00:00:00+00:00,Islamabad,PK,13137731,55.8,µg/m³,100.0,55.80437488555908,55.80437488555908,55.80437488555908
2025-10-04 00:00:00+00:00,2025-10-04 01:00:00+00:00,Islamabad,PK,13137731,102.0,µg/m³,100.0,101.68366686503093,101.68366686503093,101.68366686503093
2025-10-04 01:00:00+00:00,2025-10-04 02:00:00+00:00,Islamabad,PK,13137731,106.0,µg/m³,100.0,105.51670831044515,105.51670831044515,105.51670831044515
2025-10-04 02:00:00+00:00,2025-10-04 03:00:00+00:00,Islamabad,PK,13137731,66.0,µg/m³,100.0,65.97716649373372,65.97716649373372,65.97716649373372
2025-10-04 03:00:00+00:00,2025-10-04 04:00:00+00:00,Islamabad,PK,13137731,30.5,µg/m³,100.0,30.492749993006388,30.492749993006388,30.492749993006388
2025-10-04 04:00:00+00:00,2025-10-04 05:00:00+00:00,Islamabad,PK,13137731,24.8,µg/m³,100.0,24.827208336194357,24.827208336194357,24.827208336194357
2025-10-04 05:00:00+00:00,2025-10-04 06:00:00+00:00,Islamabad,PK,13137731,24.8,µg/m³,100.0,24.77658333778381,24.77658333778381,24.77658333778381
2025-10-04 07:00:00+00:00,2025-10-04 08:00:00+00:00,Islamabad,PK,13137731,24.0,µg/m³,100.0,23.994208327929183,23.994208327929183,23.994208327929183
2025-10-04 08:00:00+00:00,2025-10-04 09:00:00+00:00,Islamabad,PK,13137731,29.7,µg/m³,100.0,29.669666663805646,29.669666663805646,29.669666663805646
2025-10-04 09:00:00+00:00,2025-10-04 10:00:00+00:00,Islamabad,PK,13137731,28.2,µg/m³,100.0,28.186333227157593,28.186333227157593,28.186333227157593
2025-10-04 10:00:00+00:00,2025-10-04 11:00:00+00:00,Islamabad,PK,13137731,23.2,µg/m³,100.0,23.22568056053586,23.22568056053586,23.22568056053586
2025-10-04 11:00:00+00:00,2025-10-04 12:00:00+00:00,Islamabad,PK,13137731,23.4,µg/m³,100.0,23.410833326975503,23.410833326975503,23.410833326975503
2025-10-04 12:00:00+00:00,2025-10-04 13:00:00+00:00,Islamabad,PK,13137731,11.1,µg/m³,100.0,11.107624994383917,11.107624994383917,11.107624994383917
2025-10-04 13:00:00+00:00,2025-10-04 14:00:00+00:00,Islamabad,PK,13137731,5.91,µg/m³,100.0,5.910791675249737,5.910791675249737,5.910791675249737
2025-10-04 14:00:00+00:00,2025-10-04 15:00:00+00:00,Islamabad,PK,13137731,6.47,µg/m³,100.0,6.470583348804049,6.470583348804049,6.470583348804049
2025-10-04 15:00:00+00:00,2025-10-04 16:00:00+00:00,Islamabad,PK,13137731,6.45,µg/m³,100.0,6.449916664759319,6.449916664759319,6.449916664759319
2025-10-04 16:00:00+00:00,2025-10-04 17:00:00+00:00,Islamabad,PK,13137731,9.39,µg/m³,100.0,9.390416653951009,9.390416653951009,9.390416653951009
2025-10-04 17:00:00+00:00,2025-10-04 18:00:00+00:00,Islamabad,PK,13137731,11.7,µg/m³,100.0,11.748597232500712,11.748597232500712,11.748597232500712
2025-10-04 18:00:00+00:00,2025-10-04 19:00:00+00:00,Islamabad,PK,13137731,10.5,µg/m³,100.0,10.459958338737488,10.459958338737488,10.459958338737488
2025-10-04 19:00:00+00:00,2025-10-04 20:00:00+00:00,Islamabad,PK,13137731,8.67,µg/m³,100.0,8.672736133469476,8.672736133469476,8.672736133469476
2025-10-04 20:00:00+00:00,2025-10-04 21:00:00+00:00,Islamabad,PK,13137731,8.13,µg/m³,100.0,8.1315833568573,8.1315833568573,8.1315833568573
2025-10-04 21:00:00+00:00,2025-10-04 22:00:00+00:00,Islamabad,PK,13137731,8.36,µg/m³,100.0,8.361875001589459,8.361875001589459,8.361875001589459
2025-10-04 22:00:00+00:00,2025-10-04 23:00:00+00:00,Islamabad,PK,13137731,8.94,µg/m³,100.0,8.937583335240683,8.937583335240683,8.937583335240683
2025-10-04 23:00:00+00:00,2025-10-05 00:00:00+00:00,Islamabad,PK,13137731,11.4,µg/m³,100.0,11.438416661156547,11.438416661156547,11.438416661156547
2025-10-05 00:00:00+00:00,2025-10-05 01:00:00+00:00,Islamabad,PK,13137731,12.6,µg/m³,100.0,12.625999991099038,12.625999991099038,12.625999991099038
2025-10-05 01:00:00+00:00,2025-10-05 02:00:00+00:00,Islamabad,PK,13137731,18.7,µg/m³,100.0,18.73241664568583,18.73241664568583,18.73241664568583
2025-10-05 02:00:00+00:00,2025-10-05 03:00:00+00:00,Islamabad,PK,13137731,21.5,µg/m³,100.0,21.49084722995758,21.49084722995758,21.49084722995758
2025-10-05 03:00:00+00:00,2025-10-05 04:00:00+00:00,Islamabad,PK,13137731,21.4,µg/m³,100.0,21.3529583480623,21.3529583480623,21.3529583480623
2025-10-05 04:00:00+00:00,2025-10-05 05:00:00+00:00,Islamabad,PK,13137731,22.3,µg/m³,100.0,22.32754166126251,22.32754166126251,22.32754166126251
2025-10-05 05:00:00+00:00,2025-10-05 06:00:00+00:00,Islamabad,PK,13137731,22.6,µg/m³,100.0,22.60594444804721,22.60594444804721,22.60594444804721
2025-10-05 06:00:00+00:00,2025-10-05 07:00:00+00:00,Islamabad,PK,13137731,23.5,µg/m³,100.0,23.485819485452442,23.485819485452442,23.485819485452442
2025-10-05 07:00:00+00:00,2025-10-05 08:00:00+00:00,Islamabad,PK,13137731,17.1,µg/m³,100.0,17.0503749926885,17.0503749926885,17.0503749926885
2025-10-05 08:00:00+00:00,2025-10-05 09:00:00+00:00,Islamabad,PK,13137731,17.5,µg/m³,100.0,17.546708353360497,17.546708353360497,17.546708353360497
2025-10-05 09:00:00+00:00,2025-10-05 10:00:00+00:00,Islamabad,PK,13137731,13.9,µg/m³,100.0,13.853833325703938,13.853833325703938,13.853833325703938
2025-10-05 10:00:00+00:00,2025-10-05 11:00:00+00:00,Islamabad,PK,13137731,9.14,µg/m³,100.0,9.136875001589457,9.136875001589457,9.136875001589457
2025-10-05 11:00:00+00:00,2025-10-05 12:00:00+00:00,Islamabad,PK,13137731,9.53,µg/m³,100.0,9.526583337783814,9.526583337783814,9.526583337783814
2025-10-05 12:00:00+00:00,2025-10-05 13:00:00+00:00,Islamabad,PK,13137731,13.4,µg/m³,100.0,13.389986115031773,13.389986115031773,13.389986115031773
2025-10-05 13:00:00+00:00,2025-10-05 14:00:00+00:00,Islamabad,PK,13137731,17.5,µg/m³,100.0,17.494874993960064,17.494874993960064,17.494874993960064
2025-10-05 14:00:00+00:00,2025-10-05 15:00:00+00:00,Islamabad,PK,13137731,17.7,µg/m³,100.0,17.685291663805643,17.685291663805643,17.685291663805643
2025-10-05 15:00:00+00:00,2025-10-05 16:00:00+00:00,Islamabad,PK,13137731,13.7,µg/m³,100.0,13.652583355373805,13.652583355373805,13.652583355373805
2025-10-05 16:00:00+00:00,2025-10-05 17:00:00+00:00,Islamabad,PK,13137731,13.3,µg/m³,100.0,13.280277782016329,13.280277782016329,13.280277782016329
2025-10-05 17:00:00+00:00,2025-10-05 18:00:00+00:00,Islamabad,PK,13137731,12.7,µg/m³,100.0,12.727888891432023,12.727888891432023,12.727888891432023
2025-10-05 18:00:00+00:00,2025-10-05 19:00:00+00:00,Islamabad,PK,13137731,13.7,µg/m³,100.0,13.687291661898294,13.687291661898294,13.687291661898294
2025-10-05 19:00:00+00:00,2025-10-05 20:00:00+00:00,Islamabad,PK,13137731,12.6,µg/m³,100.0,12.633958331743878,12.633958331743878,12.633958331743878
2025-10-05 20:00:00+00:00,2025-10-05 21:00:00+00:00,Islamabad,PK,13137731,11.1,µg/m³,100.0,11.133333322736952,11.133333322736952,11.133333322736952
2025-10-05 21:00:00+00:00,2025-10-05 22:00:00+00:00,Islamabad,PK,13137731,10.8,µg/m³,100.0,10.812041656176248,10.812041656176248,10.812041656176248
2025-10-05 22:00:00+00:00,2025-10-05 23:00:00+00:00,Islamabad,PK,13137731,10.8,µg/m³,100.0,10.759541678428649,10.759541678428649,10.759541678428649
2025-10-05 23:00:00+00:00,2025-10-06 00:00:00+00:00,Islamabad,PK,13137731,11.0,µg/m³,100.0,10.967583338419596,10.967583338419596,10.967583338419596
2025-10-06 00:00:00+00:00,2025-10-06 01:00:00+00:00,Islamabad,PK,13137731,11.9,µg/m³,100.0,11.941916672388714,11.941916672388714,11.941916672388714
2025-10-06 01:00:00+00:00,2025-10-06 02:00:00+00:00,Islamabad,PK,13137731,14.5,µg/m³,100.0,14.480916659037272,14.480916659037272,14.480916659037272
2025-10-06 02:00:00+00:00,2025-10-06 03:00:00+00:00,Islamabad,PK,13137731,16.0,µg/m³,100.0,16.047444433636134,16.047444433636134,16.047444433636134
2025-10-06 03:00:00+00:00,2025-10-06 04:00:00+00:00,Islamabad,PK,13137731,15.5,µg/m³,100.0,15.512013883060881,15.512013883060881,15.512013883060881
2025-10-06 04:00:00+00:00,2025-10-06 05:00:00+00:00,Islamabad,PK,13137731,15.7,µg/m³,100.0,15.747416655222574,15.747416655222574,15.747416655222574
2025-10-06 05:00:00+00:00,2025-10-06 06:00:00+00:00,Islamabad,PK,13137731,16.2,µg/m³,100.0,16.2071944448683,16.2071944448683,16.2071944448683
2025-10-06 06:00:00+00:00,2025-10-06 07:00:00+00:00,Islamabad,PK,13137731,19.2,µg/m³,100.0,19.153874993324283,19.153874993324283,19.153874993324283
2025-10-06 07:00:00+00:00,2025-10-06 08:00:00+00:00,Islamabad,PK,13137731,21.7,µg/m³,100.0,21.724666674931843,21.724666674931843,21.724666674931843
2025-10-06 08:00:00+00:00,2025-10-06 09:00:00+00:00,Islamabad,PK,13137731,22.2,µg/m³,100.0,22.220833349227906,22.220833349227906,22.220833349227906
2025-10-06 09:00:00+00:00,2025-10-06 10:00:00+00:00,Islamabad,PK,13137731,20.4,µg/m³,100.0,20.366500012079875,20.366500012079875,20.366500012079875
2025-10-06 10:00:00+00:00,2025-10-06 11:00:00+00:00,Islamabad,PK,13137731,20.5,µg/m³,100.0,20.528500000635784,20.528500000635784,20.528500000635784
2025-10-06 11:00:00+00:00,2025-10-06 12:00:00+00:00,Islamabad,PK,13137731,20.9,µg/m³,100.0,20.93320834636688,20.93320834636688,20.93320834636688
2025-10-06 12:00:00+00:00,2025-10-06 13:00:00+00:00,Islamabad,PK,13137731,20.6,µg/m³,100.0,20.58933332761129,20.58933332761129,20.58933332761129
2025-10-06 13:00:00+00:00,2025-10-06 14:00:00+00:00,Islamabad,PK,13137731,21.2,µg/m³,100.0,21.18679166634877,21.18679166634877,21.18679166634877
2025-10-06 14:00:00+00:00,2025-10-06 15:00:00+00:00,Islamabad,PK,13137731,21.4,µg/m³,100.0,21.394527758492362,21.394527758492362,21.394527758492362
2025-10-06 15:00:00+00:00,2025-10-06 16:00:00+00:00,Islamabad,PK,13137731,24.0,µg/m³,100.0,23.985638893975153,23.985638893975153,23.985638893975153
2025-10-06 16:00:00+00:00,2025-10-06 17:00:00+00:00,Islamabad,PK,13137731,21.2,µg/m³,100.0,21.217708325386045,21.217708325386045,21.217708325386045
2025-10-06 17:00:00+00:00,2025-10-06 18:00:00+00:00,Islamabad,PK,13137731,19.5,µg/m³,100.0,19.451625005404154,19.451625005404154,19.451625005404154
2025-10-06 18:00:00+00:00,2025-10-06 19:00:00+00:00,Islamabad,PK,13137731,17.2,µg/m³,100.0,17.166166671117143,17.166166671117143,17.166166671117143
2025-10-06 19:00:00+00:00,2025-10-06 20:00:00+00:00,Islamabad,PK,13137731,17.8,µg/m³,100.0,17.763500006993613,17.763500006993613,17.763500006993613
2025-10-06 20:00:00+00:00,2025-10-06 21:00:00+00:00,Islamabad,PK,13137731,19.0,µg/m³,100.0,19.029208334287006,19.029208334287006,19.029208334287006
2025-10-06 21:00:00+00:00,2025-10-06 22:00:00+00:00,Islamabad,PK,13137731,17.9,µg/m³,100.0,17.936958320935563,17.936958320935563,17.936958320935563
2025-10-06 22:00:00+00:00,2025-10-06 23:00:00+00:00,Islamabad,PK,13137731,17.4,µg/m³,100.0,17.393708332379656,17.393708332379656,17.393708332379656
2025-10-06 23:00:00+00:00,2025-10-07 00:00:00+00:00,Islamabad,PK,13137731,16.6,µg/m³,100.0,16.58266666730245,16.58266666730245,16.58266666730245
2025-10-07 00:00:00+00:00,2025-10-07 01:00:00+00:00,Islamabad,PK,13137731,16.6,µg/m³,100.0,16.60129166444143,16.60129166444143,16.60129166444143
2025-10-07 01:00:00+00:00,2025-10-07 02:00:00+00:00,Islamabad,PK,13137731,17.7,µg/m³,100.0,17.709833335876464,17.709833335876464,17.709833335876464
2025-10-07 02:00:00+00:00,2025-10-07 03:00:00+00:00,Islamabad,PK,13137731,19.4,µg/m³,100.0,19.446916659673054,19.446916659673054,19.446916659673054
2025-10-07 03:00:00+00:00,2025-10-07 04:00:00+00:00,Islamabad,PK,13137731,26.8,µg/m³,100.0,26.79866669707828,26.79866669707828,26.79866669707828
2025-10-07 04:00:00+00:00,2025-10-07 05:00:00+00:00,Islamabad,PK,13137731,37.6,µg/m³,100.0,37.60141626993815,37.60141626993815,37.60141626993815
2025-10-07 05:00:00+00:00,2025-10-07 06:00:00+00:00,Islamabad,PK,13137731,35.9,µg/m³,100.0,35.91687526702881,35.91687526702881,35.91687526702881
2025-10-07 06:00:00+00:00,2025-10-07 07:00:00+00:00,Islamabad,PK,13137731,39.0,µg/m³,100.0,38.98286141024696,38.98286141024696,38.98286141024696
2025-10-07 07:00:00+00:00,2025-10-07 08:00:00+00:00,Islamabad,PK,13137731,36.1,µg/m³,100.0,36.082680532667375,36.082680532667375,36.082680532667375
2025-10-07 08:00:00+00:00,2025-10-07 09:00:00+00:00,Islamabad,PK,13137731,30.5,µg/m³,100.0,30.506819298532267,30.506819298532267,30.506819298532267
2025-10-07 09:00:00+00:00,2025-10-07 10:00:00+00:00,Islamabad,PK,13137731,18.4,µg/m³,100.0,18.37229166825612,18.37229166825612,18.37229166825612
2025-10-07 10:00:00+00:00,2025-10-07 11:00:00+00:00,Islamabad,PK,13137731,16.8,µg/m³,100.0,16.783555518256293,16.783555518256293,16.783555518256293
2025-10-07 11:00:00+00:00,2025-10-07 12:00:00+00:00,Islamabad,PK,13137731,14.6,µg/m³,100.0,14.619500001271568,14.619500001271568,14.619500001271568
2025-10-07 12:00:00+00:00,2025-10-07 13:00:00+00:00,Islamabad,PK,13137731,13.0,µg/m³,100.0,12.961791666348773,12.961791666348773,12.961791666348773
2025-10-07 13:00:00+00:00,2025-10-07 14:00:00+00:00,Islamabad,PK,13137731,16.2,µg/m³,100.0,16.235083325703936,16.235083325703936,16.235083325703936
2025-10-07 14:00:00+00:00,2025-10-07 15:00:00+00:00,Islamabad,PK,13137731,19.4,µg/m³,100.0,19.350597214698794,19.350597214698794,19.350597214698794
2025-10-07 15:00:00+00:00,2025-10-07 16:00:00+00:00,Islamabad,PK,13137731,21.9,µg/m³,100.0,21.885708276430766,21.885708276430766,21.885708276430766
2025-10-07 16:00:00+00:00,2025-10-07 17:00:00+00:00,Islamabad,PK,13137731,16.7,µg/m³,100.0,16.66162503560384,16.66162503560384,16.66162503560384
2025-10-07 17:00:00+00:00,2025-10-07 18:00:00+00:00,Islamabad,PK,13137731,14.5,µg/m³,100.0,14.52279165320926,14.52279165320926,14.52279165320926
2025-10-07 18:00:00+00:00,2025-10-07 19:00:00+00:00,Islamabad,PK,13137731,9.16,µg/m³,100.0,9.158166678746541,9.158166678746541,9.158166678746541
2025-10-07 19:00:00+00:00,2025-10-07 20:00:00+00:00,Islamabad,PK,13137731,8.6,µg/m³,100.0,8.598833338419597,8.598833338419597,8.598833338419597
2025-10-07 20:00:00+00:00,2025-10-07 21:00:00+00:00,Islamabad,PK,13137731,18.1,µg/m³,100.0,18.133013897471958,18.133013897471958,18.133013897471958
2025-10-07 21:00:00+00:00,2025-10-07 22:00:00+00:00,Islamabad,PK,13137731,20.2,µg/m³,100.0,20.154958335558575,20.154958335558575,20.154958335558575
2025-10-07 22:00:00+00:00,2025-10-07 23:00:00+00:00,Islamabad,PK,13137731,25.3,µg/m³,100.0,25.30294445355733,25.30294445355733,25.30294445355733
2025-10-07 23:00:00+00:00,2025-10-08 00:00:00+00:00,Islamabad,PK,13137731,24.5,µg/m³,100.0,24.514180546336704,24.514180546336704,24.514180546336704
2025-10-08 00:00:00+00:00,2025-10-08 01:00:00+00:00,Islamabad,PK,13137731,27.1,µg/m³,100.0,27.110402777459885,27.110402777459885,27.110402777459885
2025-10-08 01:00:00+00:00,2025-10-08 02:00:00+00:00,Islamabad,PK,13137731,31.9,µg/m³,100.0,31.92116651535034,31.92116651535034,31.92116651535034
2025-10-08 02:00:00+00:00,2025-10-08 03:00:00+00:00,Islamabad,PK,13137731,54.1,µg/m³,100.0,54.07516657511393,54.07516657511393,54.07516657511393
2025-10-08 03:00:00+00:00,2025-10-08 04:00:00+00:00,Islamabad,PK,13137731,62.9,µg/m³,100.0,62.89883308410645,62.89883308410645,62.89883308410645
2025-10-08 04:00:00+00:00,2025-10-08 05:00:00+00:00,Islamabad,PK,13137731,39.7,µg/m³,100.0,39.67058347066243,39.67058347066243,39.67058347066243
2025-10-08 05:00:00+00:00,2025-10-08 06:00:00+00:00,Islamabad,PK,13137731,47.3,µg/m³,100.0,47.307514084710014,47.307514084710014,47.307514084710014
2025-10-08 06:00:00+00:00,2025-10-08 07:00:00+00:00,Islamabad,PK,13137731,34.8,µg/m³,100.0,34.821792189280195,34.821792189280195,34.821792189280195
2025-10-08 07:00:00+00:00,2025-10-08 08:00:00+00:00,Islamabad,PK,13137731,34.0,µg/m³,100.0,34.03041693369548,34.03041693369548,34.03041693369548
2025-10-08 08:00:00+00:00,2025-10-08 09:00:00+00:00,Islamabad,PK,13137731,32.5,µg/m³,100.0,32.54233321348826,32.54233321348826,32.54233321348826
2025-10-08 09:00:00+00:00,2025-10-08 10:00:00+00:00,Islamabad,PK,13137731,24.5,µg/m³,100.0,24.52138891220093,24.52138891220093,24.52138891220093
2025-10-08 10:00:00+00:00,2025-10-08 11:00:00+00:00,Islamabad,PK,13137731,15.5,µg/m³,100.0,15.530916664335464,15.530916664335464,15.530916664335464
2025-10-08 11:00:00+00:00,2025-10-08 12:00:00+00:00,Islamabad,PK,13137731,13.1,µg/m³,100.0,13.128583335876463,13.128583335876463,13.128583335876463
2025-10-08 12:00:00+00:00,2025-10-08 13:00:00+00:00,Islamabad,PK,13137731,14.1,µg/m³,100.0,14.05329167313046,14.05329167313046,14.05329167313046
2025-10-08 13:00:00+00:00,2025-10-08 14:00:00+00:00,Islamabad,PK,13137731,17.1,µg/m³,100.0,17.13829168478648,17.13829168478648,17.13829168478648
2025-10-08 14:00:00+00:00,2025-10-08 15:00:00+00:00,Islamabad,PK,13137731,23.5,µg/m³,100.0,23.522791663805645,23.522791663805645,23.522791663805645
2025-10-08 15:00:00+00:00,2025-10-08 16:00:00+00:00,Islamabad,PK,13137731,20.6,µg/m³,100.0,20.624416653315226,20.624416653315226,20.624416653315226
2025-10-08 16:00:00+00:00,2025-10-08 17:00:00+00:00,Islamabad,PK,13137731,22.4,µg/m³,100.0,22.427583289146426,22.427583289146426,22.427583289146426
2025-10-08 17:00:00+00:00,2025-10-08 18:00:00+00:00,Islamabad,PK,13137731,20.2,µg/m³,100.0,20.19391667048136,20.19391667048136,20.19391667048136
2025-10-08 18:00:00+00:00,2025-10-08 19:00:00+00:00,Islamabad,PK,13137731,19.9,µg/m³,100.0,19.907041668891907,19.907041668891907,19.907041668891907
2025-10-08 19:00:00+00:00,2025-10-08 20:00:00+00:00,Islamabad,PK,13137731,24.8,µg/m³,100.0,24.7552916765213,24.7552916765213,24.7552916765213
2025-10-08 20:00:00+00:00,2025-10-08 21:00:00+00:00,Islamabad,PK,13137731,30.6,µg/m³,100.0,30.562833285331724,30.562833285331724,30.562833285331724
2025-10-08 21:00:00+00:00,2025-10-08 22:00:00+00:00,Islamabad,PK,13137731,27.0,µg/m³,100.0,27.004124999046326,27.004124999046326,27.004124999046326
2025-10-08 22:00:00+00:00,2025-10-08 23:00:00+00:00,Islamabad,PK,13137731,27.8,µg/m³,100.0,27.799999960263573,27.799999960263573,27.799999960263573
2025-10-08 23:00:00+00:00,2025-10-09 00:00:00+00:00,Islamabad,PK,13137731,34.4,µg/m³,100.0,34.39447248511844,34.39447248511844,34.39447248511844
2025-10-09 00:00:00+00:00,2025-10-09 01:00:00+00:00,Islamabad,PK,13137731,44.4,µg/m³,100.0,44.43858311971028,44.43858311971028,44.43858311971028
2025-10-09 01:00:00+00:00,2025-10-09 02:00:00+00:00,Islamabad,PK,13137731,39.2,µg/m³,100.0,39.2247501373291,39.2247501373291,39.2247501373291
2025-10-09 02:00:00+00:00,2025-10-09 03:00:00+00:00,Islamabad,PK,13137731,40.0,µg/m³,100.0,40.00720831553141,40.00720831553141,40.00720831553141
2025-10-09 03:00:00+00:00,2025-10-09 04:00:00+00:00,Islamabad,PK,13137731,39.7,µg/m³,100.0,39.68708279927571,39.68708279927571,39.68708279927571
2025-10-09 04:00:00+00:00,2025-10-09 05:00:00+00:00,Islamabad,PK,13137731,42.8,µg/m³,100.0,42.75691668192545,42.75691668192545,42.75691668192545
2025-10-09 05:00:00+00:00,2025-10-09 06:00:00+00:00,Islamabad,PK,13137731,41.9,µg/m³,100.0,41.9415694978502,41.9415694978502,41.9415694978502
2025-10-09 06:00:00+00:00,2025-10-09 07:00:00+00:00,Islamabad,PK,13137731,43.2,µg/m³,100.0,43.18600041071574,43.18600041071574,43.18600041071574
2025-10-09 07:00:00+00:00,2025-10-09 08:00:00+00:00,Islamabad,PK,13137731,39.0,µg/m³,100.0,38.966888848940535,38.966888848940535,38.966888848940535
2025-10-09 08:00:00+00:00,2025-10-09 09:00:00+00:00,Islamabad,PK,13137731,20.1,µg/m³,100.0,20.083083327611288,20.083083327611288,20.083083327611288
2025-10-09 09:00:00+00:00,2025-10-09 10:00:00+00:00,Islamabad,PK,13137731,21.5,µg/m³,100.0,21.50687498251597,21.50687498251597,21.50687498251597
2025-10-09 10:00:00+00:00,2025-10-09 11:00:00+00:00,Islamabad,PK,13137731,17.3,µg/m³,100.0,17.336138878928292,17.336138878928292,17.336138878928292
2025-10-09 11:00:00+00:00,2025-10-09 12:00:00+00:00,Islamabad,PK,13137731,17.7,µg/m³,100.0,17.73397223684523,17.73397223684523,17.73397223684523
2025-10-09 12:00:00+00:00,2025-10-09 13:00:00+00:00,Islamabad,PK,13137731,18.2,µg/m³,100.0,18.202333323160808,18.202333323160808,18.202333323160808
2025-10-09 13:00:00+00:00,2025-10-09 14:00:00+00:00,Islamabad,PK,13137731,19.1,µg/m³,100.0,19.071194447411433,19.071194447411433,19.071194447411433
2025-10-09 14:00:00+00:00,2025-10-09 15:00:00+00:00,Islamabad,PK,13137731,21.6,µg/m³,100.0,21.641166671117148,21.641166671117148,21.641166671117148
2025-10-09 15:00:00+00:00,2025-10-09 16:00:00+00:00,Islamabad,PK,13137731,19.7,µg/m³,100.0,19.66504167715708,19.66504167715708,19.66504167715708
2025-10-09 16:00:00+00:00,2025-10-09 17:00:00+00:00,Islamabad,PK,13137731,18.4,µg/m³,100.0,18.44870833555857,18.44870833555857,18.44870833555857
2025-10-09 17:00:00+00:00,2025-10-09 18:00:00+00:00,Islamabad,PK,13137731,17.4,µg/m³,100.0,17.440972232818606,17.440972232818606,17.440972232818606
2025-10-09 18:00:00+00:00,2025-10-09 19:00:00+00:00,Islamabad,PK,13137731,21.2,µg/m³,100.0,21.19749999046326,21.19749999046326,21.19749999046326
2025-10-09 19:00:00+00:00,2025-10-09 20:00:00+00:00,Islamabad,PK,13137731,23.7,µg/m³,100.0,23.714583333333334,23.714583333333334,23.714583333333334
2025-10-09 20:00:00+00:00,2025-10-09 21:00:00+00:00,Islamabad,PK,13137731,23.2,µg/m³,100.0,23.19325001504686,23.19325001504686,23.19325001504686
2025-10-09 21:00:00+00:00,2025-10-09 22:00:00+00:00,Islamabad,PK,13137731,27.3,µg/m³,100.0,27.257208339373268,27.257208339373268,27.257208339373268
2025-10-09 22:00:00+00:00,2025-10-09 23:00:00+00:00,Islamabad,PK,13137731,28.9,µg/m³,100.0,28.923208403587342,28.923208403587342,28.923208403587342
2025-10-09 23:00:00+00:00,2025-10-10 00:00:00+00:00,Islamabad,PK,13137731,27.6,µg/m³,100.0,27.58258333206177,27.58258333206177,27.58258333206177
2025-10-10 00:00:00+00:00,2025-10-10 01:00:00+00:00,Islamabad,PK,13137731,26.1,µg/m³,100.0,26.08383332888285,26.08383332888285,26.08383332888285
2025-10-10 01:00:00+00:00,2025-10-10 02:00:00+00:00,Islamabad,PK,13137731,28.7,µg/m³,100.0,28.74029166698456,28.74029166698456,28.74029166698456
2025-10-10 02:00:00+00:00,2025-10-10 03:00:00+00:00,Islamabad,PK,13137731,29.7,µg/m³,100.0,29.6738749186198,29.6738749186198,29.6738749186198
2025-10-10 03:00:00+00:00,2025-10-10 04:00:00+00:00,Islamabad,PK,13137731,26.3,µg/m³,100.0,26.30995836257935,26.30995836257935,26.30995836257935
2025-10-10 04:00:00+00:00,2025-10-10 05:00:00+00:00,Islamabad,PK,13137731,21.3,µg/m³,100.0,21.289541681607563,21.289541681607563,21.289541681607563
2025-10-10 05:00:00+00:00,2025-10-10 06:00:00+00:00,Islamabad,PK,13137731,17.1,µg/m³,100.0,17.139708330896166,17.139708330896166,17.139708330896166
2025-10-10 06:00:00+00:00,2025-10-10 07:00:00+00:00,Islamabad,PK,13137731,12.4,µg/m³,100.0,12.39004166126251,12.39004166126251,12.39004166126251
2025-10-10 07:00:00+00:00,2025-10-10 08:00:00+00:00,Islamabad,PK,13137731,11.4,µg/m³,100.0,11.442749993006387,11.442749993006387,11.442749993006387
2025-10-10 08:00:00+00:00,2025-10-10 09:00:00+00:00,Islamabad,PK,13137731,13.2,µg/m³,100.0,13.247916677263047,13.247916677263047,13.247916677263047
2025-10-10 09:00:00+00:00,2025-10-10 10:00:00+00:00,Islamabad,PK,13137731,12.3,µg/m³,100.0,12.277500009536745,12.277500009536745,12.277500009536745
2025-10-10 10:00:00+00:00,2025-10-10 11:00:00+00:00,Islamabad,PK,13137731,13.3,µg/m³,100.0,13.31308332549201,13.31308332549201,13.31308332549201
2025-10-10 11:00:00+00:00,2025-10-10 12:00:00+00:00,Islamabad,PK,13137731,15.2,µg/m³,100.0,15.165166680018105,15.165166680018105,15.165166680018105
2025-10-10 12:00:00+00:00,2025-10-10 13:00:00+00:00,Islamabad,PK,13137731,13.7,µg/m³,100.0,13.742819449636668,13.742819449636668,13.742819449636668
2025-10-10 13:00:00+00:00,2025-10-10 14:00:00+00:00,Islamabad,PK,13137731,17.1,µg/m³,100.0,17.122749996185306,17.122749996185306,17.122749996185306
2025-10-10 14:00:00+00:00,2025-10-10 15:00:00+00:00,Islamabad,PK,13137731,18.6,µg/m³,100.0,18.59047222137451,18.59047222137451,18.59047222137451
2025-10-10 15:00:00+00:00,2025-10-10 16:00:00+00:00,Islamabad,PK,13137731,32.3,µg/m³,100.0,32.26233328183492,32.26233328183492,32.26233328183492
2025-10-10 16:00:00+00:00,2025-10-10 17:00:00+00:00,Islamabad,PK,13137731,36.6,µg/m³,100.0,36.63008361657461,36.63008361657461,36.63008361657461
2025-10-10 17:00:00+00:00,2025-10-10 18:00:00+00:00,Islamabad,PK,13137731,26.5,µg/m³,100.0,26.539736104011535,26.539736104011535,26.539736104011535
2025-10-10 18:00:00+00:00,2025-10-10 19:00:00+00:00,Islamabad,PK,13137731,24.3,µg/m³,100.0,24.34733333587647,24.34733333587647,24.34733333587647
2025-10-10 19:00:00+00:00,2025-10-10 20:00:00+00:00,Islamabad,PK,13137731,28.9,µg/m³,100.0,28.9102499961853,28.9102499961853,28.9102499961853
2025-10-10 20:00:00+00:00,2025-10-10 21:00:00+00:00,Islamabad,PK,13137731,30.0,µg/m³,100.0,29.9879999505149,29.9879999505149,29.9879999505149
2025-10-10 21:00:00+00:00,2025-10-10 22:00:00+00:00,Islamabad,PK,13137731,31.4,µg/m³,100.0,31.353764059808523,31.353764059808523,31.353764059808523
2025-10-10 22:00:00+00:00,2025-10-10 23:00:00+00:00,Islamabad,PK,13137731,26.8,µg/m³,100.0,26.808958315849306,26.808958315849306,26.808958315849306
2025-10-10 23:00:00+00:00,2025-10-11 00:00:00+00:00,Islamabad,PK,13137731,35.3,µg/m³,100.0,35.27416671117147,35.27416671117147,35.27416671117147
2025-10-11 00:00:00+00:00,2025-10-11 01:00:00+00:00,Islamabad,PK,13137731,33.4,µg/m³,100.0,33.363791728019706,33.363791728019706,33.363791728019706
2025-10-11 01:00:00+00:00,2025-10-11 02:00:00+00:00,Islamabad,PK,13137731,38.4,µg/m³,100.0,38.39679148197174,38.39679148197174,38.39679148197174
2025-10-11 02:00:00+00:00,2025-10-11 03:00:00+00:00,Islamabad,PK,13137731,39.8,µg/m³,100.0,39.80329186121623,39.80329186121623,39.80329186121623
2025-10-11 03:00:00+00:00,2025-10-11 04:00:00+00:00,Islamabad,PK,13137731,23.0,µg/m³,100.0,22.980916674931844,22.980916674931844,22.980916674931844
2025-10-11 04:00:00+00:00,2025-10-11 05:00:00+00:00,Islamabad,PK,13137731,16.9,µg/m³,100.0,16.885374999046327,16.885374999046327,16.885374999046327
2025-10-11 05:00:00+00:00,2025-10-11 06:00:00+00:00,Islamabad,PK,13137731,11.3,µg/m³,100.0,11.328180554178026,11.328180554178026,11.328180554178026
2025-10-11 06:00:00+00:00,2025-10-11 07:00:00+00:00,Islamabad,PK,13137731,21.2,µg/m³,100.0,21.194069366984895,21.194069366984895,21.194069366984895
2025-10-11 07:00:00+00:00,2025-10-11 08:00:00+00:00,Islamabad,PK,13137731,13.8,µg/m³,100.0,13.817694436179265,13.817694436179265,13.817694436179265
2025-10-11 08:00:00+00:00,2025-10-11 09:00:00+00:00,Islamabad,PK,13137731,15.5,µg/m³,100.0,15.48651389280955,15.48651389280955,15.48651389280955
2025-10-11 09:00:00+00:00,2025-10-11 10:00:00+00:00,Islamabad,PK,13137731,12.8,µg/m³,100.0,12.811805544959173,12.811805544959173,12.811805544959173
2025-10-11 10:00:00+00:00,2025-10-11 11:00:00+00:00,Islamabad,PK,13137731,12.2,µg/m³,100.0,12.245583343505858,12.245583343505858,12.245583343505858
2025-10-11 12:00:00+00:00,2025-10-11 13:00:00+00:00,Islamabad,PK,13137731,14.1,µg/m³,100.0,14.070055553648208,14.070055553648208,14.070055553648208
2025-10-11 13:00:00+00:00,2025-10-11 14:00:00+00:00,Islamabad,PK,13137731,16.0,µg/m³,100.0,16.017458319663998,16.017458319663998,16.017458319663998
2025-10-11 14:00:00+00:00,2025-10-11 15:00:00+00:00,Islamabad,PK,13137731,20.8,µg/m³,100.0,20.750805441538493,20.750805441538493,20.750805441538493
2025-10-11 15:00:00+00:00,2025-10-11 16:00:00+00:00,Islamabad,PK,13137731,29.5,µg/m³,100.0,29.47683321634928,29.47683321634928,29.47683321634928
2025-10-11 16:00:00+00:00,2025-10-11 17:00:00+00:00,Islamabad,PK,13137731,26.0,µg/m³,100.0,26.030666653315226,26.030666653315226,26.030666653315226
2025-10-11 17:00:00+00:00,2025-10-11 18:00:00+00:00,Islamabad,PK,13137731,23.9,µg/m³,100.0,23.87297223409017,23.87297223409017,23.87297223409017
2025-10-11 18:00:00+00:00,2025-10-11 19:00:00+00:00,Islamabad,PK,13137731,31.6,µg/m³,100.0,31.634874773025512,31.634874773025512,31.634874773025512
2025-10-11 19:00:00+00:00,2025-10-11 20:00:00+00:00,Islamabad,PK,13137731,30.0,µg/m³,100.0,29.97706950240665,29.97706950240665,29.97706950240665
2025-10-11 20:00:00+00:00,2025-10-11 21:00:00+00:00,Islamabad,PK,13137731,28.3,µg/m³,100.0,28.251083246866866,28.251083246866866,28.251083246866866
2025-10-11 21:00:00+00:00,2025-10-11 22:00:00+00:00,Islamabad,PK,13137731,27.3,µg/m³,100.0,27.258750009536744,27.258750009536744,27.258750009536744
2025-10-11 22:00:00+00:00,2025-10-11 23:00:00+00:00,Islamabad,PK,13137731,25.4,µg/m³,100.0,25.39350002606709,25.39350002606709,25.39350002606709
2025-10-11 23:00:00+00:00,2025-10-12 00:00:00+00:00,Islamabad,PK,13137731,39.3,µg/m³,100.0,39.25325012207031,39.25325012207031,39.25325012207031
2025-10-12 00:00:00+00:00,2025-10-12 01:00:00+00:00,Islamabad,PK,13137731,39.6,µg/m³,100.0,39.61379175186157,39.61379175186157,39.61379175186157
2025-10-12 01:00:00+00:00,2025-10-12 02:00:00+00:00,Islamabad,PK,13137731,36.1,µg/m³,100.0,36.122360987133455,36.122360987133455,36.122360987133455
2025-10-12 02:00:00+00:00,2025-10-12 03:00:00+00:00,Islamabad,PK,13137731,41.1,µg/m³,100.0,41.11141688028972,41.11141688028972,41.11141688028972
2025-10-12 03:00:00+00:00,2025-10-12 04:00:00+00:00,Islamabad,PK,13137731,43.1,µg/m³,100.0,43.09616661071777,43.09616661071777,43.09616661071777
2025-10-12 04:00:00+00:00,2025-10-12 05:00:00+00:00,Islamabad,PK,13137731,32.5,µg/m³,100.0,32.52520836194356,32.52520836194356,32.52520836194356
2025-10-12 05:00:00+00:00,2025-10-12 06:00:00+00:00,Islamabad,PK,13137731,41.5,µg/m³,100.0,41.46116695404052,41.46116695404052,41.46116695404052
2025-10-12 06:00:00+00:00,2025-10-12 07:00:00+00:00,Islamabad,PK,13137731,31.6,µg/m³,100.0,31.63787477016449,31.63787477016449,31.63787477016449
2025-10-12 07:00:00+00:00,2025-10-12 08:00:00+00:00,Islamabad,PK,13137731,42.2,µg/m³,100.0,42.18870832920075,42.18870832920075,42.18870832920075
2025-10-12 08:00:00+00:00,2025-10-12 09:00:00+00:00,Islamabad,PK,13137731,20.7,µg/m³,100.0,20.685833342870076,20.685833342870076,20.685833342870076
2025-10-12 09:00:00+00:00,2025-10-12 10:00:00+00:00,Islamabad,PK,13137731,19.6,µg/m³,100.0,19.617902790175545,19.617902790175545,19.617902790175545
2025-10-12 10:00:00+00:00,2025-10-12 11:00:00+00:00,Islamabad,PK,13137731,15.3,µg/m³,100.0,15.3024583419164,15.3024583419164,15.3024583419164
2025-10-12 11:00:00+00:00,2025-10-12 12:00:00+00:00,Islamabad,PK,13137731,15.9,µg/m³,100.0,15.938250001271564,15.938250001271564,15.938250001271564
2025-10-12 12:00:00+00:00,2025-10-12 13:00:00+00:00,Islamabad,PK,13137731,21.0,µg/m³,100.0,21.01383333206177,21.01383333206177,21.01383333206177
2025-10-12 13:00:00+00:00,2025-10-12 14:00:00+00:00,Islamabad,PK,13137731,25.7,µg/m³,100.0,25.71687501271566,25.71687501271566,25.71687501271566
2025-10-12 14:00:00+00:00,2025-10-12 15:00:00+00:00,Islamabad,PK,13137731,26.1,µg/m³,100.0,26.139375066757207,26.139375066757207,26.139375066757207
2025-10-12 15:00:00+00:00,2025-10-12 16:00:00+00:00,Islamabad,PK,13137731,27.5,µg/m³,100.0,27.453055519527854,27.453055519527854,27.453055519527854
2025-10-12 16:00:00+00:00,2025-10-12 17:00:00+00:00,Islamabad,PK,13137731,27.6,µg/m³,100.0,27.613624970118206,27.613624970118206,27.613624970118206
2025-10-12 17:00:00+00:00,2025-10-12 18:00:00+00:00,Islamabad,PK,13137731,30.2,µg/m³,100.0,30.19770834445953,30.19770834445953,30.19770834445953
2025-10-12 18:00:00+00:00,2025-10-12 19:00:00+00:00,Islamabad,PK,13137731,34.3,µg/m³,100.0,34.304000027974446,34.304000027974446,34.304000027974446
2025-10-12 19:00:00+00:00,2025-10-12 20:00:00+00:00,Islamabad,PK,13137731,32.4,µg/m³,100.0,32.37573630809784,32.37573630809784,32.37573630809784
2025-10-12 20:00:00+00:00,2025-10-12 21:00:00+00:00,Islamabad,PK,13137731,31.0,µg/m³,100.0,30.994375061988833,30.994375061988833,30.994375061988833
2025-10-12 21:00:00+00:00,2025-10-12 22:00:00+00:00,Islamabad,PK,13137731,29.0,µg/m³,100.0,29.025291657447813,29.025291657447813,29.025291657447813
2025-10-12 22:00:00+00:00,2025-10-12 23:00:00+00:00,Islamabad,PK,13137731,26.4,µg/m³,100.0,26.396166674296065,26.396166674296065,26.396166674296065
2025-10-12 23:00:00+00:00,2025-10-13 00:00:00+00:00,Islamabad,PK,13137731,30.8,µg/m³,100.0,30.835916717847187,30.835916717847187,30.835916717847187
2025-10-13 00:00:00+00:00,2025-10-13 01:00:00+00:00,Islamabad,PK,13137731,32.6,µg/m³,100.0,32.639722209506566,32.639722209506566,32.639722209506566
2025-10-13 01:00:00+00:00,2025-10-13 02:00:00+00:00,Islamabad,PK,13137731,33.6,µg/m³,100.0,33.56516673564911,33.56516673564911,33.56516673564911
2025-10-13 02:00:00+00:00,2025-10-13 03:00:00+00:00,Islamabad,PK,13137731,35.8,µg/m³,100.0,35.84012508392333,35.84012508392333,35.84012508392333
2025-10-13 03:00:00+00:00,2025-10-13 04:00:00+00:00,Islamabad,PK,13137731,29.4,µg/m³,100.0,29.42205539809333,29.42205539809333,29.42205539809333
2025-10-13 04:00:00+00:00,2025-10-13 05:00:00+00:00,Islamabad,PK,13137731,27.2,µg/m³,100.0,27.243861140145196,27.243861140145196,27.243861140145196
2025-10-13 05:00:00+00:00,2025-10-13 06:00:00+00:00,Islamabad,PK,13137731,25.1,µg/m³,100.0,25.058027776082355,25.058027776082355,25.058027776082355
2025-10-13 06:00:00+00:00,2025-10-13 07:00:00+00:00,Islamabad,PK,13137731,41.3,µg/m³,100.0,41.28691654205322,41.28691654205322,41.28691654205322
2025-10-13 07:00:00+00:00,2025-10-13 08:00:00+00:00,Islamabad,PK,13137731,24.8,µg/m³,100.0,24.803583335876464,24.803583335876464,24.803583335876464
2025-10-13 08:00:00+00:00,2025-10-13 09:00:00+00:00,Islamabad,PK,13137731,22.1,µg/m³,100.0,22.05263889100817,22.05263889100817,22.05263889100817
2025-10-13 09:00:00+00:00,2025-10-13 10:00:00+00:00,Islamabad,PK,13137731,17.8,µg/m³,100.0,17.803722212049696,17.803722212049696,17.803722212049696
2025-10-13 10:00:00+00:00,2025-10-13 11:00:00+00:00,Islamabad,PK,13137731,16.2,µg/m³,100.0,16.21645831796858,16.21645831796858,16.21645831796858
2025-10-13 11:00:00+00:00,2025-10-13 12:00:00+00:00,Islamabad,PK,13137731,17.2,µg/m³,100.0,17.22766668001811,17.22766668001811,17.22766668001811
2025-10-13 12:00:00+00:00,2025-10-13 13:00:00+00:00,Islamabad,PK,13137731,17.6,µg/m³,100.0,17.643125017484028,17.643125017484028,17.643125017484028
2025-10-13 13:00:00+00:00,2025-10-13 14:00:00+00:00,Islamabad,PK,13137731,19.1,µg/m³,100.0,19.11954168478648,19.11954168478648,19.11954168478648
2025-10-13 14:00:00+00:00,2025-10-13 15:00:00+00:00,Islamabad,PK,13137731,22.9,µg/m³,100.0,22.897374955813092,22.897374955813092,22.897374955813092
2025-10-13 15:00:00+00:00,2025-10-13 16:00:00+00:00,Islamabad,PK,13137731,29.9,µg/m³,100.0,29.865166664123535,29.865166664123535,29.865166664123535
2025-10-13 16:00:00+00:00,2025-10-13 17:00:00+00:00,Islamabad,PK,13137731,31.1,µg/m³,100.0,31.124833464622498,31.124833464622498,31.124833464622498
2025-10-13 17:00:00+00:00,2025-10-13 18:00:00+00:00,Islamabad,PK,13137731,34.7,µg/m³,100.0,34.72229124704997,34.72229124704997,34.72229124704997
2025-10-13 18:00:00+00:00,2025-10-13 19:00:00+00:00,Islamabad,PK,13137731,37.0,µg/m³,100.0,36.995111253526474,36.995111253526474,36.995111253526474
2025-10-13 19:00:00+00:00,2025-10-13 20:00:00+00:00,Islamabad,PK,13137731,34.2,µg/m³,100.0,34.20424989064535,34.20424989064535,34.20424989064535
2025-10-13 20:00:00+00:00,2025-10-13 21:00:00+00:00,Islamabad,PK,13137731,32.3,µg/m³,100.0,32.28549982971615,32.28549982971615,32.28549982971615
2025-10-13 21:00:00+00:00,2025-10-13 22:00:00+00:00,Islamabad,PK,13137731,33.2,µg/m³,100.0,33.23681939707862,33.23681939707862,33.23681939707862
2025-10-13 22:00:00+00:00,2025-10-13 23:00:00+00:00,Islamabad,PK,13137731,41.7,µg/m³,100.0,41.74591623942057,41.74591623942057,41.74591623942057
2025-10-13 23:00:00+00:00,2025-10-14 00:00:00+00:00,Islamabad,PK,13137731,35.4,µg/m³,100.0,35.44995797475179,35.44995797475179,35.44995797475179
2025-10-14 00:00:00+00:00,2025-10-14 01:00:00+00:00,Islamabad,PK,13137731,33.6,µg/m³,100.0,33.56950023969015,33.56950023969015,33.56950023969015
2025-10-14 01:00:00+00:00,2025-10-14 02:00:00+00:00,Islamabad,PK,13137731,41.0,µg/m³,100.0,40.990097194247774,40.990097194247774,40.990097194247774
2025-10-14 02:00:00+00:00,2025-10-14 03:00:00+00:00,Islamabad,PK,13137731,49.0,µg/m³,100.0,48.968416468302415,48.968416468302415,48.968416468302415
2025-10-14 03:00:00+00:00,2025-10-14 04:00:00+00:00,Islamabad,PK,13137731,47.8,µg/m³,100.0,47.76575012207031,47.76575012207031,47.76575012207031
2025-10-14 04:00:00+00:00,2025-10-14 05:00:00+00:00,Islamabad,PK,13137731,35.8,µg/m³,100.0,35.80645832220713,35.80645832220713,35.80645832220713
2025-10-14 05:00:00+00:00,2025-10-14 06:00:00+00:00,Islamabad,PK,13137731,25.8,µg/m³,100.0,25.821125006675725,25.821125006675725,25.821125006675725
2025-10-14 06:00:00+00:00,2025-10-14 07:00:00+00:00,Islamabad,PK,13137731,22.0,µg/m³,100.0,22.03641665776571,22.03641665776571,22.03641665776571
2025-10-14 07:00:00+00:00,2025-10-14 08:00:00+00:00,Islamabad,PK,13137731,20.2,µg/m³,100.0,20.16774999300639,20.16774999300639,20.16774999300639
2025-10-14 08:00:00+00:00,2025-10-14 09:00:00+00:00,Islamabad,PK,13137731,19.1,µg/m³,100.0,19.069597225719026,19.069597225719026,19.069597225719026
2025-10-14 09:00:00+00:00,2025-10-14 10:00:00+00:00,Islamabad,PK,13137731,18.5,µg/m³,100.0,18.535847232076858,18.535847232076858,18.535847232076858
2025-10-14 10:00:00+00:00,2025-10-14 11:00:00+00:00,Islamabad,PK,13137731,30.2,µg/m³,100.0,30.198375360171,30.198375360171,30.198375360171
2025-10-14 11:00:00+00:00,2025-10-14 12:00:00+00:00,Islamabad,PK,13137731,20.2,µg/m³,100.0,20.18116668065389,20.18116668065389,20.18116668065389
2025-10-14 12:00:00+00:00,2025-10-14 13:00:00+00:00,Islamabad,PK,13137731,20.4,µg/m³,100.0,20.371458315849303,20.371458315849303,20.371458315849303
2025-10-14 13:00:00+00:00,2025-10-14 14:00:00+00:00,Islamabad,PK,13137731,25.0,µg/m³,100.0,24.96416664123535,24.96416664123535,24.96416664123535
2025-10-14 14:00:00+00:00,2025-10-14 15:00:00+00:00,Islamabad,PK,13137731,30.3,µg/m³,100.0,30.345333329836524,30.345333329836524,30.345333329836524
2025-10-14 15:00:00+00:00,2025-10-14 16:00:00+00:00,Islamabad,PK,13137731,41.9,µg/m³,100.0,41.87941656907399,41.87941656907399,41.87941656907399
2025-10-14 16:00:00+00:00,2025-10-14 17:00:00+00:00,Islamabad,PK,13137731,29.3,µg/m³,100.0,29.280263956387838,29.280263956387838,29.280263956387838
2025-10-14 17:00:00+00:00,2025-10-14 18:00:00+00:00,Islamabad,PK,13137731,30.8,µg/m³,100.0,30.772499998410538,30.772499998410538,30.772499998410538
2025-10-14 18:00:00+00:00,2025-10-14 19:00:00+00:00,Islamabad,PK,13137731,36.2,µg/m³,100.0,36.232986301845976,36.232986301845976,36.232986301845976
2025-10-14 19:00:00+00:00,2025-10-14 20:00:00+00:00,Islamabad,PK,13137731,34.8,µg/m³,100.0,34.818458493550615,34.818458493550615,34.818458493550615
2025-10-14 20:00:00+00:00,2025-10-14 21:00:00+00:00,Islamabad,PK,13137731,33.4,µg/m³,100.0,33.40283336639404,33.40283336639404,33.40283336639404
2025-10-14 21:00:00+00:00,2025-10-14 22:00:00+00:00,Islamabad,PK,13137731,29.7,µg/m³,100.0,29.6764166937934,29.6764166937934,29.6764166937934
2025-10-14 22:00:00+00:00,2025-10-14 23:00:00+00:00,Islamabad,PK,13137731,27.9,µg/m³,100.0,27.930750004450477,27.930750004450477,27.930750004450477
2025-10-14 23:00:00+00:00,2025-10-15 00:00:00+00:00,Islamabad,PK,13137731,37.1,µg/m³,100.0,37.09933328628541,37.09933328628541,37.09933328628541
2025-10-15 00:00:00+00:00,2025-10-15 01:00:00+00:00,Islamabad,PK,13137731,42.4,µg/m³,100.0,42.38679167429606,42.38679167429606,42.38679167429606
2025-10-15 01:00:00+00:00,2025-10-15 02:00:00+00:00,Islamabad,PK,13137731,48.3,µg/m³,100.0,48.34266649881999,48.34266649881999,48.34266649881999
2025-10-15 02:00:00+00:00,2025-10-15 03:00:00+00:00,Islamabad,PK,13137731,54.6,µg/m³,100.0,54.64015271928576,54.64015271928576,54.64015271928576
2025-10-15 03:00:00+00:00,2025-10-15 04:00:00+00:00,Islamabad,PK,13137731,54.6,µg/m³,100.0,54.61470864613852,54.61470864613852,54.61470864613852
2025-10-15 04:00:00+00:00,2025-10-15 05:00:00+00:00,Islamabad,PK,13137731,50.7,µg/m³,100.0,50.68722237481011,50.68722237481011,50.68722237481011
2025-10-15 05:00:00+00:00,2025-10-15 06:00:00+00:00,Islamabad,PK,13137731,44.1,µg/m³,100.0,44.05729185740154,44.05729185740154,44.05729185740154
2025-10-15 06:00:00+00:00,2025-10-15 07:00:00+00:00,Islamabad,PK,13137731,30.7,µg/m³,100.0,30.672972255282932,30.672972255282932,30.672972255282932
2025-10-15 07:00:00+00:00,2025-10-15 08:00:00+00:00,Islamabad,PK,13137731,23.7,µg/m³,100.0,23.73170832792918,23.73170832792918,23.73170832792918
2025-10-15 08:00:00+00:00,2025-10-15 09:00:00+00:00,Islamabad,PK,13137731,22.5,µg/m³,100.0,22.538958334922796,22.538958334922796,22.538958334922796
2025-10-15 09:00:00+00:00,2025-10-15 10:00:00+00:00,Islamabad,PK,13137731,21.2,µg/m³,100.0,21.164666668574014,21.164666668574014,21.164666668574014
2025-10-15 10:00:00+00:00,2025-10-15 11:00:00+00:00,Islamabad,PK,13137731,19.4,µg/m³,100.0,19.367111105389068,19.367111105389068,19.367111105389068
2025-10-15 11:00:00+00:00,2025-10-15 12:00:00+00:00,Islamabad,PK,13137731,18.9,µg/m³,100.0,18.938722229003908,18.938722229003908,18.938722229003908
2025-10-15 12:00:00+00:00,2025-10-15 13:00:00+00:00,Islamabad,PK,13137731,22.4,µg/m³,100.0,22.43202778498332,22.43202778498332,22.43202778498332
2025-10-15 13:00:00+00:00,2025-10-15 14:00:00+00:00,Islamabad,PK,13137731,30.1,µg/m³,100.0,30.14408325354258,30.14408325354258,30.14408325354258
2025-10-15 14:00:00+00:00,2025-10-15 15:00:00+00:00,Islamabad,PK,13137731,34.0,µg/m³,100.0,34.035333474477135,34.035333474477135,34.035333474477135
2025-10-15 15:00:00+00:00,2025-10-15 16:00:00+00:00,Islamabad,PK,13137731,33.7,µg/m³,100.0,33.73349976539612,33.73349976539612,33.73349976539612
2025-10-15 16:00:00+00:00,2025-10-15 17:00:00+00:00,Islamabad,PK,13137731,38.7,µg/m³,100.0,38.6993745803833,38.6993745803833,38.6993745803833
2025-10-15 17:00:00+00:00,2025-10-15 18:00:00+00:00,Islamabad,PK,13137731,35.7,µg/m³,100.0,35.68544455369314,35.68544455369314,35.68544455369314
2025-10-15 18:00:00+00:00,2025-10-15 19:00:00+00:00,Islamabad,PK,13137731,47.4,µg/m³,100.0,47.40052752759721,47.40052752759721,47.40052752759721
2025-10-15 19:00:00+00:00,2025-10-15 20:00:00+00:00,Islamabad,PK,13137731,33.4,µg/m³,100.0,33.42591671943664,33.42591671943664,33.42591671943664
2025-10-15 20:00:00+00:00,2025-10-15 21:00:00+00:00,Islamabad,PK,13137731,49.3,µg/m³,100.0,49.314208539326984,49.314208539326984,49.314208539326984
2025-10-15 21:00:00+00:00,2025-10-15 22:00:00+00:00,Islamabad,PK,13137731,52.5,µg/m³,100.0,52.504917017618816,52.504917017618816,52.504917017618816
2025-10-15 22:00:00+00:00,2025-10-15 23:00:00+00:00,Islamabad,PK,13137731,48.1,µg/m³,100.0,48.09377738104926,48.09377738104926,48.09377738104926
2025-10-15 23:00:00+00:00,2025-10-16 00:00:00+00:00,Islamabad,PK,13137731,45.1,µg/m³,100.0,45.129027726915155,45.129027726915155,45.129027726915155
2025-10-16 00:00:00+00:00,2025-10-16 01:00:00+00:00,Islamabad,PK,13137731,43.8,µg/m³,100.0,43.7504997253418,43.7504997253418,43.7504997253418
2025-10-16 01:00:00+00:00,2025-10-16 02:00:00+00:00,Islamabad,PK,13137731,48.9,µg/m³,100.0,48.92191645304362,48.92191645304362,48.92191645304362
2025-10-16 02:00:00+00:00,2025-10-16 03:00:00+00:00,Islamabad,PK,13137731,61.4,µg/m³,100.0,61.355333455403645,61.355333455403645,61.355333455403645
2025-10-16 03:00:00+00:00,2025-10-16 04:00:00+00:00,Islamabad,PK,13137731,96.2,µg/m³,100.0,96.19187463124594,96.19187463124594,96.19187463124594
2025-10-16 04:00:00+00:00,2025-10-16 05:00:00+00:00,Islamabad,PK,13137731,69.5,µg/m³,100.0,69.46548650529648,69.46548650529648,69.46548650529648
2025-10-16 05:00:00+00:00,2025-10-16 06:00:00+00:00,Islamabad,PK,13137731,44.9,µg/m³,100.0,44.859708340962726,44.859708340962726,44.859708340962726
2025-10-16 06:00:00+00:00,2025-10-16 07:00:00+00:00,Islamabad,PK,13137731,44.8,µg/m³,100.0,44.79729191462198,44.79729191462198,44.79729191462198
2025-10-16 07:00:00+00:00,2025-10-16 08:00:00+00:00,Islamabad,PK,13137731,74.2,µg/m³,100.0,74.21537532806396,74.21537532806396,74.21537532806396
2025-10-16 08:00:00+00:00,2025-10-16 09:00:00+00:00,Islamabad,PK,13137731,61.7,µg/m³,100.0,61.65141665140788,61.65141665140788,61.65141665140788
2025-10-16 09:00:00+00:00,2025-10-16 10:00:00+00:00,Islamabad,PK,13137731,31.9,µg/m³,100.0,31.932874878247578,31.932874878247578,31.932874878247578
2025-10-16 10:00:00+00:00,2025-10-16 11:00:00+00:00,Islamabad,PK,13137731,22.6,µg/m³,100.0,22.578625003496807,22.578625003496807,22.578625003496807
2025-10-16 11:00:00+00:00,2025-10-16 12:00:00+00:00,Islamabad,PK,13137731,22.7,µg/m³,100.0,22.69573610358768,22.69573610358768,22.69573610358768
2025-10-16 12:00:00+00:00,2025-10-16 13:00:00+00:00,Islamabad,PK,13137731,26.7,µg/m³,100.0,26.732430545488995,26.732430545488995,26.732430545488995
2025-10-16 13:00:00+00:00,2025-10-16 14:00:00+00:00,Islamabad,PK,13137731,32.1,µg/m³,100.0,32.12683333555857,32.12683333555857,32.12683333555857
2025-10-16 14:00:00+00:00,2025-10-16 15:00:00+00:00,Islamabad,PK,13137731,49.4,µg/m³,100.0,49.36379172007242,49.36379172007242,49.36379172007242
2025-10-16 15:00:00+00:00,2025-10-16 16:00:00+00:00,Islamabad,PK,13137731,65.0,µg/m³,100.0,65.04984730614557,65.04984730614557,65.04984730614557
2025-10-16 16:00:00+00:00,2025-10-16 17:00:00+00:00,Islamabad,PK,13137731,57.6,µg/m³,100.0,57.581763988071025,57.581763988071025,57.581763988071025
2025-10-16 17:00:00+00:00,2025-10-16 18:00:00+00:00,Islamabad,PK,13137731,69.8,µg/m³,100.0,69.82016665140787,69.82016665140787,69.82016665140787
2025-10-16 18:00:00+00:00,2025-10-16 19:00:00+00:00,Islamabad,PK,13137731,86.7,µg/m³,100.0,86.70108350118001,86.70108350118001,86.70108350118001
2025-10-16 19:00:00+00:00,2025-10-16 20:00:00+00:00,Islamabad,PK,13137731,93.6,µg/m³,100.0,93.61741663614907,93.61741663614907,93.61741663614907
2025-10-16 20:00:00+00:00,2025-10-16 21:00:00+00:00,Islamabad,PK,13137731,109.0,µg/m³,100.0,109.44437503814696,109.44437503814696,109.44437503814696
2025-10-16 21:00:00+00:00,2025-10-16 22:00:00+00:00,Islamabad,PK,13137731,143.0,µg/m³,100.0,142.5087085088094,142.5087085088094,142.5087085088094
2025-10-16 22:00:00+00:00,2025-10-16 23:00:00+00:00,Islamabad,PK,13137731,144.0,µg/m³,100.0,143.56694429185657,143.56694429185657,143.56694429185657
2025-10-16 23:00:00+00:00,2025-10-17 00:00:00+00:00,Islamabad,PK,13137731,117.0,µg/m³,100.0,116.81351409488254,116.81351409488254,116.81351409488254
2025-10-17 00:00:00+00:00,2025-10-17 01:00:00+00:00,Islamabad,PK,13137731,88.2,µg/m³,100.0,88.15625,88.15625,88.15625
2025-10-17 01:00:00+00:00,2025-10-17 02:00:00+00:00,Islamabad,PK,13137731,127.0,µg/m³,100.0,126.70222189161514,126.70222189161514,126.70222189161514
2025-10-17 02:00:00+00:00,2025-10-17 03:00:00+00:00,Islamabad,PK,13137731,96.8,µg/m³,100.0,96.8459581375122,96.8459581375122,96.8459581375122
2025-10-17 03:00:00+00:00,2025-10-17 04:00:00+00:00,Islamabad,PK,13137731,49.8,µg/m³,100.0,49.75198616451687,49.75198616451687,49.75198616451687
2025-10-17 04:00:00+00:00,2025-10-17 05:00:00+00:00,Islamabad,PK,13137731,49.5,µg/m³,100.0,49.473208173116056,49.473208173116056,49.473208173116056
2025-10-17 05:00:00+00:00,2025-10-17 06:00:00+00:00,Islamabad,PK,13137731,72.5,µg/m³,100.0,72.51841684977212,72.51841684977212,72.51841684977212
2025-10-17 06:00:00+00:00,2025-10-17 07:00:00+00:00,Islamabad,PK,13137731,74.6,µg/m³,100.0,74.64862499237061,74.64862499237061,74.64862499237061
2025-10-17 07:00:00+00:00,2025-10-17 08:00:00+00:00,Islamabad,PK,13137731,66.4,µg/m³,100.0,66.39622213575575,66.39622213575575,66.39622213575575
2025-10-17 08:00:00+00:00,2025-10-17 09:00:00+00:00,Islamabad,PK,13137731,53.6,µg/m³,100.0,53.595999908447254,53.595999908447254,53.595999908447254
2025-10-17 09:00:00+00:00,2025-10-17 10:00:00+00:00,Islamabad,PK,13137731,36.9,µg/m³,100.0,36.90766668319702,36.90766668319702,36.90766668319702
2025-11-16 10:00:00+00:00,2025-11-16 11:00:00+00:00,Islamabad,PK,13137731,48.7,µg/m³,100.0,48.71957610159209,48.71957610159209,48.71957610159209
2025-11-16 11:00:00+00:00,2025-11-16 12:00:00+00:00,Islamabad,PK,13137731,46.2,µg/m³,100.0,46.205500030517584,46.205500030517584,46.205500030517584
2025-11-16 12:00:00+00:00,2025-11-16 13:00:00+00:00,Islamabad,PK,13137731,40.7,µg/m³,100.0,40.73866678873697,40.73866678873697,40.73866678873697
2025-11-16 13:00:00+00:00,2025-11-16 14:00:00+00:00,Islamabad,PK,13137731,42.9,µg/m³,100.0,42.88250045776366,42.88250045776366,42.88250045776366
2025-11-16 14:00:00+00:00,2025-11-16 15:00:00+00:00,Islamabad,PK,13137731,47.6,µg/m³,100.0,47.57216669718424,47.57216669718424,47.57216669718424
2025-11-16 15:00:00+00:00,2025-11-16 16:00:00+00:00,Islamabad,PK,13137731,55.3,µg/m³,100.0,55.33083318074544,55.33083318074544,55.33083318074544
2025-11-16 16:00:00+00:00,2025-11-16 17:00:00+00:00,Islamabad,PK,13137731,69.0,µg/m³,100.0,69.02783330281576,69.02783330281576,69.02783330281576
2025-11-16 17:00:00+00:00,2025-11-16 18:00:00+00:00,Islamabad,PK,13137731,81.7,µg/m³,100.0,81.73366648356121,81.73366648356121,81.73366648356121
2025-11-16 18:00:00+00:00,2025-11-16 19:00:00+00:00,Islamabad,PK,13137731,98.1,µg/m³,100.0,98.08600006103514,98.08600006103514,98.08600006103514
2025-11-16 19:00:00+00:00,2025-11-16 20:00:00+00:00,Islamabad,PK,13137731,87.4,µg/m³,100.0,87.42783330281576,87.42783330281576,87.42783330281576
2025-11-16 20:00:00+00:00,2025-11-16 21:00:00+00:00,Islamabad,PK,13137731,80.5,µg/m³,100.0,80.49166666666666,80.49166666666666,80.49166666666666
2025-11-16 21:00:00+00:00,2025-11-16 22:00:00+00:00,Islamabad,PK,13137731,105.0,µg/m³,100.0,105.46650009155275,105.46650009155275,105.46650009155275
2025-11-16 22:00:00+00:00,2025-11-16 23:00:00+00:00,Islamabad,PK,13137731,136.0,µg/m³,100.0,136.35583318074544,136.35583318074544,136.35583318074544
2025-11-16 23:00:00+00:00,2025-11-17 00:00:00+00:00,Islamabad,PK,13137731,167.0,µg/m³,100.0,166.8720001220703,166.8720001220703,166.8720001220703
2025-11-17 00:00:00+00:00,2025-11-17 01:00:00+00:00,Islamabad,PK,13137731,152.0,µg/m³,100.0,152.2111666361491,152.2111666361491,152.2111666361491
2025-11-17 01:00:00+00:00,2025-11-17 02:00:00+00:00,Islamabad,PK,13137731,157.0,µg/m³,100.0,156.75283330281576,156.75283330281576,156.75283330281576
2025-11-17 02:00:00+00:00,2025-11-17 03:00:00+00:00,Islamabad,PK,13137731,142.0,µg/m³,100.0,142.35266672770183,142.35266672770183,142.35266672770183
2025-11-17 03:00:00+00:00,2025-11-17 04:00:00+00:00,Islamabad,PK,13137731,143.0,µg/m³,100.0,143.19716669718423,143.19716669718423,143.19716669718423
2025-11-17 04:00:00+00:00,2025-11-17 05:00:00+00:00,Islamabad,PK,13137731,237.0,µg/m³,100.0,236.94166666666663,236.94166666666663,236.94166666666663
2025-11-17 05:00:00+00:00,2025-11-17 06:00:00+00:00,Islamabad,PK,13137731,115.0,µg/m³,100.0,114.73883361816407,114.73883361816407,114.73883361816407
2025-11-17 06:00:00+00:00,2025-11-17 07:00:00+00:00,Islamabad,PK,13137731,46.2,µg/m³,100.0,46.2193333943685,46.2193333943685,46.2193333943685
2025-11-17 09:00:00+00:00,2025-11-17 10:00:00+00:00,Islamabad,PK,13137731,37.5,µg/m³,100.0,37.480166880289715,37.480166880289715,37.480166880289715
2025-11-17 10:00:00+00:00,2025-11-17 11:00:00+00:00,Islamabad,PK,13137731,36.9,µg/m³,100.0,36.92766672770181,36.92766672770181,36.92766672770181
2025-11-17 11:00:00+00:00,2025-11-17 12:00:00+00:00,Islamabad,PK,13137731,38.4,µg/m³,100.0,38.43333333333333,38.43333333333333,38.43333333333333
2025-11-17 12:00:00+00:00,2025-11-17 13:00:00+00:00,Islamabad,PK,13137731,39.0,µg/m³,100.0,38.9504997253418,38.9504997253418,38.9504997253418
2025-11-17 13:00:00+00:00,2025-11-17 14:00:00+00:00,Islamabad,PK,13137731,47.3,µg/m³,100.0,47.269333394368495,47.269333394368495,47.269333394368495
2025-11-17 14:00:00+00:00,2025-11-17 15:00:00+00:00,Islamabad,PK,13137731,42.0,µg/m³,100.0,42.03050003051758,42.03050003051758,42.03050003051758
2025-11-17 15:00:00+00:00,2025-11-17 16:00:00+00:00,Islamabad,PK,13137731,87.8,µg/m³,100.0,87.7724998474121,87.7724998474121,87.7724998474121
2025-11-17 16:00:00+00:00,2025-11-17 17:00:00+00:00,Islamabad,PK,13137731,51.1,µg/m³,100.0,51.083499908447266,51.083499908447266,51.083499908447266
2025-11-17 17:00:00+00:00,2025-11-17 18:00:00+00:00,Islamabad,PK,13137731,55.2,µg/m³,100.0,55.23899993896484,55.23899993896484,55.23899993896484
2025-11-17 18:00:00+00:00,2025-11-17 19:00:00+00:00,Islamabad,PK,13137731,66.4,µg/m³,100.0,66.4301668802897,66.4301668802897,66.4301668802897
2025-11-17 19:00:00+00:00,2025-11-17 20:00:00+00:00,Islamabad,PK,13137731,116.0,µg/m³,100.0,116.07783330281573,116.07783330281573,116.07783330281573
2025-11-17 20:00:00+00:00,2025-11-17 21:00:00+00:00,Islamabad,PK,13137731,196.0,µg/m³,100.0,195.63349990844725,195.63349990844725,195.63349990844725
2025-11-17 21:00:00+00:00,2025-11-17 22:00:00+00:00,Islamabad,PK,13137731,231.0,µg/m³,100.0,230.97183303833012,230.97183303833012,230.97183303833012
2025-11-17 22:00:00+00:00,2025-11-17 23:00:00+00:00,Islamabad,PK,13137731,216.0,µg/m³,100.0,215.86699981689455,215.86699981689455,215.86699981689455
2025-11-17 23:00:00+00:00,2025-11-18 00:00:00+00:00,Islamabad,PK,13137731,215.0,µg/m³,100.0,215.09966684977212,215.09966684977212,215.09966684977212
2025-11-18 00:00:00+00:00,2025-11-18 01:00:00+00:00,Islamabad,PK,13137731,120.0,µg/m³,100.0,120.15583318074545,120.15583318074545,120.15583318074545
2025-11-18 01:00:00+00:00,2025-11-18 02:00:00+00:00,Islamabad,PK,13137731,101.0,µg/m³,100.0,100.76644456651475,100.76644456651475,100.76644456651475
2025-11-18 02:00:00+00:00,2025-11-18 03:00:00+00:00,Islamabad,PK,13137731,88.2,µg/m³,100.0,88.16416651407877,88.16416651407877,88.16416651407877
2025-11-18 03:00:00+00:00,2025-11-18 04:00:00+00:00,Islamabad,PK,13137731,120.0,µg/m³,100.0,119.6306666056315,119.6306666056315,119.6306666056315
2025-11-18 05:00:00+00:00,2025-11-18 06:00:00+00:00,Islamabad,PK,13137731,119.0,µg/m³,100.0,118.7698331197103,118.7698331197103,118.7698331197103
2025-11-18 06:00:00+00:00,2025-11-18 07:00:00+00:00,Islamabad,PK,13137731,73.6,µg/m³,100.0,73.6279998779297,73.6279998779297,73.6279998779297
2025-11-18 07:00:00+00:00,2025-11-18 08:00:00+00:00,Islamabad,PK,13137731,63.0,µg/m³,100.0,62.958499908447266,62.958499908447266,62.958499908447266
2025-11-18 08:00:00+00:00,2025-11-18 09:00:00+00:00,Islamabad,PK,13137731,48.9,µg/m³,100.0,48.92433369954427,48.92433369954427,48.92433369954427
2025-11-18 09:00:00+00:00,2025-11-18 10:00:00+00:00,Islamabad,PK,13137731,43.6,µg/m³,100.0,43.563999938964834,43.563999938964834,43.563999938964834
2025-11-18 10:00:00+00:00,2025-11-18 11:00:00+00:00,Islamabad,PK,13137731,43.0,µg/m³,100.0,42.96383336385091,42.96383336385091,42.96383336385091
2025-11-18 11:00:00+00:00,2025-11-18 12:00:00+00:00,Islamabad,PK,13137731,40.5,µg/m³,100.0,40.53866678873698,40.53866678873698,40.53866678873698
2025-11-18 12:00:00+00:00,2025-11-18 13:00:00+00:00,Islamabad,PK,13137731,40.7,µg/m³,100.0,40.71083348592122,40.71083348592122,40.71083348592122
2025-11-18 13:00:00+00:00,2025-11-18 14:00:00+00:00,Islamabad,PK,13137731,46.2,µg/m³,100.0,46.22766672770182,46.22766672770182,46.22766672770182
2025-11-18 14:00:00+00:00,2025-11-18 15:00:00+00:00,Islamabad,PK,13137731,53.8,µg/m³,100.0,53.83016688028972,53.83016688028972,53.83016688028972
2025-11-18 15:00:00+00:00,2025-11-18 16:00:00+00:00,Islamabad,PK,13137731,64.0,µg/m³,100.0,64.02766672770183,64.02766672770183,64.02766672770183
2025-11-18 16:00:00+00:00,2025-11-18 17:00:00+00:00,Islamabad,PK,13137731,76.7,µg/m³,100.0,76.74216639200846,76.74216639200846,76.74216639200846
2025-11-18 17:00:00+00:00,2025-11-18 18:00:00+00:00,Islamabad,PK,13137731,90.6,µg/m³,100.0,90.58883336385092,90.58883336385092,90.58883336385092
2025-11-18 18:00:00+00:00,2025-11-18 19:00:00+00:00,Islamabad,PK,13137731,167.0,µg/m³,100.0,166.68349990844726,166.68349990844726,166.68349990844726
2025-11-18 19:00:00+00:00,2025-11-18 20:00:00+00:00,Islamabad,PK,13137731,232.0,µg/m³,100.0,231.95066630045574,231.95066630045574,231.95066630045574
2025-11-18 20:00:00+00:00,2025-11-18 21:00:00+00:00,Islamabad,PK,13137731,201.0,µg/m³,100.0,201.07450027465822,201.07450027465822,201.07450027465822
2025-11-18 21:00:00+00:00,2025-11-18 22:00:00+00:00,Islamabad,PK,13137731,189.0,µg/m³,100.0,188.71699981689457,188.71699981689457,188.71699981689457
2025-11-18 22:00:00+00:00,2025-11-18 23:00:00+00:00,Islamabad,PK,13137731,197.0,µg/m³,100.0,196.55899963378906,196.55899963378906,196.55899963378906
2025-11-18 23:00:00+00:00,2025-11-19 00:00:00+00:00,Islamabad,PK,13137731,182.0,µg/m³,100.0,182.04700012207033,182.04700012207033,182.04700012207033
2025-11-19 00:00:00+00:00,2025-11-19 01:00:00+00:00,Islamabad,PK,13137731,184.0,µg/m³,100.0,183.738666788737,183.738666788737,183.738666788737
2025-11-19 01:00:00+00:00,2025-11-19 02:00:00+00:00,Islamabad,PK,13137731,186.0,µg/m³,100.0,186.23916651407876,186.23916651407876,186.23916651407876
2025-11-19 02:00:00+00:00,2025-11-19 03:00:00+00:00,Islamabad,PK,13137731,163.0,µg/m³,100.0,163.0194999694824,163.0194999694824,163.0194999694824
2025-11-19 03:00:00+00:00,2025-11-19 04:00:00+00:00,Islamabad,PK,13137731,180.0,µg/m³,100.0,180.14166666666665,180.14166666666665,180.14166666666665
2025-11-19 04:00:00+00:00,2025-11-19 05:00:00+00:00,Islamabad,PK,13137731,179.0,µg/m³,100.0,178.85816675821943,178.85816675821943,178.85816675821943
2025-11-19 05:00:00+00:00,2025-11-19 06:00:00+00:00,Islamabad,PK,13137731,77.3,µg/m³,100.0,77.2974998474121,77.2974998474121,77.2974998474121
2025-11-19 06:00:00+00:00,2025-11-19 07:00:00+00:00,Islamabad,PK,13137731,38.6,µg/m³,100.0,38.55833333333334,38.55833333333334,38.55833333333334
2025-11-19 07:00:00+00:00,2025-11-19 08:00:00+00:00,Islamabad,PK,13137731,42.9,µg/m³,100.0,42.93633321126302,42.93633321126302,42.93633321126302
2025-11-19 08:00:00+00:00,2025-11-19 09:00:00+00:00,Islamabad,PK,13137731,41.9,µg/m³,100.0,41.8504997253418,41.8504997253418,41.8504997253418
2025-11-19 09:00:00+00:00,2025-11-19 10:00:00+00:00,Islamabad,PK,13137731,43.0,µg/m³,100.0,42.9668332417806,42.9668332417806,42.9668332417806
2025-11-19 10:00:00+00:00,2025-11-19 11:00:00+00:00,Islamabad,PK,13137731,42.5,µg/m³,100.0,42.46416651407878,42.46416651407878,42.46416651407878
2025-11-19 11:00:00+00:00,2025-11-19 12:00:00+00:00,Islamabad,PK,13137731,42.2,µg/m³,100.0,42.16699981689453,42.16699981689453,42.16699981689453
2025-11-19 12:00:00+00:00,2025-11-19 13:00:00+00:00,Islamabad,PK,13137731,44.2,µg/m³,100.0,44.238833363850915,44.238833363850915,44.238833363850915
2025-11-19 13:00:00+00:00,2025-11-19 14:00:00+00:00,Islamabad,PK,13137731,51.0,µg/m³,100.0,50.958999633789055,50.958999633789055,50.958999633789055
2025-11-19 14:00:00+00:00,2025-11-19 15:00:00+00:00,Islamabad,PK,13137731,50.2,µg/m³,100.0,50.17483342488607,50.17483342488607,50.17483342488607
2025-11-19 15:00:00+00:00,2025-11-19 16:00:00+00:00,Islamabad,PK,13137731,50.9,µg/m³,100.0,50.93316675821941,50.93316675821941,50.93316675821941
2025-11-19 16:00:00+00:00,2025-11-19 17:00:00+00:00,Islamabad,PK,13137731,53.0,µg/m³,100.0,53.03600006103516,53.03600006103516,53.03600006103516
2025-11-19 17:00:00+00:00,2025-11-19 18:00:00+00:00,Islamabad,PK,13137731,56.5,µg/m³,100.0,56.47783330281576,56.47783330281576,56.47783330281576
2025-11-19 18:00:00+00:00,2025-11-19 19:00:00+00:00,Islamabad,PK,13137731,59.8,µg/m³,100.0,59.76083348592122,59.76083348592122,59.76083348592122
2025-11-19 19:00:00+00:00,2025-11-19 20:00:00+00:00,Islamabad,PK,13137731,57.9,µg/m³,100.0,57.86083348592123,57.86083348592123,57.86083348592123
2025-11-19 20:00:00+00:00,2025-11-19 21:00:00+00:00,Islamabad,PK,13137731,69.0,µg/m³,100.0,69.03066660563151,69.03066660563151,69.03066660563151
2025-11-19 21:00:00+00:00,2025-11-19 22:00:00+00:00,Islamabad,PK,13137731,124.0,µg/m³,100.0,124.41383336385093,124.41383336385093,124.41383336385093
2025-11-19 22:00:00+00:00,2025-11-19 23:00:00+00:00,Islamabad,PK,13137731,197.0,µg/m³,100.0,196.8331667582194,196.8331667582194,196.8331667582194
2025-11-19 23:00:00+00:00,2025-11-20 00:00:00+00:00,Islamabad,PK,13137731,221.0,µg/m³,100.0,221.16616694132486,221.16616694132486,221.16616694132486
2025-11-20 00:00:00+00:00,2025-11-20 01:00:00+00:00,Islamabad,PK,13137731,205.0,µg/m³,100.0,205.25849990844725,205.25849990844725,205.25849990844725
2025-11-20 01:00:00+00:00,2025-11-20 02:00:00+00:00,Islamabad,PK,13137731,89.6,µg/m³,100.0,89.6256663004557,89.6256663004557,89.6256663004557
2025-11-20 02:00:00+00:00,2025-11-20 03:00:00+00:00,Islamabad,PK,13137731,104.0,µg/m³,100.0,103.63349990844726,103.63349990844726,103.63349990844726
2025-11-20 03:00:00+00:00,2025-11-20 04:00:00+00:00,Islamabad,PK,13137731,109.0,µg/m³,100.0,109.20233357747396,109.20233357747396,109.20233357747396
2025-11-20 04:00:00+00:00,2025-11-20 05:00:00+00:00,Islamabad,PK,13137731,134.0,µg/m³,100.0,133.56383336385093,133.56383336385093,133.56383336385093
2025-11-20 05:00:00+00:00,2025-11-20 06:00:00+00:00,Islamabad,PK,13137731,125.0,µg/m³,100.0,125.46633351643881,125.46633351643881,125.46633351643881
2025-11-20 06:00:00+00:00,2025-11-20 07:00:00+00:00,Islamabad,PK,13137731,118.0,µg/m³,100.0,117.58933308919272,117.58933308919272,117.58933308919272
2025-11-20 07:00:00+00:00,2025-11-20 08:00:00+00:00,Islamabad,PK,13137731,69.0,µg/m³,100.0,69.02750015258789,69.02750015258789,69.02750015258789
2025-11-20 08:00:00+00:00,2025-11-20 09:00:00+00:00,Islamabad,PK,13137731,47.7,µg/m³,100.0,47.74166666666667,47.74166666666667,47.74166666666667
2025-11-20 09:00:00+00:00,2025-11-20 10:00:00+00:00,Islamabad,PK,13137731,44.7,µg/m³,100.0,44.71666666666667,44.71666666666667,44.71666666666667
2025-11-20 10:00:00+00:00,2025-11-20 11:00:00+00:00,Islamabad,PK,13137731,44.3,µg/m³,100.0,44.29812526702881,44.29812526702881,44.29812526702881
2025-11-20 11:00:00+00:00,2025-11-20 12:00:00+00:00,Islamabad,PK,13137731,47.5,µg/m³,100.0,47.49733327229817,47.49733327229817,47.49733327229817
2025-11-20 12:00:00+00:00,2025-11-20 13:00:00+00:00,Islamabad,PK,13137731,45.7,µg/m³,100.0,45.714499664306636,45.714499664306636,45.714499664306636
2025-11-20 13:00:00+00:00,2025-11-20 14:00:00+00:00,Islamabad,PK,13137731,44.7,µg/m³,100.0,44.69466654459635,44.69466654459635,44.69466654459635
2025-11-20 14:00:00+00:00,2025-11-20 15:00:00+00:00,Islamabad,PK,13137731,48.0,µg/m³,100.0,47.9529998779297,47.9529998779297,47.9529998779297
2025-11-20 15:00:00+00:00,2025-11-20 16:00:00+00:00,Islamabad,PK,13137731,67.3,µg/m³,100.0,67.33633321126302,67.33633321126302,67.33633321126302
2025-11-20 16:00:00+00:00,2025-11-20 17:00:00+00:00,Islamabad,PK,13137731,110.0,µg/m³,100.0,110.37233327229818,110.37233327229818,110.37233327229818
2025-11-20 17:00:00+00:00,2025-11-20 18:00:00+00:00,Islamabad,PK,13137731,102.0,µg/m³,100.0,102.33333333333333,102.33333333333333,102.33333333333333
2025-11-20 18:00:00+00:00,2025-11-20 19:00:00+00:00,Islamabad,PK,13137731,126.0,µg/m³,100.0,126.11350021362303,126.11350021362303,126.11350021362303
2025-11-20 19:00:00+00:00,2025-11-20 20:00:00+00:00,Islamabad,PK,13137731,143.0,µg/m³,100.0,142.9663335164388,142.9663335164388,142.9663335164388
2025-11-20 20:00:00+00:00,2025-11-20 21:00:00+00:00,Islamabad,PK,13137731,159.0,µg/m³,100.0,158.9550003051758,158.9550003051758,158.9550003051758
2025-11-20 21:00:00+00:00,2025-11-20 22:00:00+00:00,Islamabad,PK,13137731,157.0,µg/m³,100.0,157.18066660563153,157.18066660563153,157.18066660563153
2025-11-20 22:00:00+00:00,2025-11-20 23:00:00+00:00,Islamabad,PK,13137731,166.0,µg/m³,100.0,165.65,165.65,165.65
2025-11-20 23:00:00+00:00,2025-11-21 00:00:00+00:00,Islamabad,PK,13137731,159.0,µg/m³,100.0,158.73399963378907,158.73399963378907,158.73399963378907
2025-11-21 00:00:00+00:00,2025-11-21 01:00:00+00:00,Islamabad,PK,13137731,159.0,µg/m³,100.0,158.85599975585936,158.85599975585936,158.85599975585936
2025-11-21 01:00:00+00:00,2025-11-21 02:00:00+00:00,Islamabad,PK,13137731,157.0,µg/m³,100.0,156.73349990844724,156.73349990844724,156.73349990844724
2025-11-21 02:00:00+00:00,2025-11-21 03:00:00+00:00,Islamabad,PK,13137731,134.0,µg/m³,100.0,133.65033315022785,133.65033315022785,133.65033315022785
2025-11-21 03:00:00+00:00,2025-11-21 04:00:00+00:00,Islamabad,PK,13137731,173.0,µg/m³,100.0,172.89766642252604,172.89766642252604,172.89766642252604
2025-11-21 04:00:00+00:00,2025-11-21 05:00:00+00:00,Islamabad,PK,13137731,230.0,µg/m³,100.0,230.18683497111007,230.18683497111007,230.18683497111007
2025-11-21 05:00:00+00:00,2025-11-21 06:00:00+00:00,Islamabad,PK,13137731,218.0,µg/m³,100.0,217.96149978637695,217.96149978637695,217.96149978637695
2025-11-21 06:00:00+00:00,2025-11-21 07:00:00+00:00,Islamabad,PK,13137731,199.0,µg/m³,100.0,199.26683324178057,199.26683324178057,199.26683324178057
2025-11-21 07:00:00+00:00,2025-11-21 08:00:00+00:00,Islamabad,PK,13137731,161.0,µg/m³,100.0,160.988666788737,160.988666788737,160.988666788737
2025-11-21 08:00:00+00:00,2025-11-21 09:00:00+00:00,Islamabad,PK,13137731,99.6,µg/m³,100.0,99.58666636149088,99.58666636149088,99.58666636149088
2025-11-21 09:00:00+00:00,2025-11-21 10:00:00+00:00,Islamabad,PK,13137731,88.2,µg/m³,100.0,88.22733357747394,88.22733357747394,88.22733357747394
2025-11-21 10:00:00+00:00,2025-11-21 11:00:00+00:00,Islamabad,PK,13137731,83.0,µg/m³,100.0,82.96966654459635,82.96966654459635,82.96966654459635
2025-11-21 11:00:00+00:00,2025-11-21 12:00:00+00:00,Islamabad,PK,13137731,80.1,µg/m³,100.0,80.06916681925456,80.06916681925456,80.06916681925456
2025-11-21 12:00:00+00:00,2025-11-21 13:00:00+00:00,Islamabad,PK,13137731,86.3,µg/m³,100.0,86.27466684977213,86.27466684977213,86.27466684977213
2025-11-21 13:00:00+00:00,2025-11-21 14:00:00+00:00,Islamabad,PK,13137731,109.0,µg/m³,100.0,108.77516657511393,108.77516657511393,108.77516657511393
2025-11-21 14:00:00+00:00,2025-11-21 15:00:00+00:00,Islamabad,PK,13137731,106.0,µg/m³,100.0,106.375,106.375,106.375
2025-11-21 15:00:00+00:00,2025-11-21 16:00:00+00:00,Islamabad,PK,13137731,129.0,µg/m³,100.0,129.2108334859212,129.2108334859212,129.2108334859212
2025-11-21 16:00:00+00:00,2025-11-21 17:00:00+00:00,Islamabad,PK,13137731,155.0,µg/m³,100.0,155.16366678873698,155.16366678873698,155.16366678873698
2025-11-21 17:00:00+00:00,2025-11-21 18:00:00+00:00,Islamabad,PK,13137731,189.0,µg/m³,100.0,188.98933308919268,188.98933308919268,188.98933308919268
2025-11-21 18:00:00+00:00,2025-11-21 19:00:00+00:00,Islamabad,PK,13137731,200.0,µg/m³,100.0,200.2139999389648,200.2139999389648,200.2139999389648
2025-11-21 19:00:00+00:00,2025-11-21 20:00:00+00:00,Islamabad,PK,13137731,219.0,µg/m³,100.0,219.17466684977214,219.17466684977214,219.17466684977214
2025-11-21 20:00:00+00:00,2025-11-21 21:00:00+00:00,Islamabad,PK,13137731,246.0,µg/m³,100.0,246.0416666666667,246.0416666666667,246.0416666666667
2025-11-21 21:00:00+00:00,2025-11-21 22:00:00+00:00,Islamabad,PK,13137731,238.0,µg/m³,100.0,238.2444999694824,238.2444999694824,238.2444999694824
2025-11-21 22:00:00+00:00,2025-11-21 23:00:00+00:00,Islamabad,PK,13137731,207.0,µg/m³,100.0,207.02216669718425,207.02216669718425,207.02216669718425
2025-11-21 23:00:00+00:00,2025-11-22 00:00:00+00:00,Islamabad,PK,13137731,228.0,µg/m³,100.0,227.51133321126304,227.51133321126304,227.51133321126304
2025-11-22 00:00:00+00:00,2025-11-22 01:00:00+00:00,Islamabad,PK,13137731,206.0,µg/m³,100.0,205.77799987792966,205.77799987792966,205.77799987792966
2025-11-22 01:00:00+00:00,2025-11-22 02:00:00+00:00,Islamabad,PK,13137731,172.0,µg/m³,100.0,172.31149978637697,172.31149978637697,172.31149978637697
2025-11-22 02:00:00+00:00,2025-11-22 03:00:00+00:00,Islamabad,PK,13137731,282.0,µg/m³,100.0,282.4000005086263,282.4000005086263,282.4000005086263
2025-11-22 03:00:00+00:00,2025-11-22 04:00:00+00:00,Islamabad,PK,13137731,320.0,µg/m³,100.0,320.014168548584,320.014168548584,320.014168548584
2025-11-22 04:00:00+00:00,2025-11-22 05:00:00+00:00,Islamabad,PK,13137731,200.0,µg/m³,100.0,199.92549972534178,199.92549972534178,199.92549972534178
2025-11-22 05:00:00+00:00,2025-11-22 06:00:00+00:00,Islamabad,PK,13137731,175.0,µg/m³,100.0,174.59499969482422,174.59499969482422,174.59499969482422
2025-11-22 06:00:00+00:00,2025-11-22 07:00:00+00:00,Islamabad,PK,13137731,164.0,µg/m³,100.0,163.5418332417806,163.5418332417806,163.5418332417806
2025-11-22 07:00:00+00:00,2025-11-22 08:00:00+00:00,Islamabad,PK,13137731,134.0,µg/m³,100.0,134.0108334859212,134.0108334859212,134.0108334859212
2025-11-22 08:00:00+00:00,2025-11-22 09:00:00+00:00,Islamabad,PK,13137731,174.0,µg/m³,100.0,174.44683329264322,174.44683329264322,174.44683329264322
2025-11-22 09:00:00+00:00,2025-11-22 10:00:00+00:00,Islamabad,PK,13137731,146.0,µg/m³,100.0,146.2393330891927,146.2393330891927,146.2393330891927
2025-11-22 10:00:00+00:00,2025-11-22 11:00:00+00:00,Islamabad,PK,13137731,101.0,µg/m³,100.0,100.73816706339517,100.73816706339517,100.73816706339517
2025-11-22 11:00:00+00:00,2025-11-22 12:00:00+00:00,Islamabad,PK,13137731,107.0,µg/m³,100.0,106.80016657511392,106.80016657511392,106.80016657511392
2025-11-22 12:00:00+00:00,2025-11-22 13:00:00+00:00,Islamabad,PK,13137731,108.0,µg/m³,100.0,108.40266672770183,108.40266672770183,108.40266672770183
2025-11-22 13:00:00+00:00,2025-11-22 14:00:00+00:00,Islamabad,PK,13137731,111.0,µg/m³,100.0,111.35516688028973,111.35516688028973,111.35516688028973
2025-11-22 14:00:00+00:00,2025-11-22 15:00:00+00:00,Islamabad,PK,13137731,126.0,µg/m³,100.0,126.13616663614907,126.13616663614907,126.13616663614907
2025-11-22 15:00:00+00:00,2025-11-22 16:00:00+00:00,Islamabad,PK,13137731,131.0,µg/m³,100.0,131.14133377075197,131.14133377075197,131.14133377075197
2025-11-22 16:00:00+00:00,2025-11-22 17:00:00+00:00,Islamabad,PK,13137731,154.0,µg/m³,100.0,153.6386670430501,153.6386670430501,153.6386670430501
2025-11-22 17:00:00+00:00,2025-11-22 18:00:00+00:00,Islamabad,PK,13137731,174.0,µg/m³,100.0,174.0276667277018,174.0276667277018,174.0276667277018
2025-11-22 18:00:00+00:00,2025-11-22 19:00:00+00:00,Islamabad,PK,13137731,277.0,µg/m³,100.0,277.4836680094401,277.4836680094401,277.4836680094401
2025-11-22 19:00:00+00:00,2025-11-22 20:00:00+00:00,Islamabad,PK,13137731,278.0,µg/m³,100.0,277.5771642049154,277.5771642049154,277.5771642049154
2025-11-22 20:00:00+00:00,2025-11-22 21:00:00+00:00,Islamabad,PK,13137731,286.0,µg/m³,100.0,285.5306671142578,285.5306671142578,285.5306671142578
2025-11-22 21:00:00+00:00,2025-11-22 22:00:00+00:00,Islamabad,PK,13137731,275.0,µg/m³,100.0,275.4603302001953,275.4603302001953,275.4603302001953
2025-11-22 22:00:00+00:00,2025-11-22 23:00:00+00:00,Islamabad,PK,13137731,345.0,µg/m³,100.0,344.663749440511,344.663749440511,344.663749440511
2025-11-22 23:00:00+00:00,2025-11-23 00:00:00+00:00,Islamabad,PK,13137731,252.0,µg/m³,100.0,252.3020004272461,252.3020004272461,252.3020004272461
2025-11-23 00:00:00+00:00,2025-11-23 01:00:00+00:00,Islamabad,PK,13137731,225.0,µg/m³,100.0,225.2745002746582,225.2745002746582,225.2745002746582
2025-11-23 01:00:00+00:00,2025-11-23 02:00:00+00:00,Islamabad,PK,13137731,207.0,µg/m³,100.0,207.2198331197103,207.2198331197103,207.2198331197103
2025-11-23 02:00:00+00:00,2025-11-23 03:00:00+00:00,Islamabad,PK,13137731,197.0,µg/m³,100.0,196.94683354695636,196.94683354695636,196.94683354695636
2025-11-23 03:00:00+00:00,2025-11-23 04:00:00+00:00,Islamabad,PK,13137731,197.0,µg/m³,100.0,196.91733296712235,196.91733296712235,196.91733296712235
2025-11-23 04:00:00+00:00,2025-11-23 05:00:00+00:00,Islamabad,PK,13137731,176.0,µg/m³,100.0,176.0028333028158,176.0028333028158,176.0028333028158
2025-11-23 05:00:00+00:00,2025-11-23 06:00:00+00:00,Islamabad,PK,13137731,123.0,µg/m³,100.0,123.39666697184244,123.39666697184244,123.39666697184244
2025-11-23 06:00:00+00:00,2025-11-23 07:00:00+00:00,Islamabad,PK,13137731,113.0,µg/m³,100.0,112.76100006103515,112.76100006103515,112.76100006103515
2025-11-23 07:00:00+00:00,2025-11-23 08:00:00+00:00,Islamabad,PK,13137731,103.0,µg/m³,100.0,102.96416651407877,102.96416651407877,102.96416651407877
2025-11-23 08:00:00+00:00,2025-11-23 09:00:00+00:00,Islamabad,PK,13137731,71.0,µg/m³,100.0,71.00800018310548,71.00800018310548,71.00800018310548
2025-11-23 09:00:00+00:00,2025-11-23 10:00:00+00:00,Islamabad,PK,13137731,57.1,µg/m³,100.0,57.14716669718425,57.14716669718425,57.14716669718425
2025-11-23 13:00:00+00:00,2025-11-23 14:00:00+00:00,Islamabad,PK,13137731,50.4,µg/m³,100.0,50.364333089192705,50.364333089192705,50.364333089192705
2025-11-23 14:00:00+00:00,2025-11-23 15:00:00+00:00,Islamabad,PK,13137731,50.6,µg/m³,100.0,50.616500091552744,50.616500091552744,50.616500091552744
2025-11-23 15:00:00+00:00,2025-11-23 16:00:00+00:00,Islamabad,PK,13137731,66.1,µg/m³,100.0,66.10250015258788,66.10250015258788,66.10250015258788
2025-11-23 16:00:00+00:00,2025-11-23 17:00:00+00:00,Islamabad,PK,13137731,70.4,µg/m³,100.0,70.43066660563152,70.43066660563152,70.43066660563152
2025-11-23 17:00:00+00:00,2025-11-23 18:00:00+00:00,Islamabad,PK,13137731,134.0,µg/m³,100.0,134.4198331197103,134.4198331197103,134.4198331197103
2025-11-23 18:00:00+00:00,2025-11-23 19:00:00+00:00,Islamabad,PK,13137731,143.0,µg/m³,100.0,142.76345856984457,142.76345856984457,142.76345856984457
2025-11-23 19:00:00+00:00,2025-11-23 20:00:00+00:00,Islamabad,PK,13137731,146.0,µg/m³,100.0,146.07766672770182,146.07766672770182,146.07766672770182
2025-11-23 20:00:00+00:00,2025-11-23 21:00:00+00:00,Islamabad,PK,13137731,160.0,µg/m³,100.0,159.54733327229815,159.54733327229815,159.54733327229815
2025-11-23 21:00:00+00:00,2025-11-23 22:00:00+00:00,Islamabad,PK,13137731,146.0,µg/m³,100.0,145.56033376057943,145.56033376057943,145.56033376057943
2025-11-23 22:00:00+00:00,2025-11-23 23:00:00+00:00,Islamabad,PK,13137731,148.0,µg/m³,100.0,148.48550033569333,148.48550033569333,148.48550033569333
2025-11-23 23:00:00+00:00,2025-11-24 00:00:00+00:00,Islamabad,PK,13137731,188.0,µg/m³,100.0,187.96100006103518,187.96100006103518,187.96100006103518
2025-11-24 00:00:00+00:00,2025-11-24 01:00:00+00:00,Islamabad,PK,13137731,149.0,µg/m³,100.0,149.2473332722982,149.2473332722982,149.2473332722982
2025-11-24 01:00:00+00:00,2025-11-24 02:00:00+00:00,Islamabad,PK,13137731,156.0,µg/m³,100.0,155.725,155.725,155.725
2025-11-24 02:00:00+00:00,2025-11-24 03:00:00+00:00,Islamabad,PK,13137731,188.0,µg/m³,100.0,188.10283330281575,188.10283330281575,188.10283330281575
2025-11-24 04:00:00+00:00,2025-11-24 05:00:00+00:00,Islamabad,PK,13137731,143.0,µg/m³,100.0,142.6940558963352,142.6940558963352,142.6940558963352
2025-11-24 05:00:00+00:00,2025-11-24 06:00:00+00:00,Islamabad,PK,13137731,120.0,µg/m³,100.0,119.5198331197103,119.5198331197103,119.5198331197103
2025-11-24 06:00:00+00:00,2025-11-24 07:00:00+00:00,Islamabad,PK,13137731,91.6,µg/m³,100.0,91.56263881259495,91.56263881259495,91.56263881259495
2025-11-24 07:00:00+00:00,2025-11-24 08:00:00+00:00,Islamabad,PK,13137731,72.6,µg/m³,100.0,72.58099975585937,72.58099975585937,72.58099975585937
2025-11-24 08:00:00+00:00,2025-11-24 09:00:00+00:00,Islamabad,PK,13137731,68.9,µg/m³,100.0,68.88633321126302,68.88633321126302,68.88633321126302
2025-11-24 09:00:00+00:00,2025-11-24 10:00:00+00:00,Islamabad,PK,13137731,76.3,µg/m³,100.0,76.29150009155275,76.29150009155275,76.29150009155275
2025-11-24 10:00:00+00:00,2025-11-24 11:00:00+00:00,Islamabad,PK,13137731,102.0,µg/m³,100.0,101.889000193278,101.889000193278,101.889000193278
2025-11-24 11:00:00+00:00,2025-11-24 12:00:00+00:00,Islamabad,PK,13137731,83.1,µg/m³,100.0,83.05316645304362,83.05316645304362,83.05316645304362
2025-11-24 12:00:00+00:00,2025-11-24 13:00:00+00:00,Islamabad,PK,13137731,89.2,µg/m³,100.0,89.17500000000001,89.17500000000001,89.17500000000001
2025-11-24 13:00:00+00:00,2025-11-24 14:00:00+00:00,Islamabad,PK,13137731,84.3,µg/m³,100.0,84.31699981689452,84.31699981689452,84.31699981689452
2025-11-24 14:00:00+00:00,2025-11-24 15:00:00+00:00,Islamabad,PK,13137731,78.0,µg/m³,100.0,77.98600006103514,77.98600006103514,77.98600006103514
2025-11-24 15:00:00+00:00,2025-11-24 16:00:00+00:00,Islamabad,PK,13137731,104.0,µg/m³,100.0,104.31933339436847,104.31933339436847,104.31933339436847
2025-11-24 16:00:00+00:00,2025-11-24 17:00:00+00:00,Islamabad,PK,13137731,161.0,µg/m³,100.0,161.0638333638509,161.0638333638509,161.0638333638509
2025-11-24 17:00:00+00:00,2025-11-24 18:00:00+00:00,Islamabad,PK,13137731,120.0,µg/m³,100.0,120.10583318074545,120.10583318074545,120.10583318074545
2025-11-24 18:00:00+00:00,2025-11-24 19:00:00+00:00,Islamabad,PK,13137731,128.0,µg/m³,100.0,128.28720849355065,128.28720849355065,128.28720849355065
2025-11-24 19:00:00+00:00,2025-11-24 20:00:00+00:00,Islamabad,PK,13137731,113.0,µg/m³,100.0,113.45866648356117,113.45866648356117,113.45866648356117
2025-11-24 20:00:00+00:00,2025-11-24 21:00:00+00:00,Islamabad,PK,13137731,85.8,µg/m³,100.0,85.80466715494792,85.80466715494792,85.80466715494792
2025-11-25 12:00:00+00:00,2025-11-25 13:00:00+00:00,Islamabad,PK,13137731,73.5,µg/m³,100.0,73.53,73.53,73.53
2025-11-25 13:00:00+00:00,2025-11-25 14:00:00+00:00,Islamabad,PK,13137731,89.2,µg/m³,100.0,89.2029998779297,89.2029998779297,89.2029998779297
2025-11-25 14:00:00+00:00,2025-11-25 15:00:00+00:00,Islamabad,PK,13137731,98.3,µg/m³,100.0,98.2806666056315,98.2806666056315,98.2806666056315
2025-11-25 15:00:00+00:00,2025-11-25 16:00:00+00:00,Islamabad,PK,13137731,101.0,µg/m³,100.0,100.76149978637694,100.76149978637694,100.76149978637694
2025-11-25 16:00:00+00:00,2025-11-25 17:00:00+00:00,Islamabad,PK,13137731,96.3,µg/m³,100.0,96.27766672770183,96.27766672770183,96.27766672770183
2025-11-25 17:00:00+00:00,2025-11-25 18:00:00+00:00,Islamabad,PK,13137731,93.2,µg/m³,100.0,93.15833333333335,93.15833333333335,93.15833333333335
2025-11-25 18:00:00+00:00,2025-11-25 19:00:00+00:00,Islamabad,PK,13137731,84.1,µg/m³,100.0,84.1138333638509,84.1138333638509,84.1138333638509
2025-11-25 19:00:00+00:00,2025-11-25 20:00:00+00:00,Islamabad,PK,13137731,87.8,µg/m³,100.0,87.80000000000001,87.80000000000001,87.80000000000001
2025-11-25 20:00:00+00:00,2025-11-25 21:00:00+00:00,Islamabad,PK,13137731,101.0,µg/m³,100.0,100.88649978637694,100.88649978637694,100.88649978637694
2025-11-25 21:00:00+00:00,2025-11-25 22:00:00+00:00,Islamabad,PK,13137731,108.0,µg/m³,100.0,107.6973332722982,107.6973332722982,107.6973332722982
2025-11-25 22:00:00+00:00,2025-11-25 23:00:00+00:00,Islamabad,PK,13137731,85.2,µg/m³,100.0,85.22783330281574,85.22783330281574,85.22783330281574
2025-11-25 23:00:00+00:00,2025-11-26 00:00:00+00:00,Islamabad,PK,13137731,71.3,µg/m³,100.0,71.31916681925456,71.31916681925456,71.31916681925456
2025-11-26 00:00:00+00:00,2025-11-26 01:00:00+00:00,Islamabad,PK,13137731,71.7,µg/m³,100.0,71.73383305867513,71.73383305867513,71.73383305867513
2025-11-26 01:00:00+00:00,2025-11-26 02:00:00+00:00,Islamabad,PK,13137731,75.8,µg/m³,100.0,75.83633321126301,75.83633321126301,75.83633321126301
2025-11-26 02:00:00+00:00,2025-11-26 03:00:00+00:00,Islamabad,PK,13137731,107.0,µg/m³,100.0,107.1418332417806,107.1418332417806,107.1418332417806
2025-11-26 03:00:00+00:00,2025-11-26 04:00:00+00:00,Islamabad,PK,13137731,135.0,µg/m³,100.0,135.0418332417806,135.0418332417806,135.0418332417806
2025-11-26 04:00:00+00:00,2025-11-26 05:00:00+00:00,Islamabad,PK,13137731,138.0,µg/m³,100.0,137.71900024414063,137.71900024414063,137.71900024414063
2025-11-26 05:00:00+00:00,2025-11-26 06:00:00+00:00,Islamabad,PK,13137731,102.0,µg/m³,100.0,101.67816645304362,101.67816645304362,101.67816645304362
2025-11-26 06:00:00+00:00,2025-11-26 07:00:00+00:00,Islamabad,PK,13137731,69.5,µg/m³,100.0,69.4643330891927,69.4643330891927,69.4643330891927
2025-11-26 07:00:00+00:00,2025-11-26 08:00:00+00:00,Islamabad,PK,13137731,53.2,µg/m³,100.0,53.19716669718425,53.19716669718425,53.19716669718425
2025-11-26 08:00:00+00:00,2025-11-26 09:00:00+00:00,Islamabad,PK,13137731,52.4,µg/m³,100.0,52.39400024414062,52.39400024414062,52.39400024414062
2025-11-26 09:00:00+00:00,2025-11-26 10:00:00+00:00,Islamabad,PK,13137731,50.7,µg/m³,100.0,50.74716669718424,50.74716669718424,50.74716669718424
2025-11-26 10:00:00+00:00,2025-11-26 11:00:00+00:00,Islamabad,PK,13137731,56.2,µg/m³,100.0,56.218667093912764,56.218667093912764,56.218667093912764
2025-11-26 11:00:00+00:00,2025-11-26 12:00:00+00:00,Islamabad,PK,13137731,63.7,µg/m³,100.0,63.7163335164388,63.7163335164388,63.7163335164388
2025-11-26 12:00:00+00:00,2025-11-26 13:00:00+00:00,Islamabad,PK,13137731,62.3,µg/m³,100.0,62.307667032877596,62.307667032877596,62.307667032877596
2025-11-26 13:00:00+00:00,2025-11-26 14:00:00+00:00,Islamabad,PK,13137731,71.7,µg/m³,100.0,71.66634701622856,71.66634701622856,71.66634701622856
2025-11-26 14:00:00+00:00,2025-11-26 15:00:00+00:00,Islamabad,PK,13137731,83.3,µg/m³,100.0,83.25233357747395,83.25233357747395,83.25233357747395
2025-11-26 15:00:00+00:00,2025-11-26 16:00:00+00:00,Islamabad,PK,13137731,115.0,µg/m³,100.0,115.17983373006184,115.17983373006184,115.17983373006184
2025-11-26 16:00:00+00:00,2025-11-26 17:00:00+00:00,Islamabad,PK,13137731,109.0,µg/m³,100.0,109.2861666361491,109.2861666361491,109.2861666361491
2025-11-26 17:00:00+00:00,2025-11-26 18:00:00+00:00,Islamabad,PK,13137731,84.8,µg/m³,100.0,84.80550003051758,84.80550003051758,84.80550003051758
2025-11-26 18:00:00+00:00,2025-11-26 19:00:00+00:00,Islamabad,PK,13137731,109.0,µg/m³,100.0,109.28583348592123,109.28583348592123,109.28583348592123
2025-11-26 19:00:00+00:00,2025-11-26 20:00:00+00:00,Islamabad,PK,13137731,113.0,µg/m³,100.0,112.99466654459633,112.99466654459633,112.99466654459633
2025-11-26 20:00:00+00:00,2025-11-26 21:00:00+00:00,Islamabad,PK,13137731,88.3,µg/m³,100.0,88.31049982706706,88.31049982706706,88.31049982706706
2025-11-26 21:00:00+00:00,2025-11-26 22:00:00+00:00,Islamabad,PK,13137731,80.7,µg/m³,100.0,80.66166712443034,80.66166712443034,80.66166712443034
2025-11-26 22:00:00+00:00,2025-11-26 23:00:00+00:00,Islamabad,PK,13137731,76.7,µg/m³,100.0,76.73154188791911,76.73154188791911,76.73154188791911
2025-11-26 23:00:00+00:00,2025-11-27 00:00:00+00:00,Islamabad,PK,13137731,73.2,µg/m³,100.0,73.2051668802897,73.2051668802897,73.2051668802897
2025-11-27 00:00:00+00:00,2025-11-27 01:00:00+00:00,Islamabad,PK,13137731,70.7,µg/m³,100.0,70.73349990844726,70.73349990844726,70.73349990844726
2025-11-27 01:00:00+00:00,2025-11-27 02:00:00+00:00,Islamabad,PK,13137731,79.6,µg/m³,100.0,79.63916651407877,79.63916651407877,79.63916651407877
2025-11-27 02:00:00+00:00,2025-11-27 03:00:00+00:00,Islamabad,PK,13137731,90.8,µg/m³,100.0,90.78633321126301,90.78633321126301,90.78633321126301
2025-11-27 03:00:00+00:00,2025-11-27 04:00:00+00:00,Islamabad,PK,13137731,92.1,µg/m³,100.0,92.08333333333333,92.08333333333333,92.08333333333333
2025-11-27 04:00:00+00:00,2025-11-27 05:00:00+00:00,Islamabad,PK,13137731,81.5,µg/m³,100.0,81.54416681925456,81.54416681925456,81.54416681925456
2025-11-27 05:00:00+00:00,2025-11-27 06:00:00+00:00,Islamabad,PK,13137731,65.6,µg/m³,100.0,65.56916681925456,65.56916681925456,65.56916681925456
2025-11-27 06:00:00+00:00,2025-11-27 07:00:00+00:00,Islamabad,PK,13137731,62.0,µg/m³,100.0,62.00299987792968,62.00299987792968,62.00299987792968
2025-11-27 07:00:00+00:00,2025-11-27 08:00:00+00:00,Islamabad,PK,13137731,59.0,µg/m³,100.0,58.958499908447266,58.958499908447266,58.958499908447266
2025-11-27 08:00:00+00:00,2025-11-27 09:00:00+00:00,Islamabad,PK,13137731,57.9,µg/m³,100.0,57.94150009155273,57.94150009155273,57.94150009155273
2025-11-27 09:00:00+00:00,2025-11-27 10:00:00+00:00,Islamabad,PK,13137731,59.2,µg/m³,100.0,59.197000122070314,59.197000122070314,59.197000122070314
2025-11-27 10:00:00+00:00,2025-11-27 11:00:00+00:00,Islamabad,PK,13137731,59.5,µg/m³,100.0,59.53050003051758,59.53050003051758,59.53050003051758
2025-11-27 11:00:00+00:00,2025-11-27 12:00:00+00:00,Islamabad,PK,13137731,57.8,µg/m³,100.0,57.79700012207032,57.79700012207032,57.79700012207032
2025-11-27 12:00:00+00:00,2025-11-27 13:00:00+00:00,Islamabad,PK,13137731,65.7,µg/m³,100.0,65.72249984741211,65.72249984741211,65.72249984741211
2025-11-27 13:00:00+00:00,2025-11-27 14:00:00+00:00,Islamabad,PK,13137731,66.0,µg/m³,100.0,65.97466684977215,65.97466684977215,65.97466684977215
2025-11-27 14:00:00+00:00,2025-11-27 15:00:00+00:00,Islamabad,PK,13137731,78.9,µg/m³,100.0,78.85016657511393,78.85016657511393,78.85016657511393
2025-11-27 15:00:00+00:00,2025-11-27 16:00:00+00:00,Islamabad,PK,13137731,83.6,µg/m³,100.0,83.62216669718424,83.62216669718424,83.62216669718424
2025-11-27 16:00:00+00:00,2025-11-27 17:00:00+00:00,Islamabad,PK,13137731,91.3,µg/m³,100.0,91.31949996948244,91.31949996948244,91.31949996948244
2025-11-27 17:00:00+00:00,2025-11-27 18:00:00+00:00,Islamabad,PK,13137731,88.1,µg/m³,100.0,88.13333333333333,88.13333333333333,88.13333333333333
2025-11-27 18:00:00+00:00,2025-11-27 19:00:00+00:00,Islamabad,PK,13137731,89.1,µg/m³,100.0,89.12983373006183,89.12983373006183,89.12983373006183
2025-11-27 19:00:00+00:00,2025-11-27 20:00:00+00:00,Islamabad,PK,13137731,86.0,µg/m³,100.0,85.99199981689453,85.99199981689453,85.99199981689453
2025-11-27 20:00:00+00:00,2025-11-27 21:00:00+00:00,Islamabad,PK,13137731,85.6,µg/m³,100.0,85.62483342488606,85.62483342488606,85.62483342488606
2025-11-27 21:00:00+00:00,2025-11-27 22:00:00+00:00,Islamabad,PK,13137731,94.3,µg/m³,100.0,94.34483311971029,94.34483311971029,94.34483311971029
2025-11-27 22:00:00+00:00,2025-11-27 23:00:00+00:00,Islamabad,PK,13137731,91.2,µg/m³,100.0,91.2004997253418,91.2004997253418,91.2004997253418
2025-11-27 23:00:00+00:00,2025-11-28 00:00:00+00:00,Islamabad,PK,13137731,87.5,µg/m³,100.0,87.46166636149088,87.46166636149088,87.46166636149088
2025-11-28 00:00:00+00:00,2025-11-28 01:00:00+00:00,Islamabad,PK,13137731,83.8,µg/m³,100.0,83.79449996948243,83.79449996948243,83.79449996948243
2025-11-28 01:00:00+00:00,2025-11-28 02:00:00+00:00,Islamabad,PK,13137731,81.6,µg/m³,100.0,81.57799987792968,81.57799987792968,81.57799987792968
2025-11-28 02:00:00+00:00,2025-11-28 03:00:00+00:00,Islamabad,PK,13137731,80.4,µg/m³,100.0,80.3888333638509,80.3888333638509,80.3888333638509
2025-11-28 03:00:00+00:00,2025-11-28 04:00:00+00:00,Islamabad,PK,13137731,91.7,µg/m³,100.0,91.73099975585939,91.73099975585939,91.73099975585939
2025-11-28 04:00:00+00:00,2025-11-28 05:00:00+00:00,Islamabad,PK,13137731,103.0,µg/m³,100.0,103.16683324178058,103.16683324178058,103.16683324178058
2025-11-28 05:00:00+00:00,2025-11-28 06:00:00+00:00,Islamabad,PK,13137731,103.0,µg/m³,100.0,102.98366648356118,102.98366648356118,102.98366648356118
2025-11-28 06:00:00+00:00,2025-11-28 07:00:00+00:00,Islamabad,PK,13137731,87.6,µg/m³,100.0,87.55599975585938,87.55599975585938,87.55599975585938
2025-11-28 07:00:00+00:00,2025-11-28 08:00:00+00:00,Islamabad,PK,13137731,72.4,µg/m³,100.0,72.38349990844726,72.38349990844726,72.38349990844726
2025-11-28 08:00:00+00:00,2025-11-28 09:00:00+00:00,Islamabad,PK,13137731,71.4,µg/m³,100.0,71.3893330891927,71.3893330891927,71.3893330891927
2025-11-28 09:00:00+00:00,2025-11-28 10:00:00+00:00,Islamabad,PK,13137731,61.6,µg/m³,100.0,61.57216669718424,61.57216669718424,61.57216669718424
2025-11-28 10:00:00+00:00,2025-11-28 11:00:00+00:00,Islamabad,PK,13137731,65.1,µg/m³,100.0,65.09133351643881,65.09133351643881,65.09133351643881
2025-11-28 11:00:00+00:00,2025-11-28 12:00:00+00:00,Islamabad,PK,13137731,75.0,µg/m³,100.0,75.01650009155274,75.01650009155274,75.01650009155274
2025-11-28 12:00:00+00:00,2025-11-28 13:00:00+00:00,Islamabad,PK,13137731,77.2,µg/m³,100.0,77.21666666666665,77.21666666666665,77.21666666666665
2025-11-28 13:00:00+00:00,2025-11-28 14:00:00+00:00,Islamabad,PK,13137731,81.5,µg/m³,100.0,81.54683354695639,81.54683354695639,81.54683354695639
2025-11-28 14:00:00+00:00,2025-11-28 15:00:00+00:00,Islamabad,PK,13137731,93.2,µg/m³,100.0,93.24199981689453,93.24199981689453,93.24199981689453
2025-11-28 15:00:00+00:00,2025-11-28 16:00:00+00:00,Islamabad,PK,13137731,96.6,µg/m³,100.0,96.58566691080729,96.58566691080729,96.58566691080729
2025-11-28 16:00:00+00:00,2025-11-28 17:00:00+00:00,Islamabad,PK,13137731,106.0,µg/m³,100.0,106.07533315022788,106.07533315022788,106.07533315022788
2025-11-28 17:00:00+00:00,2025-11-28 18:00:00+00:00,Islamabad,PK,13137731,101.0,µg/m³,100.0,100.83033345540365,100.83033345540365,100.83033345540365
2025-11-28 18:00:00+00:00,2025-11-28 19:00:00+00:00,Islamabad,PK,13137731,84.0,µg/m³,100.0,83.98066660563153,83.98066660563153,83.98066660563153
2025-11-28 19:00:00+00:00,2025-11-28 20:00:00+00:00,Islamabad,PK,13137731,79.8,µg/m³,100.0,79.7949996948242,79.7949996948242,79.7949996948242
2025-11-28 20:00:00+00:00,2025-11-28 21:00:00+00:00,Islamabad,PK,13137731,81.6,µg/m³,100.0,81.58349990844727,81.58349990844727,81.58349990844727
2025-11-28 21:00:00+00:00,2025-11-28 22:00:00+00:00,Islamabad,PK,13137731,86.1,µg/m³,100.0,86.05000000000001,86.05000000000001,86.05000000000001
2025-11-28 22:00:00+00:00,2025-11-28 23:00:00+00:00,Islamabad,PK,13137731,81.3,µg/m³,100.0,81.28949966430663,81.28949966430663,81.28949966430663
2025-11-28 23:00:00+00:00,2025-11-29 00:00:00+00:00,Islamabad,PK,13137731,78.9,µg/m³,100.0,78.8551668802897,78.8551668802897,78.8551668802897
2025-11-29 00:00:00+00:00,2025-11-29 01:00:00+00:00,Islamabad,PK,13137731,74.9,µg/m³,100.0,74.93033345540364,74.93033345540364,74.93033345540364
2025-11-29 01:00:00+00:00,2025-11-29 02:00:00+00:00,Islamabad,PK,13137731,74.9,µg/m³,100.0,74.90599975585938,74.90599975585938,74.90599975585938
2025-11-29 02:00:00+00:00,2025-11-29 03:00:00+00:00,Islamabad,PK,13137731,77.6,µg/m³,100.0,77.56366678873698,77.56366678873698,77.56366678873698
2025-11-29 03:00:00+00:00,2025-11-29 04:00:00+00:00,Islamabad,PK,13137731,83.4,µg/m³,100.0,83.43083318074544,83.43083318074544,83.43083318074544
2025-11-29 04:00:00+00:00,2025-11-29 05:00:00+00:00,Islamabad,PK,13137731,92.3,µg/m³,100.0,92.32516657511394,92.32516657511394,92.32516657511394
2025-11-29 05:00:00+00:00,2025-11-29 06:00:00+00:00,Islamabad,PK,13137731,102.0,µg/m³,100.0,101.74133351643881,101.74133351643881,101.74133351643881
2025-11-29 06:00:00+00:00,2025-11-29 07:00:00+00:00,Islamabad,PK,13137731,96.1,µg/m³,100.0,96.14716669718423,96.14716669718423,96.14716669718423
2025-11-29 07:00:00+00:00,2025-11-29 08:00:00+00:00,Islamabad,PK,13137731,80.2,µg/m³,100.0,80.1534996032715,80.1534996032715,80.1534996032715
2025-11-29 08:00:00+00:00,2025-11-29 09:00:00+00:00,Islamabad,PK,13137731,66.6,µg/m³,100.0,66.61900024414062,66.61900024414062,66.61900024414062
2025-11-29 09:00:00+00:00,2025-11-29 10:00:00+00:00,Islamabad,PK,13137731,61.6,µg/m³,100.0,61.613833363850915,61.613833363850915,61.613833363850915
2025-11-29 10:00:00+00:00,2025-11-29 11:00:00+00:00,Islamabad,PK,13137731,59.4,µg/m³,100.0,59.36916681925456,59.36916681925456,59.36916681925456
2025-11-29 11:00:00+00:00,2025-11-29 12:00:00+00:00,Islamabad,PK,13137731,56.4,µg/m³,100.0,56.361000061035156,56.361000061035156,56.361000061035156
2025-11-29 12:00:00+00:00,2025-11-29 13:00:00+00:00,Islamabad,PK,13137731,62.0,µg/m³,100.0,61.9836664835612,61.9836664835612,61.9836664835612
2025-11-29 13:00:00+00:00,2025-11-29 14:00:00+00:00,Islamabad,PK,13137731,84.4,µg/m³,100.0,84.39133351643879,84.39133351643879,84.39133351643879
2025-11-29 14:00:00+00:00,2025-11-29 15:00:00+00:00,Islamabad,PK,13137731,108.0,µg/m³,100.0,108.07647217644585,108.07647217644585,108.07647217644585
2025-11-29 15:00:00+00:00,2025-11-29 16:00:00+00:00,Islamabad,PK,13137731,117.0,µg/m³,100.0,116.6949996948242,116.6949996948242,116.6949996948242
2025-11-29 16:00:00+00:00,2025-11-29 17:00:00+00:00,Islamabad,PK,13137731,119.0,µg/m³,100.0,119.23600006103517,119.23600006103517,119.23600006103517
2025-11-29 17:00:00+00:00,2025-11-29 18:00:00+00:00,Islamabad,PK,13137731,141.0,µg/m³,100.0,141.0055000305176,141.0055000305176,141.0055000305176
2025-11-29 18:00:00+00:00,2025-11-29 19:00:00+00:00,Islamabad,PK,13137731,130.0,µg/m³,100.0,129.9361666361491,129.9361666361491,129.9361666361491
2025-11-29 19:00:00+00:00,2025-11-29 20:00:00+00:00,Islamabad,PK,13137731,113.0,µg/m³,100.0,113.15283330281575,113.15283330281575,113.15283330281575
2025-11-29 20:00:00+00:00,2025-11-29 21:00:00+00:00,Islamabad,PK,13137731,93.6,µg/m³,100.0,93.63050003051757,93.63050003051757,93.63050003051757
2025-11-29 21:00:00+00:00,2025-11-29 22:00:00+00:00,Islamabad,PK,13137731,84.6,µg/m³,100.0,84.58050003051757,84.58050003051757,84.58050003051757
2025-11-29 22:00:00+00:00,2025-11-29 23:00:00+00:00,Islamabad,PK,13137731,94.6,µg/m³,100.0,94.56966654459633,94.56966654459633,94.56966654459633
2025-11-29 23:00:00+00:00,2025-11-30 00:00:00+00:00,Islamabad,PK,13137731,85.3,µg/m³,100.0,85.32466684977214,85.32466684977214,85.32466684977214
2025-11-30 00:00:00+00:00,2025-11-30 01:00:00+00:00,Islamabad,PK,13137731,89.8,µg/m³,100.0,89.78000030517579,89.78000030517579,89.78000030517579
2025-11-30 01:00:00+00:00,2025-11-30 02:00:00+00:00,Islamabad,PK,13137731,113.0,µg/m³,100.0,113.23333333333335,113.23333333333335,113.23333333333335
2025-11-30 02:00:00+00:00,2025-11-30 03:00:00+00:00,Islamabad,PK,13137731,88.1,µg/m³,100.0,88.13866678873698,88.13866678873698,88.13866678873698
2025-11-30 03:00:00+00:00,2025-11-30 04:00:00+00:00,Islamabad,PK,13137731,105.0,µg/m³,100.0,104.75316645304362,104.75316645304362,104.75316645304362
2025-11-30 04:00:00+00:00,2025-11-30 05:00:00+00:00,Islamabad,PK,13137731,95.4,µg/m³,100.0,95.36949996948242,95.36949996948242,95.36949996948242
2025-12-13 13:00:00+00:00,2025-12-13 14:00:00+00:00,Islamabad,PK,13137731,11.7,µg/m³,100.0,11.713749996821088,11.713749996821088,11.713749996821088
2025-12-13 14:00:00+00:00,2025-12-13 15:00:00+00:00,Islamabad,PK,13137731,17.7,µg/m³,100.0,17.691666603088375,17.691666603088375,17.691666603088375
2025-12-13 15:00:00+00:00,2025-12-13 16:00:00+00:00,Islamabad,PK,13137731,28.0,µg/m³,100.0,27.956166585286457,27.956166585286457,27.956166585286457
2025-12-13 16:00:00+00:00,2025-12-13 17:00:00+00:00,Islamabad,PK,13137731,34.3,µg/m³,100.0,34.27183354695638,34.27183354695638,34.27183354695638
2025-12-13 17:00:00+00:00,2025-12-13 18:00:00+00:00,Islamabad,PK,13137731,39.5,µg/m³,100.0,39.539333089192716,39.539333089192716,39.539333089192716
2025-12-13 18:00:00+00:00,2025-12-13 19:00:00+00:00,Islamabad,PK,13137731,47.4,µg/m³,100.0,47.40550003051757,47.40550003051757,47.40550003051757
2025-12-13 19:00:00+00:00,2025-12-13 20:00:00+00:00,Islamabad,PK,13137731,75.4,µg/m³,100.0,75.4336664835612,75.4336664835612,75.4336664835612
2025-12-13 20:00:00+00:00,2025-12-13 21:00:00+00:00,Islamabad,PK,13137731,122.0,µg/m³,100.0,122.13333333333333,122.13333333333333,122.13333333333333
2025-12-13 21:00:00+00:00,2025-12-13 22:00:00+00:00,Islamabad,PK,13137731,144.0,µg/m³,100.0,143.7919998168945,143.7919998168945,143.7919998168945
2025-12-13 22:00:00+00:00,2025-12-13 23:00:00+00:00,Islamabad,PK,13137731,118.0,µg/m³,100.0,117.86666666666666,117.86666666666666,117.86666666666666
2025-12-13 23:00:00+00:00,2025-12-14 00:00:00+00:00,Islamabad,PK,13137731,83.2,µg/m³,100.0,83.16716639200845,83.16716639200845,83.16716639200845
2025-12-14 00:00:00+00:00,2025-12-14 01:00:00+00:00,Islamabad,PK,13137731,58.4,µg/m³,100.0,58.39416681925456,58.39416681925456,58.39416681925456
2025-12-14 01:00:00+00:00,2025-12-14 02:00:00+00:00,Islamabad,PK,13137731,69.8,µg/m³,100.0,69.81916681925456,69.81916681925456,69.81916681925456
2025-12-14 02:00:00+00:00,2025-12-14 03:00:00+00:00,Islamabad,PK,13137731,95.7,µg/m³,100.0,95.66633351643878,95.66633351643878,95.66633351643878
2025-12-14 03:00:00+00:00,2025-12-14 04:00:00+00:00,Islamabad,PK,13137731,142.0,µg/m³,100.0,142.0056666056315,142.0056666056315,142.0056666056315
2025-12-14 04:00:00+00:00,2025-12-14 05:00:00+00:00,Islamabad,PK,13137731,179.0,µg/m³,100.0,178.55016657511393,178.55016657511393,178.55016657511393
2025-12-14 05:00:00+00:00,2025-12-14 06:00:00+00:00,Islamabad,PK,13137731,185.0,µg/m³,100.0,184.69683354695636,184.69683354695636,184.69683354695636
2025-12-14 06:00:00+00:00,2025-12-14 07:00:00+00:00,Islamabad,PK,13137731,137.0,µg/m³,100.0,137.2938336690267,137.2938336690267,137.2938336690267
2025-12-14 07:00:00+00:00,2025-12-14 08:00:00+00:00,Islamabad,PK,13137731,99.7,µg/m³,100.0,99.7181818181818,99.7181818181818,99.7181818181818
2025-12-14 08:00:00+00:00,2025-12-14 09:00:00+00:00,Islamabad,PK,13137731,83.3,µg/m³,100.0,83.34466654459636,83.34466654459636,83.34466654459636
2025-12-14 09:00:00+00:00,2025-12-14 10:00:00+00:00,Islamabad,PK,13137731,83.8,µg/m³,100.0,83.79133351643881,83.79133351643881,83.79133351643881
2025-12-14 10:00:00+00:00,2025-12-14 11:00:00+00:00,Islamabad,PK,13137731,81.9,µg/m³,100.0,81.94733327229818,81.94733327229818,81.94733327229818
2025-12-14 11:00:00+00:00,2025-12-14 12:00:00+00:00,Islamabad,PK,13137731,101.0,µg/m³,100.0,100.66916681925454,100.66916681925454,100.66916681925454
2025-12-14 12:00:00+00:00,2025-12-14 13:00:00+00:00,Islamabad,PK,13137731,114.0,µg/m³,100.0,113.94999999999999,113.94999999999999,113.94999999999999
2025-12-14 13:00:00+00:00,2025-12-14 14:00:00+00:00,Islamabad,PK,13137731,133.0,µg/m³,100.0,133.10816675821943,133.10816675821943,133.10816675821943
2025-12-14 14:00:00+00:00,2025-12-14 15:00:00+00:00,Islamabad,PK,13137731,163.0,µg/m³,100.0,162.85266672770183,162.85266672770183,162.85266672770183
2025-12-14 15:00:00+00:00,2025-12-14 16:00:00+00:00,Islamabad,PK,13137731,188.0,µg/m³,100.0,188.32733357747395,188.32733357747395,188.32733357747395
2025-12-14 16:00:00+00:00,2025-12-14 17:00:00+00:00,Islamabad,PK,13137731,153.0,µg/m³,100.0,152.51116663614906,152.51116663614906,152.51116663614906
2025-12-14 17:00:00+00:00,2025-12-14 18:00:00+00:00,Islamabad,PK,13137731,130.0,µg/m³,100.0,130.1131670633952,130.1131670633952,130.1131670633952
2025-12-14 18:00:00+00:00,2025-12-14 19:00:00+00:00,Islamabad,PK,13137731,134.0,µg/m³,100.0,134.41916681925454,134.41916681925454,134.41916681925454
2025-12-14 19:00:00+00:00,2025-12-14 20:00:00+00:00,Islamabad,PK,13137731,154.0,µg/m³,100.0,154.40500030517578,154.40500030517578,154.40500030517578
2025-12-14 20:00:00+00:00,2025-12-14 21:00:00+00:00,Islamabad,PK,13137731,146.0,µg/m³,100.0,146.29466654459634,146.29466654459634,146.29466654459634
2025-12-14 21:00:00+00:00,2025-12-14 22:00:00+00:00,Islamabad,PK,13137731,149.0,µg/m³,100.0,148.67216669718425,148.67216669718425,148.67216669718425
2025-12-14 22:00:00+00:00,2025-12-14 23:00:00+00:00,Islamabad,PK,13137731,147.0,µg/m³,100.0,146.9306666056315,146.9306666056315,146.9306666056315
2025-12-14 23:00:00+00:00,2025-12-15 00:00:00+00:00,Islamabad,PK,13137731,131.0,µg/m³,100.0,131.25283330281573,131.25283330281573,131.25283330281573
2025-12-15 00:00:00+00:00,2025-12-15 01:00:00+00:00,Islamabad,PK,13137731,126.0,µg/m³,100.0,126.12826362186009,126.12826362186009,126.12826362186009
2025-12-15 01:00:00+00:00,2025-12-15 02:00:00+00:00,Islamabad,PK,13137731,140.0,µg/m³,100.0,140.38833363850912,140.38833363850912,140.38833363850912
2025-12-15 02:00:00+00:00,2025-12-15 03:00:00+00:00,Islamabad,PK,13137731,158.0,µg/m³,100.0,157.75849990844728,157.75849990844728,157.75849990844728
2025-12-15 03:00:00+00:00,2025-12-15 04:00:00+00:00,Islamabad,PK,13137731,220.0,µg/m³,100.0,220.03650004069013,220.03650004069013,220.03650004069013
2025-12-15 04:00:00+00:00,2025-12-15 05:00:00+00:00,Islamabad,PK,13137731,190.0,µg/m³,100.0,190.4971666971842,190.4971666971842,190.4971666971842
2025-12-15 05:00:00+00:00,2025-12-15 06:00:00+00:00,Islamabad,PK,13137731,137.0,µg/m³,100.0,137.22283299763993,137.22283299763993,137.22283299763993
2025-12-15 06:00:00+00:00,2025-12-15 07:00:00+00:00,Islamabad,PK,13137731,141.0,µg/m³,100.0,141.01366678873697,141.01366678873697,141.01366678873697
2025-12-15 07:00:00+00:00,2025-12-15 08:00:00+00:00,Islamabad,PK,13137731,101.0,µg/m³,100.0,100.5245002746582,100.5245002746582,100.5245002746582
2025-12-15 08:00:00+00:00,2025-12-15 09:00:00+00:00,Islamabad,PK,13137731,107.0,µg/m³,100.0,106.56966654459637,106.56966654459637,106.56966654459637
2025-12-15 09:00:00+00:00,2025-12-15 10:00:00+00:00,Islamabad,PK,13137731,99.2,µg/m³,100.0,99.18083318074544,99.18083318074544,99.18083318074544
2025-12-15 10:00:00+00:00,2025-12-15 11:00:00+00:00,Islamabad,PK,13137731,105.0,µg/m³,100.0,104.88383305867512,104.88383305867512,104.88383305867512
2025-12-15 11:00:00+00:00,2025-12-15 12:00:00+00:00,Islamabad,PK,13137731,116.0,µg/m³,100.0,115.79666697184246,115.79666697184246,115.79666697184246
2025-12-15 12:00:00+00:00,2025-12-15 13:00:00+00:00,Islamabad,PK,13137731,131.0,µg/m³,100.0,131.07500000000002,131.07500000000002,131.07500000000002
2025-12-15 13:00:00+00:00,2025-12-15 14:00:00+00:00,Islamabad,PK,13137731,155.0,µg/m³,100.0,155.14216639200848,155.14216639200848,155.14216639200848
2025-12-15 14:00:00+00:00,2025-12-15 15:00:00+00:00,Islamabad,PK,13137731,134.0,µg/m³,100.0,133.89199981689453,133.89199981689453,133.89199981689453
2025-12-15 15:00:00+00:00,2025-12-15 16:00:00+00:00,Islamabad,PK,13137731,129.0,µg/m³,100.0,128.68050003051758,128.68050003051758,128.68050003051758
2025-12-15 16:00:00+00:00,2025-12-15 17:00:00+00:00,Islamabad,PK,13137731,129.0,µg/m³,100.0,129.03583348592124,129.03583348592124,129.03583348592124
2025-12-15 17:00:00+00:00,2025-12-15 18:00:00+00:00,Islamabad,PK,13137731,143.0,µg/m³,100.0,143.22216669718424,143.22216669718424,143.22216669718424
2025-12-15 18:00:00+00:00,2025-12-15 19:00:00+00:00,Islamabad,PK,13137731,146.0,µg/m³,100.0,145.97799987792968,145.97799987792968,145.97799987792968
2025-12-15 19:00:00+00:00,2025-12-15 20:00:00+00:00,Islamabad,PK,13137731,155.0,µg/m³,100.0,155.0118329366048,155.0118329366048,155.0118329366048
2025-12-15 20:00:00+00:00,2025-12-15 21:00:00+00:00,Islamabad,PK,13137731,160.0,µg/m³,100.0,159.52533315022785,159.52533315022785,159.52533315022785
2025-12-15 21:00:00+00:00,2025-12-15 22:00:00+00:00,Islamabad,PK,13137731,141.0,µg/m³,100.0,141.22483342488607,141.22483342488607,141.22483342488607
2025-12-15 22:00:00+00:00,2025-12-15 23:00:00+00:00,Islamabad,PK,13137731,124.0,µg/m³,100.0,124.1108334859212,124.1108334859212,124.1108334859212
2025-12-15 23:00:00+00:00,2025-12-16 00:00:00+00:00,Islamabad,PK,13137731,118.0,µg/m³,100.0,117.63366648356121,117.63366648356121,117.63366648356121
2025-12-16 00:00:00+00:00,2025-12-16 01:00:00+00:00,Islamabad,PK,13137731,133.0,µg/m³,100.0,132.76433308919272,132.76433308919272,132.76433308919272
2025-12-16 01:00:00+00:00,2025-12-16 02:00:00+00:00,Islamabad,PK,13137731,136.0,µg/m³,100.0,135.925,135.925,135.925
2025-12-16 02:00:00+00:00,2025-12-16 03:00:00+00:00,Islamabad,PK,13137731,158.0,µg/m³,100.0,157.60583318074544,157.60583318074544,157.60583318074544
2025-12-16 03:00:00+00:00,2025-12-16 04:00:00+00:00,Islamabad,PK,13137731,153.0,µg/m³,100.0,152.97783330281575,152.97783330281575,152.97783330281575
2025-12-16 04:00:00+00:00,2025-12-16 05:00:00+00:00,Islamabad,PK,13137731,132.0,µg/m³,100.0,131.82216669718426,131.82216669718426,131.82216669718426
2025-12-16 05:00:00+00:00,2025-12-16 06:00:00+00:00,Islamabad,PK,13137731,123.0,µg/m³,100.0,123.18099975585938,123.18099975585938,123.18099975585938
2025-12-16 06:00:00+00:00,2025-12-16 07:00:00+00:00,Islamabad,PK,13137731,105.0,µg/m³,100.0,105.00266672770182,105.00266672770182,105.00266672770182
2025-12-16 07:00:00+00:00,2025-12-16 08:00:00+00:00,Islamabad,PK,13137731,88.7,µg/m³,100.0,88.7163335164388,88.7163335164388,88.7163335164388
2025-12-16 08:00:00+00:00,2025-12-16 09:00:00+00:00,Islamabad,PK,13137731,70.8,µg/m³,100.0,70.84650039672852,70.84650039672852,70.84650039672852
2025-12-16 09:00:00+00:00,2025-12-16 10:00:00+00:00,Islamabad,PK,13137731,66.1,µg/m³,100.0,66.12766672770182,66.12766672770182,66.12766672770182
2025-12-16 10:00:00+00:00,2025-12-16 11:00:00+00:00,Islamabad,PK,13137731,67.8,µg/m³,100.0,67.82166697184245,67.82166697184245,67.82166697184245
2025-12-16 11:00:00+00:00,2025-12-16 12:00:00+00:00,Islamabad,PK,13137731,75.4,µg/m³,100.0,75.42516657511392,75.42516657511392,75.42516657511392
2025-12-16 12:00:00+00:00,2025-12-16 13:00:00+00:00,Islamabad,PK,13137731,91.9,µg/m³,100.0,91.85266672770183,91.85266672770183,91.85266672770183
2025-12-16 13:00:00+00:00,2025-12-16 14:00:00+00:00,Islamabad,PK,13137731,93.5,µg/m³,100.0,93.49050064086914,93.49050064086914,93.49050064086914
2025-12-16 14:00:00+00:00,2025-12-16 15:00:00+00:00,Islamabad,PK,13137731,115.0,µg/m³,100.0,114.71966654459635,114.71966654459635,114.71966654459635
2025-12-16 15:00:00+00:00,2025-12-16 16:00:00+00:00,Islamabad,PK,13137731,92.9,µg/m³,100.0,92.93050003051758,92.93050003051758,92.93050003051758
2025-12-16 16:00:00+00:00,2025-12-16 17:00:00+00:00,Islamabad,PK,13137731,112.0,µg/m³,100.0,112.25349960327146,112.25349960327146,112.25349960327146
2025-12-16 17:00:00+00:00,2025-12-16 18:00:00+00:00,Islamabad,PK,13137731,129.0,µg/m³,100.0,129.02233327229817,129.02233327229817,129.02233327229817
2025-12-16 18:00:00+00:00,2025-12-16 19:00:00+00:00,Islamabad,PK,13137731,142.0,µg/m³,100.0,142.02233327229814,142.02233327229814,142.02233327229814
2025-12-16 19:00:00+00:00,2025-12-16 20:00:00+00:00,Islamabad,PK,13137731,130.0,µg/m³,100.0,130.40033315022785,130.40033315022785,130.40033315022785
2025-12-16 20:00:00+00:00,2025-12-16 21:00:00+00:00,Islamabad,PK,13137731,128.0,µg/m³,100.0,127.56149978637694,127.56149978637694,127.56149978637694
2025-12-16 21:00:00+00:00,2025-12-16 22:00:00+00:00,Islamabad,PK,13137731,104.0,µg/m³,100.0,103.50016657511395,103.50016657511395,103.50016657511395
2025-12-16 22:00:00+00:00,2025-12-16 23:00:00+00:00,Islamabad,PK,13137731,110.0,µg/m³,100.0,110.35583318074544,110.35583318074544,110.35583318074544
2025-12-16 23:00:00+00:00,2025-12-17 00:00:00+00:00,Islamabad,PK,13137731,109.0,µg/m³,100.0,109.3423329671224,109.3423329671224,109.3423329671224
2025-12-17 00:00:00+00:00,2025-12-17 01:00:00+00:00,Islamabad,PK,13137731,109.0,µg/m³,100.0,108.7643330891927,108.7643330891927,108.7643330891927
2025-12-17 01:00:00+00:00,2025-12-17 02:00:00+00:00,Islamabad,PK,13137731,104.0,µg/m³,100.0,104.31083348592124,104.31083348592124,104.31083348592124
2025-12-17 02:00:00+00:00,2025-12-17 03:00:00+00:00,Islamabad,PK,13137731,120.0,µg/m³,100.0,120.32816645304361,120.32816645304361,120.32816645304361
2025-12-17 03:00:00+00:00,2025-12-17 04:00:00+00:00,Islamabad,PK,13137731,143.0,µg/m³,100.0,142.8688336690267,142.8688336690267,142.8688336690267
2025-12-17 04:00:00+00:00,2025-12-17 05:00:00+00:00,Islamabad,PK,13137731,121.0,µg/m³,100.0,121.21666666666668,121.21666666666668,121.21666666666668
2025-12-17 05:00:00+00:00,2025-12-17 06:00:00+00:00,Islamabad,PK,13137731,101.0,µg/m³,100.0,101.18099975585938,101.18099975585938,101.18099975585938
2025-12-17 06:00:00+00:00,2025-12-17 07:00:00+00:00,Islamabad,PK,13137731,92.7,µg/m³,100.0,92.66933339436848,92.66933339436848,92.66933339436848
2025-12-17 07:00:00+00:00,2025-12-17 08:00:00+00:00,Islamabad,PK,13137731,86.0,µg/m³,100.0,85.96399993896485,85.96399993896485,85.96399993896485
2025-12-17 09:00:00+00:00,2025-12-17 10:00:00+00:00,Islamabad,PK,13137731,63.4,µg/m³,100.0,63.35995858510335,63.35995858510335,63.35995858510335
2025-12-17 10:00:00+00:00,2025-12-17 11:00:00+00:00,Islamabad,PK,13137731,66.8,µg/m³,100.0,66.79449996948242,66.79449996948242,66.79449996948242
2025-12-17 11:00:00+00:00,2025-12-17 12:00:00+00:00,Islamabad,PK,13137731,64.9,µg/m³,100.0,64.89700012207032,64.89700012207032,64.89700012207032
2025-12-17 12:00:00+00:00,2025-12-17 13:00:00+00:00,Islamabad,PK,13137731,63.9,µg/m³,100.0,63.86116663614907,63.86116663614907,63.86116663614907
2025-12-17 13:00:00+00:00,2025-12-17 14:00:00+00:00,Islamabad,PK,13137731,67.7,µg/m³,100.0,67.69966684977214,67.69966684977214,67.69966684977214
2025-12-17 14:00:00+00:00,2025-12-17 15:00:00+00:00,Islamabad,PK,13137731,71.7,µg/m³,100.0,71.74449996948242,71.74449996948242,71.74449996948242
2025-12-17 15:00:00+00:00,2025-12-17 16:00:00+00:00,Islamabad,PK,13137731,83.0,µg/m³,100.0,82.95766703287761,82.95766703287761,82.95766703287761
2025-12-17 16:00:00+00:00,2025-12-17 17:00:00+00:00,Islamabad,PK,13137731,121.0,µg/m³,100.0,121.46366678873699,121.46366678873699,121.46366678873699
2025-12-17 17:00:00+00:00,2025-12-17 18:00:00+00:00,Islamabad,PK,13137731,191.0,µg/m³,100.0,190.58916625976565,190.58916625976565,190.58916625976565
2025-12-17 18:00:00+00:00,2025-12-17 19:00:00+00:00,Islamabad,PK,13137731,237.0,µg/m³,100.0,236.91145814259846,236.91145814259846,236.91145814259846
2025-12-17 19:00:00+00:00,2025-12-17 20:00:00+00:00,Islamabad,PK,13137731,177.0,µg/m³,100.0,176.88566691080726,176.88566691080726,176.88566691080726
2025-12-17 20:00:00+00:00,2025-12-17 21:00:00+00:00,Islamabad,PK,13137731,166.0,µg/m³,100.0,166.03866678873695,166.03866678873695,166.03866678873695
2025-12-17 21:00:00+00:00,2025-12-17 22:00:00+00:00,Islamabad,PK,13137731,122.0,µg/m³,100.0,122.1918332417806,122.1918332417806,122.1918332417806
2025-12-17 22:00:00+00:00,2025-12-17 23:00:00+00:00,Islamabad,PK,13137731,130.0,µg/m³,100.0,130.37033284505208,130.37033284505208,130.37033284505208
2025-12-17 23:00:00+00:00,2025-12-18 00:00:00+00:00,Islamabad,PK,13137731,108.0,µg/m³,100.0,107.89716669718426,107.89716669718426,107.89716669718426
2025-12-18 00:00:00+00:00,2025-12-18 01:00:00+00:00,Islamabad,PK,13137731,83.5,µg/m³,100.0,83.49416681925454,83.49416681925454,83.49416681925454
2025-12-18 01:00:00+00:00,2025-12-18 02:00:00+00:00,Islamabad,PK,13137731,90.7,µg/m³,100.0,90.66890952370385,90.66890952370385,90.66890952370385
2025-12-18 02:00:00+00:00,2025-12-18 03:00:00+00:00,Islamabad,PK,13137731,130.0,µg/m³,100.0,130.0836664835612,130.0836664835612,130.0836664835612
2025-12-18 03:00:00+00:00,2025-12-18 04:00:00+00:00,Islamabad,PK,13137731,138.0,µg/m³,100.0,137.58050003051758,137.58050003051758,137.58050003051758
2025-12-18 04:00:00+00:00,2025-12-18 05:00:00+00:00,Islamabad,PK,13137731,159.0,µg/m³,100.0,158.73349990844727,158.73349990844727,158.73349990844727
2025-12-18 05:00:00+00:00,2025-12-18 06:00:00+00:00,Islamabad,PK,13137731,147.0,µg/m³,100.0,147.46600036621095,147.46600036621095,147.46600036621095
2025-12-18 06:00:00+00:00,2025-12-18 07:00:00+00:00,Islamabad,PK,13137731,87.8,µg/m³,100.0,87.76966654459635,87.76966654459635,87.76966654459635
2025-12-18 07:00:00+00:00,2025-12-18 08:00:00+00:00,Islamabad,PK,13137731,57.9,µg/m³,100.0,57.86745411265981,57.86745411265981,57.86745411265981
2025-12-18 08:00:00+00:00,2025-12-18 09:00:00+00:00,Islamabad,PK,13137731,66.3,µg/m³,100.0,66.29036393599077,66.29036393599077,66.29036393599077
2026-01-24 10:00:00+00:00,2026-01-24 11:00:00+00:00,Islamabad,PK,13137731,26.9,µg/m³,100.0,26.857388888465028,26.857388888465028,26.857388888465028
2026-01-24 11:00:00+00:00,2026-01-24 12:00:00+00:00,Islamabad,PK,13137731,28.9,µg/m³,100.0,28.85000006357829,28.85000006357829,28.85000006357829
2026-01-24 12:00:00+00:00,2026-01-24 13:00:00+00:00,Islamabad,PK,13137731,37.0,µg/m³,100.0,36.96716648737589,36.96716648737589,36.96716648737589
2026-01-24 13:00:00+00:00,2026-01-24 14:00:00+00:00,Islamabad,PK,13137731,44.8,µg/m³,100.0,44.84683354695638,44.84683354695638,44.84683354695638
2026-01-24 14:00:00+00:00,2026-01-24 15:00:00+00:00,Islamabad,PK,13137731,49.1,µg/m³,100.0,49.08083318074544,49.08083318074544,49.08083318074544
2026-01-24 15:00:00+00:00,2026-01-24 16:00:00+00:00,Islamabad,PK,13137731,47.9,µg/m³,100.0,47.871833546956374,47.871833546956374,47.871833546956374
2026-01-24 16:00:00+00:00,2026-01-24 17:00:00+00:00,Islamabad,PK,13137731,45.2,µg/m³,100.0,45.24150009155273,45.24150009155273,45.24150009155273
2026-01-24 17:00:00+00:00,2026-01-24 18:00:00+00:00,Islamabad,PK,13137731,49.7,µg/m³,100.0,49.663666788736975,49.663666788736975,49.663666788736975
2026-01-24 18:00:00+00:00,2026-01-24 19:00:00+00:00,Islamabad,PK,13137731,46.8,µg/m³,100.0,46.7504997253418,46.7504997253418,46.7504997253418
2026-01-24 19:00:00+00:00,2026-01-24 20:00:00+00:00,Islamabad,PK,13137731,43.2,µg/m³,100.0,43.227500152587886,43.227500152587886,43.227500152587886
2026-01-24 20:00:00+00:00,2026-01-24 21:00:00+00:00,Islamabad,PK,13137731,50.3,µg/m³,100.0,50.3413335164388,50.3413335164388,50.3413335164388
2026-01-24 21:00:00+00:00,2026-01-24 22:00:00+00:00,Islamabad,PK,13137731,50.4,µg/m³,100.0,50.428333028157546,50.428333028157546,50.428333028157546
2026-01-24 22:00:00+00:00,2026-01-24 23:00:00+00:00,Islamabad,PK,13137731,60.8,µg/m³,100.0,60.774833424886076,60.774833424886076,60.774833424886076
2026-01-24 23:00:00+00:00,2026-01-25 00:00:00+00:00,Islamabad,PK,13137731,78.7,µg/m³,100.0,78.69783299763998,78.69783299763998,78.69783299763998
2026-01-25 00:00:00+00:00,2026-01-25 01:00:00+00:00,Islamabad,PK,13137731,74.4,µg/m³,100.0,74.39716669718425,74.39716669718425,74.39716669718425
2026-01-25 01:00:00+00:00,2026-01-25 02:00:00+00:00,Islamabad,PK,13137731,61.2,µg/m³,100.0,61.20550003051758,61.20550003051758,61.20550003051758
2026-01-25 02:00:00+00:00,2026-01-25 03:00:00+00:00,Islamabad,PK,13137731,60.3,µg/m³,100.0,60.305999755859375,60.305999755859375,60.305999755859375
2026-01-25 03:00:00+00:00,2026-01-25 04:00:00+00:00,Islamabad,PK,13137731,61.0,µg/m³,100.0,60.985833485921226,60.985833485921226,60.985833485921226
2026-01-25 04:00:00+00:00,2026-01-25 05:00:00+00:00,Islamabad,PK,13137731,58.9,µg/m³,100.0,58.85033315022787,58.85033315022787,58.85033315022787
2026-01-25 05:00:00+00:00,2026-01-25 06:00:00+00:00,Islamabad,PK,13137731,48.2,µg/m³,100.0,48.18916651407878,48.18916651407878,48.18916651407878
2026-01-25 06:00:00+00:00,2026-01-25 07:00:00+00:00,Islamabad,PK,13137731,41.8,µg/m³,100.0,41.836333211263025,41.836333211263025,41.836333211263025
2026-01-25 07:00:00+00:00,2026-01-25 08:00:00+00:00,Islamabad,PK,13137731,36.1,µg/m³,100.0,36.11616694132487,36.11616694132487,36.11616694132487
2026-01-25 08:00:00+00:00,2026-01-25 09:00:00+00:00,Islamabad,PK,13137731,31.2,µg/m³,100.0,31.160999997456873,31.160999997456873,31.160999997456873
2026-01-25 09:00:00+00:00,2026-01-25 10:00:00+00:00,Islamabad,PK,13137731,26.7,µg/m³,100.0,26.690833314259844,26.690833314259844,26.690833314259844
2026-01-25 10:00:00+00:00,2026-01-25 11:00:00+00:00,Islamabad,PK,13137731,30.1,µg/m³,100.0,30.058499940236402,30.058499940236402,30.058499940236402
2026-01-25 11:00:00+00:00,2026-01-25 12:00:00+00:00,Islamabad,PK,13137731,38.9,µg/m³,100.0,38.939333057403566,38.939333057403566,38.939333057403566
2026-01-25 12:00:00+00:00,2026-01-25 13:00:00+00:00,Islamabad,PK,13137731,50.9,µg/m³,100.0,50.86999969482422,50.86999969482422,50.86999969482422
2026-01-25 13:00:00+00:00,2026-01-25 14:00:00+00:00,Islamabad,PK,13137731,67.7,µg/m³,100.0,67.68550033569336,67.68550033569336,67.68550033569336
2026-01-25 14:00:00+00:00,2026-01-25 15:00:00+00:00,Islamabad,PK,13137731,65.1,µg/m³,100.0,65.05087490081787,65.05087490081787,65.05087490081787
2026-01-25 15:00:00+00:00,2026-01-25 16:00:00+00:00,Islamabad,PK,13137731,71.2,µg/m³,100.0,71.15849990844725,71.15849990844725,71.15849990844725
2026-01-25 16:00:00+00:00,2026-01-25 17:00:00+00:00,Islamabad,PK,13137731,89.7,µg/m³,100.0,89.70849990844727,89.70849990844727,89.70849990844727
2026-01-25 17:00:00+00:00,2026-01-25 18:00:00+00:00,Islamabad,PK,13137731,80.7,µg/m³,100.0,80.65266672770183,80.65266672770183,80.65266672770183
2026-01-25 18:00:00+00:00,2026-01-25 19:00:00+00:00,Islamabad,PK,13137731,79.6,µg/m³,100.0,79.59683354695638,79.59683354695638,79.59683354695638
2026-01-25 19:00:00+00:00,2026-01-25 20:00:00+00:00,Islamabad,PK,13137731,71.5,µg/m³,100.0,71.45016657511393,71.45016657511393,71.45016657511393
2026-01-25 20:00:00+00:00,2026-01-25 21:00:00+00:00,Islamabad,PK,13137731,59.9,µg/m³,100.0,59.894000244140614,59.894000244140614,59.894000244140614
2026-01-25 21:00:00+00:00,2026-01-25 22:00:00+00:00,Islamabad,PK,13137731,62.3,µg/m³,100.0,62.288666788736975,62.288666788736975,62.288666788736975
2026-01-25 22:00:00+00:00,2026-01-25 23:00:00+00:00,Islamabad,PK,13137731,57.0,µg/m³,100.0,56.95233357747396,56.95233357747396,56.95233357747396
2026-01-25 23:00:00+00:00,2026-01-26 00:00:00+00:00,Islamabad,PK,13137731,66.2,µg/m³,100.0,66.19966684977216,66.19966684977216,66.19966684977216
2026-01-26 00:00:00+00:00,2026-01-26 01:00:00+00:00,Islamabad,PK,13137731,69.2,µg/m³,100.0,69.22500000000001,69.22500000000001,69.22500000000001
2026-01-26 01:00:00+00:00,2026-01-26 02:00:00+00:00,Islamabad,PK,13137731,62.2,µg/m³,100.0,62.20283330281575,62.20283330281575,62.20283330281575
2026-01-26 02:00:00+00:00,2026-01-26 03:00:00+00:00,Islamabad,PK,13137731,68.2,µg/m³,100.0,68.16416651407876,68.16416651407876,68.16416651407876
2026-01-26 03:00:00+00:00,2026-01-26 04:00:00+00:00,Islamabad,PK,13137731,78.1,µg/m³,100.0,78.14499969482422,78.14499969482422,78.14499969482422
2026-01-26 04:00:00+00:00,2026-01-26 05:00:00+00:00,Islamabad,PK,13137731,87.3,µg/m³,100.0,87.34569452073839,87.34569452073839,87.34569452073839
2026-01-26 05:00:00+00:00,2026-01-26 06:00:00+00:00,Islamabad,PK,13137731,58.0,µg/m³,100.0,58.02533315022786,58.02533315022786,58.02533315022786
2026-01-26 06:00:00+00:00,2026-01-26 07:00:00+00:00,Islamabad,PK,13137731,48.4,µg/m³,100.0,48.394833119710285,48.394833119710285,48.394833119710285
2026-01-26 07:00:00+00:00,2026-01-26 08:00:00+00:00,Islamabad,PK,13137731,47.1,µg/m³,100.0,47.103000183105465,47.103000183105465,47.103000183105465
2026-01-26 08:00:00+00:00,2026-01-26 09:00:00+00:00,Islamabad,PK,13137731,47.4,µg/m³,100.0,47.44216639200846,47.44216639200846,47.44216639200846
2026-01-26 09:00:00+00:00,2026-01-26 10:00:00+00:00,Islamabad,PK,13137731,48.2,µg/m³,100.0,48.21949996948243,48.21949996948243,48.21949996948243
2026-01-26 10:00:00+00:00,2026-01-26 11:00:00+00:00,Islamabad,PK,13137731,44.3,µg/m³,100.0,44.26345818837484,44.26345818837484,44.26345818837484
2026-01-26 11:00:00+00:00,2026-01-26 12:00:00+00:00,Islamabad,PK,13137731,35.2,µg/m³,100.0,35.233499940236406,35.233499940236406,35.233499940236406
2026-01-26 12:00:00+00:00,2026-01-26 13:00:00+00:00,Islamabad,PK,13137731,32.0,µg/m³,100.0,32.000166511535646,32.000166511535646,32.000166511535646
2026-01-26 13:00:00+00:00,2026-01-26 14:00:00+00:00,Islamabad,PK,13137731,38.2,µg/m³,100.0,38.16433343887329,38.16433343887329,38.16433343887329
2026-01-26 14:00:00+00:00,2026-01-26 15:00:00+00:00,Islamabad,PK,13137731,48.3,µg/m³,100.0,48.34766642252604,48.34766642252604,48.34766642252604
2026-01-26 15:00:00+00:00,2026-01-26 16:00:00+00:00,Islamabad,PK,13137731,47.7,µg/m³,100.0,47.67890902432529,47.67890902432529,47.67890902432529
2026-01-26 16:00:00+00:00,2026-01-26 17:00:00+00:00,Islamabad,PK,13137731,49.9,µg/m³,100.0,49.87516657511393,49.87516657511393,49.87516657511393
2026-01-26 17:00:00+00:00,2026-01-26 18:00:00+00:00,Islamabad,PK,13137731,52.1,µg/m³,100.0,52.11416651407878,52.11416651407878,52.11416651407878
2026-01-26 18:00:00+00:00,2026-01-26 19:00:00+00:00,Islamabad,PK,13137731,38.9,µg/m³,100.0,38.85266672770182,38.85266672770182,38.85266672770182
2026-01-26 19:00:00+00:00,2026-01-26 20:00:00+00:00,Islamabad,PK,13137731,39.2,µg/m³,100.0,39.169333362579344,39.169333362579344,39.169333362579344
2026-01-26 20:00:00+00:00,2026-01-26 21:00:00+00:00,Islamabad,PK,13137731,33.2,µg/m³,100.0,33.24683373769124,33.24683373769124,33.24683373769124
2026-01-26 21:00:00+00:00,2026-01-26 22:00:00+00:00,Islamabad,PK,13137731,33.8,µg/m³,100.0,33.75000025431315,33.75000025431315,33.75000025431315
2026-01-26 22:00:00+00:00,2026-01-26 23:00:00+00:00,Islamabad,PK,13137731,28.8,µg/m³,100.0,28.791666603088377,28.791666603088377,28.791666603088377
2026-01-26 23:00:00+00:00,2026-01-27 00:00:00+00:00,Islamabad,PK,13137731,33.2,µg/m³,100.0,33.20783338546753,33.20783338546753,33.20783338546753
2026-01-27 00:00:00+00:00,2026-01-27 01:00:00+00:00,Islamabad,PK,13137731,48.9,µg/m³,100.0,48.872499847412115,48.872499847412115,48.872499847412115
2026-01-27 01:00:00+00:00,2026-01-27 02:00:00+00:00,Islamabad,PK,13137731,51.6,µg/m³,100.0,51.59416681925455,51.59416681925455,51.59416681925455
2026-01-27 02:00:00+00:00,2026-01-27 03:00:00+00:00,Islamabad,PK,13137731,48.1,µg/m³,100.0,48.122333272298185,48.122333272298185,48.122333272298185
2026-01-27 03:00:00+00:00,2026-01-27 04:00:00+00:00,Islamabad,PK,13137731,55.0,µg/m³,100.0,55.00833333333333,55.00833333333333,55.00833333333333
2026-01-27 04:00:00+00:00,2026-01-27 05:00:00+00:00,Islamabad,PK,13137731,52.9,µg/m³,100.0,52.913833363850905,52.913833363850905,52.913833363850905
2026-01-27 05:00:00+00:00,2026-01-27 06:00:00+00:00,Islamabad,PK,13137731,45.3,µg/m³,100.0,45.341999816894536,45.341999816894536,45.341999816894536
2026-01-27 06:00:00+00:00,2026-01-27 07:00:00+00:00,Islamabad,PK,13137731,45.4,µg/m³,100.0,45.44733327229818,45.44733327229818,45.44733327229818
2026-01-27 07:00:00+00:00,2026-01-27 08:00:00+00:00,Islamabad,PK,13137731,38.3,µg/m³,100.0,38.34183333714803,38.34183333714803,38.34183333714803
2026-01-27 08:00:00+00:00,2026-01-27 09:00:00+00:00,Islamabad,PK,13137731,61.7,µg/m³,100.0,61.65679992675782,61.65679992675782,61.65679992675782
2026-01-27 09:00:00+00:00,2026-01-27 10:00:00+00:00,Islamabad,PK,13137731,52.2,µg/m³,100.0,52.18333333333333,52.18333333333333,52.18333333333333
2026-01-27 10:00:00+00:00,2026-01-27 11:00:00+00:00,Islamabad,PK,13137731,38.5,µg/m³,100.0,38.47733351389567,38.47733351389567,38.47733351389567
2026-01-27 11:00:00+00:00,2026-01-27 12:00:00+00:00,Islamabad,PK,13137731,22.2,µg/m³,100.0,22.169666639963783,22.169666639963783,22.169666639963783
2026-01-27 12:00:00+00:00,2026-01-27 13:00:00+00:00,Islamabad,PK,13137731,19.4,µg/m³,100.0,19.42833334604899,19.42833334604899,19.42833334604899
2026-01-27 13:00:00+00:00,2026-01-27 14:00:00+00:00,Islamabad,PK,13137731,19.6,µg/m³,100.0,19.622166665395103,19.622166665395103,19.622166665395103
2026-01-27 14:00:00+00:00,2026-01-27 15:00:00+00:00,Islamabad,PK,13137731,28.0,µg/m³,100.0,28.00033327738444,28.00033327738444,28.00033327738444
2026-01-27 15:00:00+00:00,2026-01-27 16:00:00+00:00,Islamabad,PK,13137731,28.5,µg/m³,100.0,28.513833268483484,28.513833268483484,28.513833268483484
2026-01-27 16:00:00+00:00,2026-01-27 17:00:00+00:00,Islamabad,PK,13137731,40.3,µg/m³,100.0,40.27766672770182,40.27766672770182,40.27766672770182
2026-01-27 17:00:00+00:00,2026-01-27 18:00:00+00:00,Islamabad,PK,13137731,43.9,µg/m³,100.0,43.89433339436849,43.89433339436849,43.89433339436849
2026-01-27 18:00:00+00:00,2026-01-27 19:00:00+00:00,Islamabad,PK,13137731,95.7,µg/m³,100.0,95.73866678873698,95.73866678873698,95.73866678873698
2026-01-27 19:00:00+00:00,2026-01-27 20:00:00+00:00,Islamabad,PK,13137731,91.8,µg/m³,100.0,91.77500000000002,91.77500000000002,91.77500000000002
2026-01-27 20:00:00+00:00,2026-01-27 21:00:00+00:00,Islamabad,PK,13137731,110.0,µg/m³,100.0,110.07766672770184,110.07766672770184,110.07766672770184
2026-01-27 21:00:00+00:00,2026-01-27 22:00:00+00:00,Islamabad,PK,13137731,169.0,µg/m³,100.0,169.39983342488605,169.39983342488605,169.39983342488605
2026-01-27 22:00:00+00:00,2026-01-27 23:00:00+00:00,Islamabad,PK,13137731,185.0,µg/m³,100.0,185.3161669413249,185.3161669413249,185.3161669413249
2026-01-27 23:00:00+00:00,2026-01-28 00:00:00+00:00,Islamabad,PK,13137731,194.0,µg/m³,100.0,193.9775001525879,193.9775001525879,193.9775001525879
2026-01-28 00:00:00+00:00,2026-01-28 01:00:00+00:00,Islamabad,PK,13137731,162.0,µg/m³,100.0,162.4918332417806,162.4918332417806,162.4918332417806
2026-01-28 01:00:00+00:00,2026-01-28 02:00:00+00:00,Islamabad,PK,13137731,116.0,µg/m³,100.0,115.57766672770181,115.57766672770181,115.57766672770181
2026-01-28 02:00:00+00:00,2026-01-28 03:00:00+00:00,Islamabad,PK,13137731,106.0,µg/m³,100.0,106.2301668802897,106.2301668802897,106.2301668802897
2026-01-28 03:00:00+00:00,2026-01-28 04:00:00+00:00,Islamabad,PK,13137731,116.0,µg/m³,100.0,116.05816675821939,116.05816675821939,116.05816675821939
2026-01-28 04:00:00+00:00,2026-01-28 05:00:00+00:00,Islamabad,PK,13137731,163.0,µg/m³,100.0,162.65083287556962,162.65083287556962,162.65083287556962
2026-01-28 05:00:00+00:00,2026-01-28 06:00:00+00:00,Islamabad,PK,13137731,138.0,µg/m³,100.0,137.87783330281576,137.87783330281576,137.87783330281576
2026-01-28 06:00:00+00:00,2026-01-28 07:00:00+00:00,Islamabad,PK,13137731,54.0,µg/m³,100.0,54.0029091574929,54.0029091574929,54.0029091574929
2026-01-28 07:00:00+00:00,2026-01-28 08:00:00+00:00,Islamabad,PK,13137731,35.0,µg/m³,100.0,35.02966702779134,35.02966702779134,35.02966702779134
2026-01-28 08:00:00+00:00,2026-01-28 09:00:00+00:00,Islamabad,PK,13137731,33.2,µg/m³,100.0,33.23366664250691,33.23366664250691,33.23366664250691
2026-01-28 09:00:00+00:00,2026-01-28 10:00:00+00:00,Islamabad,PK,13137731,25.6,µg/m³,100.0,25.621666622161865,25.621666622161865,25.621666622161865
2026-01-28 10:00:00+00:00,2026-01-28 11:00:00+00:00,Islamabad,PK,13137731,24.7,µg/m³,100.0,24.705333360036217,24.705333360036217,24.705333360036217
2026-01-28 11:00:00+00:00,2026-01-28 12:00:00+00:00,Islamabad,PK,13137731,27.2,µg/m³,100.0,27.214500045776372,27.214500045776372,27.214500045776372
2026-01-28 12:00:00+00:00,2026-01-28 13:00:00+00:00,Islamabad,PK,13137731,29.7,µg/m³,100.0,29.7028333346049,29.7028333346049,29.7028333346049
2026-01-28 13:00:00+00:00,2026-01-28 14:00:00+00:00,Islamabad,PK,13137731,31.7,µg/m³,100.0,31.680500157674157,31.680500157674157,31.680500157674157
2026-01-28 14:00:00+00:00,2026-01-28 15:00:00+00:00,Islamabad,PK,13137731,39.6,µg/m³,100.0,39.619833087921144,39.619833087921144,39.619833087921144
2026-01-28 15:00:00+00:00,2026-01-28 16:00:00+00:00,Islamabad,PK,13137731,47.5,µg/m³,100.0,47.52816645304362,47.52816645304362,47.52816645304362
2026-01-28 16:00:00+00:00,2026-01-28 17:00:00+00:00,Islamabad,PK,13137731,64.9,µg/m³,100.0,64.925,64.925,64.925
2026-01-28 17:00:00+00:00,2026-01-28 18:00:00+00:00,Islamabad,PK,13137731,89.0,µg/m³,100.0,89.03070824940998,89.03070824940998,89.03070824940998
2026-01-28 18:00:00+00:00,2026-01-28 19:00:00+00:00,Islamabad,PK,13137731,165.0,µg/m³,100.0,165.34716669718424,165.34716669718424,165.34716669718424
2026-01-28 19:00:00+00:00,2026-01-28 20:00:00+00:00,Islamabad,PK,13137731,148.0,µg/m³,100.0,147.9745002746582,147.9745002746582,147.9745002746582
2026-01-28 20:00:00+00:00,2026-01-28 21:00:00+00:00,Islamabad,PK,13137731,102.0,µg/m³,100.0,101.78916651407879,101.78916651407879,101.78916651407879
2026-01-28 21:00:00+00:00,2026-01-28 22:00:00+00:00,Islamabad,PK,13137731,119.0,µg/m³,100.0,119.03366648356119,119.03366648356119,119.03366648356119
2026-01-28 22:00:00+00:00,2026-01-28 23:00:00+00:00,Islamabad,PK,13137731,124.0,µg/m³,100.0,123.98933308919271,123.98933308919271,123.98933308919271
2026-01-28 23:00:00+00:00,2026-01-29 00:00:00+00:00,Islamabad,PK,13137731,112.0,µg/m³,100.0,111.55266672770182,111.55266672770182,111.55266672770182
2026-01-29 00:00:00+00:00,2026-01-29 01:00:00+00:00,Islamabad,PK,13137731,92.8,µg/m³,100.0,92.78283360799152,92.78283360799152,92.78283360799152
2026-01-29 01:00:00+00:00,2026-01-29 02:00:00+00:00,Islamabad,PK,13137731,86.2,µg/m³,100.0,86.23949966430662,86.23949966430662,86.23949966430662
2026-01-29 02:00:00+00:00,2026-01-29 03:00:00+00:00,Islamabad,PK,13137731,104.0,µg/m³,100.0,104.07216669718424,104.07216669718424,104.07216669718424
2026-01-29 03:00:00+00:00,2026-01-29 04:00:00+00:00,Islamabad,PK,13137731,92.1,µg/m³,100.0,92.05783360799154,92.05783360799154,92.05783360799154
2026-01-29 04:00:00+00:00,2026-01-29 05:00:00+00:00,Islamabad,PK,13137731,84.5,µg/m³,100.0,84.51916681925455,84.51916681925455,84.51916681925455
2026-01-29 05:00:00+00:00,2026-01-29 06:00:00+00:00,Islamabad,PK,13137731,72.3,µg/m³,100.0,72.2918332417806,72.2918332417806,72.2918332417806
2026-01-29 06:00:00+00:00,2026-01-29 07:00:00+00:00,Islamabad,PK,13137731,43.4,µg/m³,100.0,43.358291689554854,43.358291689554854,43.358291689554854
2026-01-29 07:00:00+00:00,2026-01-29 08:00:00+00:00,Islamabad,PK,13137731,44.2,µg/m³,100.0,44.219000244140624,44.219000244140624,44.219000244140624
2026-01-29 08:00:00+00:00,2026-01-29 09:00:00+00:00,Islamabad,PK,13137731,38.6,µg/m³,100.0,38.56366678873698,38.56366678873698,38.56366678873698
2026-01-29 09:00:00+00:00,2026-01-29 10:00:00+00:00,Islamabad,PK,13137731,38.6,µg/m³,100.0,38.55283330281576,38.55283330281576,38.55283330281576
2026-01-29 10:00:00+00:00,2026-01-29 11:00:00+00:00,Islamabad,PK,13137731,39.1,µg/m³,100.0,39.06375045776367,39.06375045776367,39.06375045776367
2026-01-29 11:00:00+00:00,2026-01-29 12:00:00+00:00,Islamabad,PK,13137731,37.6,µg/m³,100.0,37.61300045649211,37.61300045649211,37.61300045649211
2026-01-29 12:00:00+00:00,2026-01-29 13:00:00+00:00,Islamabad,PK,13137731,36.1,µg/m³,100.0,36.10299987792969,36.10299987792969,36.10299987792969
2026-01-29 13:00:00+00:00,2026-01-29 14:00:00+00:00,Islamabad,PK,13137731,44.2,µg/m³,100.0,44.1556666056315,44.1556666056315,44.1556666056315
2026-01-29 14:00:00+00:00,2026-01-29 15:00:00+00:00,Islamabad,PK,13137731,53.9,µg/m³,100.0,53.891999816894526,53.891999816894526,53.891999816894526
2026-01-29 15:00:00+00:00,2026-01-29 16:00:00+00:00,Islamabad,PK,13137731,70.8,µg/m³,100.0,70.80016657511392,70.80016657511392,70.80016657511392
2026-01-29 16:00:00+00:00,2026-01-29 17:00:00+00:00,Islamabad,PK,13137731,91.9,µg/m³,100.0,91.89266611735029,91.89266611735029,91.89266611735029
2026-01-29 17:00:00+00:00,2026-01-29 18:00:00+00:00,Islamabad,PK,13137731,92.2,µg/m³,100.0,92.23083318074545,92.23083318074545,92.23083318074545
2026-01-29 18:00:00+00:00,2026-01-29 19:00:00+00:00,Islamabad,PK,13137731,84.0,µg/m³,100.0,84.01949996948242,84.01949996948242,84.01949996948242
2026-01-29 19:00:00+00:00,2026-01-29 20:00:00+00:00,Islamabad,PK,13137731,78.1,µg/m³,100.0,78.12433369954427,78.12433369954427,78.12433369954427
2026-01-29 20:00:00+00:00,2026-01-29 21:00:00+00:00,Islamabad,PK,13137731,79.0,µg/m³,100.0,78.95,78.95,78.95
2026-01-29 21:00:00+00:00,2026-01-29 22:00:00+00:00,Islamabad,PK,13137731,71.0,µg/m³,100.0,71.01416651407878,71.01416651407878,71.01416651407878
2026-01-29 22:00:00+00:00,2026-01-29 23:00:00+00:00,Islamabad,PK,13137731,72.9,µg/m³,100.0,72.88250045776367,72.88250045776367,72.88250045776367
2026-01-29 23:00:00+00:00,2026-01-30 00:00:00+00:00,Islamabad,PK,13137731,65.4,µg/m³,100.0,65.40033315022787,65.40033315022787,65.40033315022787
2026-01-30 00:00:00+00:00,2026-01-30 01:00:00+00:00,Islamabad,PK,13137731,63.3,µg/m³,100.0,63.33083318074545,63.33083318074545,63.33083318074545
2026-01-30 01:00:00+00:00,2026-01-30 02:00:00+00:00,Islamabad,PK,13137731,68.1,µg/m³,100.0,68.14466654459636,68.14466654459636,68.14466654459636
2026-01-30 02:00:00+00:00,2026-01-30 03:00:00+00:00,Islamabad,PK,13137731,66.4,µg/m³,100.0,66.43583348592122,66.43583348592122,66.43583348592122
2026-01-30 03:00:00+00:00,2026-01-30 04:00:00+00:00,Islamabad,PK,13137731,88.1,µg/m³,100.0,88.12750015258787,88.12750015258787,88.12750015258787
2026-01-30 04:00:00+00:00,2026-01-30 05:00:00+00:00,Islamabad,PK,13137731,99.5,µg/m³,100.0,99.54739959716795,99.54739959716795,99.54739959716795
2026-01-30 05:00:00+00:00,2026-01-30 06:00:00+00:00,Islamabad,PK,13137731,59.5,µg/m³,100.0,59.51916681925456,59.51916681925456,59.51916681925456
2026-01-30 06:00:00+00:00,2026-01-30 07:00:00+00:00,Islamabad,PK,13137731,49.7,µg/m³,100.0,49.7245002746582,49.7245002746582,49.7245002746582
2026-01-30 07:00:00+00:00,2026-01-30 08:00:00+00:00,Islamabad,PK,13137731,43.3,µg/m³,100.0,43.26149978637695,43.26149978637695,43.26149978637695
2026-01-30 08:00:00+00:00,2026-01-30 09:00:00+00:00,Islamabad,PK,13137731,39.5,µg/m³,100.0,39.47816645304362,39.47816645304362,39.47816645304362
2026-01-30 09:00:00+00:00,2026-01-30 10:00:00+00:00,Islamabad,PK,13137731,38.4,µg/m³,100.0,38.391833241780596,38.391833241780596,38.391833241780596
2026-01-30 10:00:00+00:00,2026-01-30 11:00:00+00:00,Islamabad,PK,13137731,35.5,µg/m³,100.0,35.51733296712239,35.51733296712239,35.51733296712239
2026-01-30 11:00:00+00:00,2026-01-30 12:00:00+00:00,Islamabad,PK,13137731,41.3,µg/m³,100.0,41.333333333333336,41.333333333333336,41.333333333333336
2026-01-30 12:00:00+00:00,2026-01-30 13:00:00+00:00,Islamabad,PK,13137731,37.6,µg/m³,100.0,37.63083318074544,37.63083318074544,37.63083318074544
2026-01-30 13:00:00+00:00,2026-01-30 14:00:00+00:00,Islamabad,PK,13137731,35.4,µg/m³,100.0,35.40333302815755,35.40333302815755,35.40333302815755
2026-01-30 14:00:00+00:00,2026-01-30 15:00:00+00:00,Islamabad,PK,13137731,41.2,µg/m³,100.0,41.199833424886066,41.199833424886066,41.199833424886066
2026-01-30 15:00:00+00:00,2026-01-30 16:00:00+00:00,Islamabad,PK,13137731,48.4,µg/m³,100.0,48.40566660563152,48.40566660563152,48.40566660563152
2026-01-30 16:00:00+00:00,2026-01-30 17:00:00+00:00,Islamabad,PK,13137731,79.6,µg/m³,100.0,79.55883305867512,79.55883305867512,79.55883305867512
2026-01-30 17:00:00+00:00,2026-01-30 18:00:00+00:00,Islamabad,PK,13137731,96.6,µg/m³,100.0,96.61666666666666,96.61666666666666,96.61666666666666
2026-01-30 18:00:00+00:00,2026-01-30 19:00:00+00:00,Islamabad,PK,13137731,93.8,µg/m³,100.0,93.80783360799153,93.80783360799153,93.80783360799153
2026-01-30 19:00:00+00:00,2026-01-30 20:00:00+00:00,Islamabad,PK,13137731,93.5,µg/m³,100.0,93.48899993896487,93.48899993896487,93.48899993896487
2026-01-30 20:00:00+00:00,2026-01-30 21:00:00+00:00,Islamabad,PK,13137731,126.0,µg/m³,100.0,125.94966684977214,125.94966684977214,125.94966684977214
2026-01-30 21:00:00+00:00,2026-01-30 22:00:00+00:00,Islamabad,PK,13137731,103.0,µg/m³,100.0,102.51666666666665,102.51666666666665,102.51666666666665
2026-01-30 22:00:00+00:00,2026-01-30 23:00:00+00:00,Islamabad,PK,13137731,83.7,µg/m³,100.0,83.71983311971027,83.71983311971027,83.71983311971027
2026-01-30 23:00:00+00:00,2026-01-31 00:00:00+00:00,Islamabad,PK,13137731,97.0,µg/m³,100.0,97.01066691080729,97.01066691080729,97.01066691080729
2026-01-31 00:00:00+00:00,2026-01-31 01:00:00+00:00,Islamabad,PK,13137731,94.1,µg/m³,100.0,94.13583348592122,94.13583348592122,94.13583348592122
2026-01-31 01:00:00+00:00,2026-01-31 02:00:00+00:00,Islamabad,PK,13137731,100.0,µg/m³,100.0,100.08066660563149,100.08066660563149,100.08066660563149
2026-01-31 02:00:00+00:00,2026-01-31 03:00:00+00:00,Islamabad,PK,13137731,103.0,µg/m³,100.0,102.81616694132487,102.81616694132487,102.81616694132487
2026-01-31 03:00:00+00:00,2026-01-31 04:00:00+00:00,Islamabad,PK,13137731,104.0,µg/m³,100.0,104.17233327229819,104.17233327229819,104.17233327229819
2026-01-31 04:00:00+00:00,2026-01-31 05:00:00+00:00,Islamabad,PK,13137731,135.0,µg/m³,100.0,134.9106669108073,134.9106669108073,134.9106669108073
2026-01-31 05:00:00+00:00,2026-01-31 06:00:00+00:00,Islamabad,PK,13137731,93.6,µg/m³,100.0,93.575,93.575,93.575
2026-01-31 06:00:00+00:00,2026-01-31 07:00:00+00:00,Islamabad,PK,13137731,76.5,µg/m³,100.0,76.46133321126302,76.46133321126302,76.46133321126302
2026-01-31 07:00:00+00:00,2026-01-31 08:00:00+00:00,Islamabad,PK,13137731,50.8,µg/m³,100.0,50.77483342488606,50.77483342488606,50.77483342488606
2026-01-31 08:00:00+00:00,2026-01-31 09:00:00+00:00,Islamabad,PK,13137731,72.5,µg/m³,100.0,72.4806666056315,72.4806666056315,72.4806666056315
2026-01-31 09:00:00+00:00,2026-01-31 10:00:00+00:00,Islamabad,PK,13137731,76.3,µg/m³,100.0,76.31837482452393,76.31837482452393,76.31837482452393
2026-01-31 10:00:00+00:00,2026-01-31 11:00:00+00:00,Islamabad,PK,13137731,71.0,µg/m³,100.0,71.00316645304362,71.00316645304362,71.00316645304362
2026-01-31 11:00:00+00:00,2026-01-31 12:00:00+00:00,Islamabad,PK,13137731,68.9,µg/m³,100.0,68.85333302815756,68.85333302815756,68.85333302815756
2026-01-31 12:00:00+00:00,2026-01-31 13:00:00+00:00,Islamabad,PK,13137731,67.9,µg/m³,100.0,67.86699981689452,67.86699981689452,67.86699981689452
2026-01-31 13:00:00+00:00,2026-01-31 14:00:00+00:00,Islamabad,PK,13137731,71.7,µg/m³,100.0,71.71666666666665,71.71666666666665,71.71666666666665
2026-01-31 14:00:00+00:00,2026-01-31 15:00:00+00:00,Islamabad,PK,13137731,85.3,µg/m³,100.0,85.29749984741211,85.29749984741211,85.29749984741211
2026-01-31 15:00:00+00:00,2026-01-31 16:00:00+00:00,Islamabad,PK,13137731,92.2,µg/m³,100.0,92.23349990844729,92.23349990844729,92.23349990844729
2026-01-31 16:00:00+00:00,2026-01-31 17:00:00+00:00,Islamabad,PK,13137731,95.0,µg/m³,100.0,95.01716639200845,95.01716639200845,95.01716639200845
2026-01-31 17:00:00+00:00,2026-01-31 18:00:00+00:00,Islamabad,PK,13137731,116.0,µg/m³,100.0,115.74400024414062,115.74400024414062,115.74400024414062
2026-01-31 18:00:00+00:00,2026-01-31 19:00:00+00:00,Islamabad,PK,13137731,141.0,µg/m³,100.0,140.53600006103517,140.53600006103517,140.53600006103517
2026-01-31 19:00:00+00:00,2026-01-31 20:00:00+00:00,Islamabad,PK,13137731,159.0,µg/m³,100.0,159.0690002441406,159.0690002441406,159.0690002441406
2026-01-31 20:00:00+00:00,2026-01-31 21:00:00+00:00,Islamabad,PK,13137731,153.0,µg/m³,100.0,153.01116663614906,153.01116663614906,153.01116663614906
2026-01-31 21:00:00+00:00,2026-01-31 22:00:00+00:00,Islamabad,PK,13137731,188.0,µg/m³,100.0,188.4729995727539,188.4729995727539,188.4729995727539
2026-01-31 22:00:00+00:00,2026-01-31 23:00:00+00:00,Islamabad,PK,13137731,217.0,µg/m³,100.0,217.48316675821945,217.48316675821945,217.48316675821945
2026-01-31 23:00:00+00:00,2026-02-01 00:00:00+00:00,Islamabad,PK,13137731,200.0,µg/m³,100.0,200.46690895774148,200.46690895774148,200.46690895774148
2026-02-01 00:00:00+00:00,2026-02-01 01:00:00+00:00,Islamabad,PK,13137731,195.0,µg/m³,100.0,195.25866648356123,195.25866648356123,195.25866648356123
2026-02-01 01:00:00+00:00,2026-02-01 02:00:00+00:00,Islamabad,PK,13137731,249.0,µg/m³,100.0,249.1888338724772,249.1888338724772,249.1888338724772
2026-02-01 02:00:00+00:00,2026-02-01 03:00:00+00:00,Islamabad,PK,13137731,156.0,µg/m³,100.0,156.01666666666662,156.01666666666662,156.01666666666662
2026-02-01 03:00:00+00:00,2026-02-01 04:00:00+00:00,Islamabad,PK,13137731,155.0,µg/m³,100.0,155.41933339436846,155.41933339436846,155.41933339436846
2026-02-01 04:00:00+00:00,2026-02-01 05:00:00+00:00,Islamabad,PK,13137731,146.0,µg/m³,100.0,145.6438336690267,145.6438336690267,145.6438336690267
2026-02-01 05:00:00+00:00,2026-02-01 06:00:00+00:00,Islamabad,PK,13137731,137.0,µg/m³,100.0,137.15,137.15,137.15
2026-02-01 06:00:00+00:00,2026-02-01 07:00:00+00:00,Islamabad,PK,13137731,122.0,µg/m³,100.0,121.5638333638509,121.5638333638509,121.5638333638509
2026-02-01 07:00:00+00:00,2026-02-01 08:00:00+00:00,Islamabad,PK,13137731,98.4,µg/m³,100.0,98.38300018310548,98.38300018310548,98.38300018310548
2026-02-01 08:00:00+00:00,2026-02-01 09:00:00+00:00,Islamabad,PK,13137731,81.7,µg/m³,100.0,81.69916712443035,81.69916712443035,81.69916712443035
2026-02-01 09:00:00+00:00,2026-02-01 10:00:00+00:00,Islamabad,PK,13137731,62.9,µg/m³,100.0,62.8606669108073,62.8606669108073,62.8606669108073
2026-02-01 10:00:00+00:00,2026-02-01 11:00:00+00:00,Islamabad,PK,13137731,46.2,µg/m³,100.0,46.19466654459635,46.19466654459635,46.19466654459635
2026-02-01 11:00:00+00:00,2026-02-01 12:00:00+00:00,Islamabad,PK,13137731,54.0,µg/m³,100.0,54.00083287556967,54.00083287556967,54.00083287556967
2026-02-01 12:00:00+00:00,2026-02-01 13:00:00+00:00,Islamabad,PK,13137731,51.7,µg/m³,100.0,51.686666361490886,51.686666361490886,51.686666361490886
2026-02-01 13:00:00+00:00,2026-02-01 14:00:00+00:00,Islamabad,PK,13137731,59.9,µg/m³,100.0,59.90583318074544,59.90583318074544,59.90583318074544
2026-02-01 14:00:00+00:00,2026-02-01 15:00:00+00:00,Islamabad,PK,13137731,62.1,µg/m³,100.0,62.12766672770183,62.12766672770183,62.12766672770183
2026-02-01 15:00:00+00:00,2026-02-01 16:00:00+00:00,Islamabad,PK,13137731,105.0,µg/m³,100.0,104.7086664835612,104.7086664835612,104.7086664835612
2026-02-01 16:00:00+00:00,2026-02-01 17:00:00+00:00,Islamabad,PK,13137731,124.0,µg/m³,100.0,124.04749984741214,124.04749984741214,124.04749984741214
2026-02-01 17:00:00+00:00,2026-02-01 18:00:00+00:00,Islamabad,PK,13137731,129.0,µg/m³,100.0,129.20316645304362,129.20316645304362,129.20316645304362
2026-02-01 18:00:00+00:00,2026-02-01 19:00:00+00:00,Islamabad,PK,13137731,158.0,µg/m³,100.0,157.78083318074542,157.78083318074542,157.78083318074542
2026-02-01 19:00:00+00:00,2026-02-01 20:00:00+00:00,Islamabad,PK,13137731,160.0,µg/m³,100.0,159.7888333638509,159.7888333638509,159.7888333638509
2026-02-01 20:00:00+00:00,2026-02-01 21:00:00+00:00,Islamabad,PK,13137731,151.0,µg/m³,100.0,150.56383336385093,150.56383336385093,150.56383336385093
2026-02-01 21:00:00+00:00,2026-02-01 22:00:00+00:00,Islamabad,PK,13137731,132.0,µg/m³,100.0,132.1806666056315,132.1806666056315,132.1806666056315
2026-02-01 22:00:00+00:00,2026-02-01 23:00:00+00:00,Islamabad,PK,13137731,139.0,µg/m³,100.0,138.86083348592123,138.86083348592123,138.86083348592123
2026-02-01 23:00:00+00:00,2026-02-02 00:00:00+00:00,Islamabad,PK,13137731,161.0,µg/m³,100.0,161.06133321126302,161.06133321126302,161.06133321126302
2026-02-02 00:00:00+00:00,2026-02-02 01:00:00+00:00,Islamabad,PK,13137731,134.0,µg/m³,100.0,133.9143330891927,133.9143330891927,133.9143330891927
2026-02-02 01:00:00+00:00,2026-02-02 02:00:00+00:00,Islamabad,PK,13137731,96.8,µg/m³,100.0,96.75599975585938,96.75599975585938,96.75599975585938
2026-02-02 02:00:00+00:00,2026-02-02 03:00:00+00:00,Islamabad,PK,13137731,103.0,µg/m³,100.0,102.61350021362303,102.61350021362303,102.61350021362303
2026-02-02 03:00:00+00:00,2026-02-02 04:00:00+00:00,Islamabad,PK,13137731,111.0,µg/m³,100.0,111.28866678873698,111.28866678873698,111.28866678873698
2026-02-02 04:00:00+00:00,2026-02-02 05:00:00+00:00,Islamabad,PK,13137731,125.0,µg/m³,100.0,124.93633321126303,124.93633321126303,124.93633321126303
2026-02-02 05:00:00+00:00,2026-02-02 06:00:00+00:00,Islamabad,PK,13137731,105.0,µg/m³,100.0,105.43649978637694,105.43649978637694,105.43649978637694
2026-02-02 06:00:00+00:00,2026-02-02 07:00:00+00:00,Islamabad,PK,13137731,71.6,µg/m³,100.0,71.60016657511393,71.60016657511393,71.60016657511393
2026-02-02 07:00:00+00:00,2026-02-02 08:00:00+00:00,Islamabad,PK,13137731,61.0,µg/m³,100.0,60.97983373006185,60.97983373006185,60.97983373006185
2026-02-02 08:00:00+00:00,2026-02-02 09:00:00+00:00,Islamabad,PK,13137731,49.6,µg/m³,100.0,49.569000244140625,49.569000244140625,49.569000244140625
2026-02-02 09:00:00+00:00,2026-02-02 10:00:00+00:00,Islamabad,PK,13137731,46.8,µg/m³,100.0,46.800333150227864,46.800333150227864,46.800333150227864
2026-02-02 10:00:00+00:00,2026-02-02 11:00:00+00:00,Islamabad,PK,13137731,42.7,µg/m³,100.0,42.736166636149086,42.736166636149086,42.736166636149086
2026-02-02 11:00:00+00:00,2026-02-02 12:00:00+00:00,Islamabad,PK,13137731,44.6,µg/m³,100.0,44.57799987792969,44.57799987792969,44.57799987792969
2026-02-02 12:00:00+00:00,2026-02-02 13:00:00+00:00,Islamabad,PK,13137731,56.3,µg/m³,100.0,56.330999755859374,56.330999755859374,56.330999755859374
2026-02-02 13:00:00+00:00,2026-02-02 14:00:00+00:00,Islamabad,PK,13137731,56.4,µg/m³,100.0,56.4081667582194,56.4081667582194,56.4081667582194
2026-02-02 14:00:00+00:00,2026-02-02 15:00:00+00:00,Islamabad,PK,13137731,76.3,µg/m³,100.0,76.29716669718425,76.29716669718425,76.29716669718425
2026-02-02 15:00:00+00:00,2026-02-02 16:00:00+00:00,Islamabad,PK,13137731,85.5,µg/m³,100.0,85.45316645304364,85.45316645304364,85.45316645304364
2026-02-02 16:00:00+00:00,2026-02-02 17:00:00+00:00,Islamabad,PK,13137731,124.0,µg/m³,100.0,123.65618059370253,123.65618059370253,123.65618059370253
2026-02-02 17:00:00+00:00,2026-02-02 18:00:00+00:00,Islamabad,PK,13137731,124.0,µg/m³,100.0,123.7828055911594,123.7828055911594,123.7828055911594
2026-02-02 18:00:00+00:00,2026-02-02 19:00:00+00:00,Islamabad,PK,13137731,112.0,µg/m³,100.0,111.90545800526938,111.90545800526938,111.90545800526938
2026-02-02 19:00:00+00:00,2026-02-02 20:00:00+00:00,Islamabad,PK,13137731,107.0,µg/m³,100.0,107.00566660563152,107.00566660563152,107.00566660563152
2026-02-02 20:00:00+00:00,2026-02-02 21:00:00+00:00,Islamabad,PK,13137731,119.0,µg/m³,100.0,118.65266672770183,118.65266672770183,118.65266672770183
2026-02-02 21:00:00+00:00,2026-02-02 22:00:00+00:00,Islamabad,PK,13137731,103.0,µg/m³,100.0,102.62883275349935,102.62883275349935,102.62883275349935
2026-02-02 22:00:00+00:00,2026-02-02 23:00:00+00:00,Islamabad,PK,13137731,100.0,µg/m³,100.0,100.10216700236003,100.10216700236003,100.10216700236003
2026-02-02 23:00:00+00:00,2026-02-03 00:00:00+00:00,Islamabad,PK,13137731,112.0,µg/m³,100.0,111.83850021362304,111.83850021362304,111.83850021362304
2026-02-03 00:00:00+00:00,2026-02-03 01:00:00+00:00,Islamabad,PK,13137731,106.0,µg/m³,100.0,105.5306666056315,105.5306666056315,105.5306666056315
2026-02-03 01:00:00+00:00,2026-02-03 02:00:00+00:00,Islamabad,PK,13137731,119.0,µg/m³,100.0,119.07483342488605,119.07483342488605,119.07483342488605
2026-02-03 02:00:00+00:00,2026-02-03 03:00:00+00:00,Islamabad,PK,13137731,150.0,µg/m³,100.0,150.12283299763996,150.12283299763996,150.12283299763996
2026-02-03 03:00:00+00:00,2026-02-03 04:00:00+00:00,Islamabad,PK,13137731,174.0,µg/m³,100.0,174.2830001831055,174.2830001831055,174.2830001831055
2026-02-03 04:00:00+00:00,2026-02-03 05:00:00+00:00,Islamabad,PK,13137731,160.0,µg/m³,100.0,159.60800018310545,159.60800018310545,159.60800018310545
2026-02-03 05:00:00+00:00,2026-02-03 06:00:00+00:00,Islamabad,PK,13137731,128.0,µg/m³,100.0,128.21399993896483,128.21399993896483,128.21399993896483
2026-02-03 06:00:00+00:00,2026-02-03 07:00:00+00:00,Islamabad,PK,13137731,87.9,µg/m³,100.0,87.93649978637696,87.93649978637696,87.93649978637696
2026-02-03 07:00:00+00:00,2026-02-03 08:00:00+00:00,Islamabad,PK,13137731,60.6,µg/m³,100.0,60.56683324178061,60.56683324178061,60.56683324178061
2026-02-03 08:00:00+00:00,2026-02-03 09:00:00+00:00,Islamabad,PK,13137731,56.8,µg/m³,100.0,56.833863345059484,56.833863345059484,56.833863345059484
2026-02-03 09:00:00+00:00,2026-02-03 10:00:00+00:00,Islamabad,PK,13137731,51.2,µg/m³,100.0,51.221500396728516,51.221500396728516,51.221500396728516
2026-02-03 10:00:00+00:00,2026-02-03 11:00:00+00:00,Islamabad,PK,13137731,50.7,µg/m³,100.0,50.74716669718425,50.74716669718425,50.74716669718425
2026-02-03 11:00:00+00:00,2026-02-03 12:00:00+00:00,Islamabad,PK,13137731,49.2,µg/m³,100.0,49.20750045776367,49.20750045776367,49.20750045776367
2026-02-03 12:00:00+00:00,2026-02-03 13:00:00+00:00,Islamabad,PK,13137731,48.0,µg/m³,100.0,48.03033345540365,48.03033345540365,48.03033345540365
2026-02-03 13:00:00+00:00,2026-02-03 14:00:00+00:00,Islamabad,PK,13137731,52.4,µg/m³,100.0,52.36433308919271,52.36433308919271,52.36433308919271
2026-02-03 14:00:00+00:00,2026-02-03 15:00:00+00:00,Islamabad,PK,13137731,61.8,µg/m³,100.0,61.827500152587895,61.827500152587895,61.827500152587895
2026-02-03 15:00:00+00:00,2026-02-03 16:00:00+00:00,Islamabad,PK,13137731,65.1,µg/m³,100.0,65.1331667582194,65.1331667582194,65.1331667582194
2026-02-03 16:00:00+00:00,2026-02-03 17:00:00+00:00,Islamabad,PK,13137731,102.0,µg/m³,100.0,101.9972725608132,101.9972725608132,101.9972725608132
2026-02-03 17:00:00+00:00,2026-02-03 18:00:00+00:00,Islamabad,PK,13137731,150.0,µg/m³,100.0,149.51133295694987,149.51133295694987,149.51133295694987
2026-02-03 18:00:00+00:00,2026-02-03 19:00:00+00:00,Islamabad,PK,13137731,178.0,µg/m³,100.0,177.64449996948238,177.64449996948238,177.64449996948238
2026-02-03 19:00:00+00:00,2026-02-03 20:00:00+00:00,Islamabad,PK,13137731,206.0,µg/m³,100.0,205.5754997253418,205.5754997253418,205.5754997253418
2026-02-03 20:00:00+00:00,2026-02-03 21:00:00+00:00,Islamabad,PK,13137731,183.0,µg/m³,100.0,183.3811663309733,183.3811663309733,183.3811663309733
2026-02-03 21:00:00+00:00,2026-02-03 22:00:00+00:00,Islamabad,PK,13137731,131.0,µg/m³,100.0,131.2693333943685,131.2693333943685,131.2693333943685
2026-02-03 22:00:00+00:00,2026-02-03 23:00:00+00:00,Islamabad,PK,13137731,114.0,µg/m³,100.0,114.09166666666668,114.09166666666668,114.09166666666668
2026-02-03 23:00:00+00:00,2026-02-04 00:00:00+00:00,Islamabad,PK,13137731,126.0,µg/m³,100.0,125.8779998779297,125.8779998779297,125.8779998779297
2026-02-04 00:00:00+00:00,2026-02-04 01:00:00+00:00,Islamabad,PK,13137731,113.0,µg/m³,100.0,112.66416651407877,112.66416651407877,112.66416651407877
2026-02-04 01:00:00+00:00,2026-02-04 02:00:00+00:00,Islamabad,PK,13137731,123.0,µg/m³,100.0,123.14199981689454,123.14199981689454,123.14199981689454
2026-02-04 02:00:00+00:00,2026-02-04 03:00:00+00:00,Islamabad,PK,13137731,126.0,µg/m³,100.0,125.65583318074545,125.65583318074545,125.65583318074545
2026-02-04 03:00:00+00:00,2026-02-04 04:00:00+00:00,Islamabad,PK,13137731,129.0,µg/m³,100.0,128.86066691080728,128.86066691080728,128.86066691080728
2026-02-04 04:00:00+00:00,2026-02-04 05:00:00+00:00,Islamabad,PK,13137731,125.0,µg/m³,100.0,125.25883305867512,125.25883305867512,125.25883305867512
2026-02-04 05:00:00+00:00,2026-02-04 06:00:00+00:00,Islamabad,PK,13137731,87.2,µg/m³,100.0,87.16618208451705,87.16618208451705,87.16618208451705
2026-02-04 06:00:00+00:00,2026-02-04 07:00:00+00:00,Islamabad,PK,13137731,47.4,µg/m³,100.0,47.43333333333334,47.43333333333334,47.43333333333334
2026-02-04 07:00:00+00:00,2026-02-04 08:00:00+00:00,Islamabad,PK,13137731,43.5,µg/m³,100.0,43.51916681925456,43.51916681925456,43.51916681925456
2026-02-04 08:00:00+00:00,2026-02-04 09:00:00+00:00,Islamabad,PK,13137731,36.1,µg/m³,100.0,36.105666605631505,36.105666605631505,36.105666605631505
2026-02-04 09:00:00+00:00,2026-02-04 10:00:00+00:00,Islamabad,PK,13137731,35.5,µg/m³,100.0,35.4509999593099,35.4509999593099,35.4509999593099
2026-02-04 10:00:00+00:00,2026-02-04 11:00:00+00:00,Islamabad,PK,13137731,30.7,µg/m³,100.0,30.729333411322703,30.729333411322703,30.729333411322703
2026-02-04 11:00:00+00:00,2026-02-04 12:00:00+00:00,Islamabad,PK,13137731,30.2,µg/m³,100.0,30.202833366394046,30.202833366394046,30.202833366394046
2026-02-04 12:00:00+00:00,2026-02-04 13:00:00+00:00,Islamabad,PK,13137731,34.0,µg/m³,100.0,33.98099978764852,33.98099978764852,33.98099978764852
2026-02-04 13:00:00+00:00,2026-02-04 14:00:00+00:00,Islamabad,PK,13137731,37.7,µg/m³,100.0,37.747957928975424,37.747957928975424,37.747957928975424
2026-02-04 14:00:00+00:00,2026-02-04 15:00:00+00:00,Islamabad,PK,13137731,67.3,µg/m³,100.0,67.27200012207031,67.27200012207031,67.27200012207031
2026-02-04 15:00:00+00:00,2026-02-04 16:00:00+00:00,Islamabad,PK,13137731,70.1,µg/m³,100.0,70.09419445461697,70.09419445461697,70.09419445461697
2026-02-04 16:00:00+00:00,2026-02-04 17:00:00+00:00,Islamabad,PK,13137731,77.5,µg/m³,100.0,77.48850021362303,77.48850021362303,77.48850021362303
2026-02-04 17:00:00+00:00,2026-02-04 18:00:00+00:00,Islamabad,PK,13137731,111.0,µg/m³,100.0,110.52554136912028,110.52554136912028,110.52554136912028
2026-02-04 18:00:00+00:00,2026-02-04 19:00:00+00:00,Islamabad,PK,13137731,95.7,µg/m³,100.0,95.66699981689455,95.66699981689455,95.66699981689455
2026-02-04 19:00:00+00:00,2026-02-04 20:00:00+00:00,Islamabad,PK,13137731,90.2,µg/m³,100.0,90.23866678873696,90.23866678873696,90.23866678873696
2026-02-04 20:00:00+00:00,2026-02-04 21:00:00+00:00,Islamabad,PK,13137731,95.9,µg/m³,100.0,95.90033315022788,95.90033315022788,95.90033315022788
2026-02-04 21:00:00+00:00,2026-02-04 22:00:00+00:00,Islamabad,PK,13137731,101.0,µg/m³,100.0,101.08383305867513,101.08383305867513,101.08383305867513
2026-02-04 22:00:00+00:00,2026-02-04 23:00:00+00:00,Islamabad,PK,13137731,88.2,µg/m³,100.0,88.24966684977214,88.24966684977214,88.24966684977214
2026-02-04 23:00:00+00:00,2026-02-05 00:00:00+00:00,Islamabad,PK,13137731,77.9,µg/m³,100.0,77.88333333333333,77.88333333333333,77.88333333333333
2026-02-05 00:00:00+00:00,2026-02-05 01:00:00+00:00,Islamabad,PK,13137731,80.4,µg/m³,100.0,80.41699981689453,80.41699981689453,80.41699981689453
2026-02-05 01:00:00+00:00,2026-02-05 02:00:00+00:00,Islamabad,PK,13137731,85.5,µg/m³,100.0,85.49433339436848,85.49433339436848,85.49433339436848
2026-02-05 02:00:00+00:00,2026-02-05 03:00:00+00:00,Islamabad,PK,13137731,87.0,µg/m³,100.0,87.02783330281575,87.02783330281575,87.02783330281575
2026-02-05 03:00:00+00:00,2026-02-05 04:00:00+00:00,Islamabad,PK,13137731,86.5,µg/m³,100.0,86.46900024414062,86.46900024414062,86.46900024414062
2026-02-05 04:00:00+00:00,2026-02-05 05:00:00+00:00,Islamabad,PK,13137731,83.7,µg/m³,100.0,83.72483342488606,83.72483342488606,83.72483342488606
2026-02-05 05:00:00+00:00,2026-02-05 06:00:00+00:00,Islamabad,PK,13137731,66.1,µg/m³,100.0,66.11433308919271,66.11433308919271,66.11433308919271
2026-02-05 06:00:00+00:00,2026-02-05 07:00:00+00:00,Islamabad,PK,13137731,59.5,µg/m³,100.0,59.46506955888537,59.46506955888537,59.46506955888537
2026-02-05 07:00:00+00:00,2026-02-05 08:00:00+00:00,Islamabad,PK,13137731,48.8,µg/m³,100.0,48.79783299763997,48.79783299763997,48.79783299763997
2026-02-05 08:00:00+00:00,2026-02-05 09:00:00+00:00,Islamabad,PK,13137731,46.2,µg/m³,100.0,46.220513555738655,46.220513555738655,46.220513555738655
2026-02-05 09:00:00+00:00,2026-02-05 10:00:00+00:00,Islamabad,PK,13137731,46.0,µg/m³,100.0,45.974666341145834,45.974666341145834,45.974666341145834
2026-02-05 10:00:00+00:00,2026-02-05 11:00:00+00:00,Islamabad,PK,13137731,47.7,µg/m³,100.0,47.724999999999994,47.724999999999994,47.724999999999994
2026-02-05 11:00:00+00:00,2026-02-05 12:00:00+00:00,Islamabad,PK,13137731,47.6,µg/m³,100.0,47.60316645304363,47.60316645304363,47.60316645304363
2026-02-05 12:00:00+00:00,2026-02-05 13:00:00+00:00,Islamabad,PK,13137731,47.5,µg/m³,100.0,47.534888924492726,47.534888924492726,47.534888924492726
2026-02-05 13:00:00+00:00,2026-02-05 14:00:00+00:00,Islamabad,PK,13137731,49.8,µg/m³,100.0,49.768681959672406,49.768681959672406,49.768681959672406
2026-02-05 14:00:00+00:00,2026-02-05 15:00:00+00:00,Islamabad,PK,13137731,53.2,µg/m³,100.0,53.18791681925456,53.18791681925456,53.18791681925456
2026-02-05 15:00:00+00:00,2026-02-05 16:00:00+00:00,Islamabad,PK,13137731,55.1,µg/m³,100.0,55.14433339436849,55.14433339436849,55.14433339436849
2026-02-05 16:00:00+00:00,2026-02-05 17:00:00+00:00,Islamabad,PK,13137731,58.9,µg/m³,100.0,58.8826670328776,58.8826670328776,58.8826670328776
2026-02-05 17:00:00+00:00,2026-02-05 18:00:00+00:00,Islamabad,PK,13137731,74.6,µg/m³,100.0,74.62466684977214,74.62466684977214,74.62466684977214
2026-02-05 18:00:00+00:00,2026-02-05 19:00:00+00:00,Islamabad,PK,13137731,110.0,µg/m³,100.0,109.8418332417806,109.8418332417806,109.8418332417806
2026-02-05 19:00:00+00:00,2026-02-05 20:00:00+00:00,Islamabad,PK,13137731,95.3,µg/m³,100.0,95.30016657511396,95.30016657511396,95.30016657511396
2026-02-05 20:00:00+00:00,2026-02-05 21:00:00+00:00,Islamabad,PK,13137731,110.0,µg/m³,100.0,109.70800018310548,109.70800018310548,109.70800018310548
2026-02-05 21:00:00+00:00,2026-02-05 22:00:00+00:00,Islamabad,PK,13137731,111.0,µg/m³,100.0,110.9356669108073,110.9356669108073,110.9356669108073
2026-02-05 22:00:00+00:00,2026-02-05 23:00:00+00:00,Islamabad,PK,13137731,121.0,µg/m³,100.0,121.2831667582194,121.2831667582194,121.2831667582194
2026-02-05 23:00:00+00:00,2026-02-06 00:00:00+00:00,Islamabad,PK,13137731,125.0,µg/m³,100.0,125.41300048828127,125.41300048828127,125.41300048828127
2026-02-06 00:00:00+00:00,2026-02-06 01:00:00+00:00,Islamabad,PK,13137731,111.0,µg/m³,100.0,110.91699981689453,110.91699981689453,110.91699981689453
2026-02-06 01:00:00+00:00,2026-02-06 02:00:00+00:00,Islamabad,PK,13137731,117.0,µg/m³,100.0,117.21433308919269,117.21433308919269,117.21433308919269
2026-02-06 02:00:00+00:00,2026-02-06 03:00:00+00:00,Islamabad,PK,13137731,124.0,µg/m³,100.0,124.09158299764,124.09158299764,124.09158299764
2026-02-06 03:00:00+00:00,2026-02-06 04:00:00+00:00,Islamabad,PK,13137731,135.0,µg/m³,100.0,135.38883336385092,135.38883336385092,135.38883336385092
2026-02-06 04:00:00+00:00,2026-02-06 05:00:00+00:00,Islamabad,PK,13137731,105.0,µg/m³,100.0,104.6193333943685,104.6193333943685,104.6193333943685
2026-02-06 05:00:00+00:00,2026-02-06 06:00:00+00:00,Islamabad,PK,13137731,113.0,µg/m³,100.0,112.61399993896485,112.61399993896485,112.61399993896485
2026-02-06 06:00:00+00:00,2026-02-06 07:00:00+00:00,Islamabad,PK,13137731,74.8,µg/m³,100.0,74.83616663614909,74.83616663614909,74.83616663614909
2026-02-06 07:00:00+00:00,2026-02-06 08:00:00+00:00,Islamabad,PK,13137731,69.0,µg/m³,100.0,68.97683347066244,68.97683347066244,68.97683347066244
2026-02-06 08:00:00+00:00,2026-02-06 09:00:00+00:00,Islamabad,PK,13137731,81.8,µg/m³,100.0,81.77216669718423,81.77216669718423,81.77216669718423
2026-02-06 09:00:00+00:00,2026-02-06 10:00:00+00:00,Islamabad,PK,13137731,69.8,µg/m³,100.0,69.82549972534179,69.82549972534179,69.82549972534179
2026-02-06 10:00:00+00:00,2026-02-06 11:00:00+00:00,Islamabad,PK,13137731,52.1,µg/m³,100.0,52.12249984741211,52.12249984741211,52.12249984741211
2026-02-06 11:00:00+00:00,2026-02-06 12:00:00+00:00,Islamabad,PK,13137731,49.8,µg/m³,100.0,49.777167002360024,49.777167002360024,49.777167002360024
2026-02-06 12:00:00+00:00,2026-02-06 13:00:00+00:00,Islamabad,PK,13137731,47.2,µg/m³,100.0,47.202666727701825,47.202666727701825,47.202666727701825
2026-02-06 13:00:00+00:00,2026-02-06 14:00:00+00:00,Islamabad,PK,13137731,46.6,µg/m³,100.0,46.55550003051758,46.55550003051758,46.55550003051758
2026-02-06 14:00:00+00:00,2026-02-06 15:00:00+00:00,Islamabad,PK,13137731,49.6,µg/m³,100.0,49.61100006103515,49.61100006103515,49.61100006103515
2026-02-06 15:00:00+00:00,2026-02-06 16:00:00+00:00,Islamabad,PK,13137731,58.2,µg/m³,100.0,58.18333333333334,58.18333333333334,58.18333333333334
2026-02-06 16:00:00+00:00,2026-02-06 17:00:00+00:00,Islamabad,PK,13137731,55.8,µg/m³,100.0,55.791500091552734,55.791500091552734,55.791500091552734
2026-02-06 17:00:00+00:00,2026-02-06 18:00:00+00:00,Islamabad,PK,13137731,57.7,µg/m³,100.0,57.669000244140626,57.669000244140626,57.669000244140626
2026-02-06 18:00:00+00:00,2026-02-06 19:00:00+00:00,Islamabad,PK,13137731,54.6,µg/m³,100.0,54.58866678873698,54.58866678873698,54.58866678873698
2026-02-06 19:00:00+00:00,2026-02-06 20:00:00+00:00,Islamabad,PK,13137731,66.5,µg/m³,100.0,66.48099975585937,66.48099975585937,66.48099975585937
2026-02-06 20:00:00+00:00,2026-02-06 21:00:00+00:00,Islamabad,PK,13137731,78.5,µg/m³,100.0,78.5418332417806,78.5418332417806,78.5418332417806
2026-02-06 21:00:00+00:00,2026-02-06 22:00:00+00:00,Islamabad,PK,13137731,76.9,µg/m³,100.0,76.92233327229816,76.92233327229816,76.92233327229816
2026-02-06 22:00:00+00:00,2026-02-06 23:00:00+00:00,Islamabad,PK,13137731,82.0,µg/m³,100.0,81.9775001525879,81.9775001525879,81.9775001525879
2026-02-06 23:00:00+00:00,2026-02-07 00:00:00+00:00,Islamabad,PK,13137731,87.7,µg/m³,100.0,87.71616694132486,87.71616694132486,87.71616694132486
2026-02-07 00:00:00+00:00,2026-02-07 01:00:00+00:00,Islamabad,PK,13137731,104.0,µg/m³,100.0,104.27783330281578,104.27783330281578,104.27783330281578
2026-02-07 01:00:00+00:00,2026-02-07 02:00:00+00:00,Islamabad,PK,13137731,121.0,µg/m³,100.0,120.88399963378906,120.88399963378906,120.88399963378906
2026-02-07 02:00:00+00:00,2026-02-07 03:00:00+00:00,Islamabad,PK,13137731,146.0,µg/m³,100.0,145.538666788737,145.538666788737,145.538666788737
2026-02-07 03:00:00+00:00,2026-02-07 04:00:00+00:00,Islamabad,PK,13137731,161.0,µg/m³,100.0,160.7356669108073,160.7356669108073,160.7356669108073
2026-02-07 04:00:00+00:00,2026-02-07 05:00:00+00:00,Islamabad,PK,13137731,167.0,µg/m³,100.0,166.99156255722048,166.99156255722048,166.99156255722048
2026-02-07 05:00:00+00:00,2026-02-07 06:00:00+00:00,Islamabad,PK,13137731,117.0,µg/m³,100.0,116.56433308919271,116.56433308919271,116.56433308919271
2026-02-07 06:00:00+00:00,2026-02-07 07:00:00+00:00,Islamabad,PK,13137731,98.7,µg/m³,100.0,98.72816645304361,98.72816645304361,98.72816645304361
2026-02-07 07:00:00+00:00,2026-02-07 08:00:00+00:00,Islamabad,PK,13137731,77.5,µg/m³,100.0,77.49416681925456,77.49416681925456,77.49416681925456
2026-02-07 08:00:00+00:00,2026-02-07 09:00:00+00:00,Islamabad,PK,13137731,74.0,µg/m³,100.0,73.96933339436849,73.96933339436849,73.96933339436849
2026-02-07 09:00:00+00:00,2026-02-07 10:00:00+00:00,Islamabad,PK,13137731,63.1,µg/m³,100.0,63.13866678873698,63.13866678873698,63.13866678873698
2026-02-07 10:00:00+00:00,2026-02-07 11:00:00+00:00,Islamabad,PK,13137731,50.5,µg/m³,100.0,50.45550003051758,50.45550003051758,50.45550003051758
2026-02-07 11:00:00+00:00,2026-02-07 12:00:00+00:00,Islamabad,PK,13137731,58.9,µg/m³,100.0,58.93333307902018,58.93333307902018,58.93333307902018
2026-02-07 12:00:00+00:00,2026-02-07 13:00:00+00:00,Islamabad,PK,13137731,44.9,µg/m³,100.0,44.91666666666666,44.91666666666666,44.91666666666666
2026-02-07 13:00:00+00:00,2026-02-07 14:00:00+00:00,Islamabad,PK,13137731,43.0,µg/m³,100.0,43.00299987792969,43.00299987792969,43.00299987792969
2026-02-07 14:00:00+00:00,2026-02-07 15:00:00+00:00,Islamabad,PK,13137731,45.1,µg/m³,100.0,45.05283330281576,45.05283330281576,45.05283330281576
2026-02-07 15:00:00+00:00,2026-02-07 16:00:00+00:00,Islamabad,PK,13137731,49.5,µg/m³,100.0,49.4918332417806,49.4918332417806,49.4918332417806
2026-02-07 16:00:00+00:00,2026-02-07 17:00:00+00:00,Islamabad,PK,13137731,53.0,µg/m³,100.0,52.99466654459635,52.99466654459635,52.99466654459635
2026-02-07 17:00:00+00:00,2026-02-07 18:00:00+00:00,Islamabad,PK,13137731,71.9,µg/m³,100.0,71.86949996948242,71.86949996948242,71.86949996948242
2026-02-07 18:00:00+00:00,2026-02-07 19:00:00+00:00,Islamabad,PK,13137731,80.0,µg/m³,100.0,79.9556666056315,79.9556666056315,79.9556666056315
2026-02-07 19:00:00+00:00,2026-02-07 20:00:00+00:00,Islamabad,PK,13137731,79.1,µg/m³,100.0,79.10299987792969,79.10299987792969,79.10299987792969
2026-02-07 20:00:00+00:00,2026-02-07 21:00:00+00:00,Islamabad,PK,13137731,102.0,µg/m³,100.0,102.3,102.3,102.3
2026-02-07 21:00:00+00:00,2026-02-07 22:00:00+00:00,Islamabad,PK,13137731,131.0,µg/m³,100.0,131.12233327229816,131.12233327229816,131.12233327229816
2026-02-07 22:00:00+00:00,2026-02-07 23:00:00+00:00,Islamabad,PK,13137731,146.0,µg/m³,100.0,146.48050003051756,146.48050003051756,146.48050003051756
2026-02-07 23:00:00+00:00,2026-02-08 00:00:00+00:00,Islamabad,PK,13137731,188.0,µg/m³,100.0,188.26100006103516,188.26100006103516,188.26100006103516
2026-02-08 00:00:00+00:00,2026-02-08 01:00:00+00:00,Islamabad,PK,13137731,210.0,µg/m³,100.0,209.58116633097333,209.58116633097333,209.58116633097333
2026-02-08 01:00:00+00:00,2026-02-08 02:00:00+00:00,Islamabad,PK,13137731,209.0,µg/m³,100.0,208.88566691080726,208.88566691080726,208.88566691080726
2026-02-08 02:00:00+00:00,2026-02-08 03:00:00+00:00,Islamabad,PK,13137731,252.0,µg/m³,100.0,252.28116760253909,252.28116760253909,252.28116760253909
2026-02-08 03:00:00+00:00,2026-02-08 04:00:00+00:00,Islamabad,PK,13137731,284.0,µg/m³,100.0,284.028168741862,284.028168741862,284.028168741862
2026-02-08 04:00:00+00:00,2026-02-08 05:00:00+00:00,Islamabad,PK,13137731,234.0,µg/m³,100.0,233.69983367919926,233.69983367919926,233.69983367919926
2026-02-08 05:00:00+00:00,2026-02-08 06:00:00+00:00,Islamabad,PK,13137731,175.0,µg/m³,100.0,174.76133321126304,174.76133321126304,174.76133321126304
2026-02-08 06:00:00+00:00,2026-02-08 07:00:00+00:00,Islamabad,PK,13137731,159.0,µg/m³,100.0,158.73133290608726,158.73133290608726,158.73133290608726
2026-02-08 07:00:00+00:00,2026-02-08 08:00:00+00:00,Islamabad,PK,13137731,118.0,µg/m³,100.0,118.43300018310549,118.43300018310549,118.43300018310549
2026-02-08 08:00:00+00:00,2026-02-08 09:00:00+00:00,Islamabad,PK,13137731,98.6,µg/m³,100.0,98.58349990844727,98.58349990844727,98.58349990844727
2026-02-08 09:00:00+00:00,2026-02-08 10:00:00+00:00,Islamabad,PK,13137731,118.0,µg/m³,100.0,117.6581667582194,117.6581667582194,117.6581667582194
2026-02-08 10:00:00+00:00,2026-02-08 11:00:00+00:00,Islamabad,PK,13137731,90.1,µg/m³,100.0,90.08899993896485,90.08899993896485,90.08899993896485
2026-02-08 11:00:00+00:00,2026-02-08 12:00:00+00:00,Islamabad,PK,13137731,67.8,µg/m³,100.0,67.81366678873697,67.81366678873697,67.81366678873697
2026-02-08 12:00:00+00:00,2026-02-08 13:00:00+00:00,Islamabad,PK,13137731,55.6,µg/m³,100.0,55.61933339436849,55.61933339436849,55.61933339436849
2026-02-08 13:00:00+00:00,2026-02-08 14:00:00+00:00,Islamabad,PK,13137731,45.6,µg/m³,100.0,45.625,45.625,45.625
2026-02-08 14:00:00+00:00,2026-02-08 15:00:00+00:00,Islamabad,PK,13137731,43.0,µg/m³,100.0,43.0418332417806,43.0418332417806,43.0418332417806
2026-02-08 15:00:00+00:00,2026-02-08 16:00:00+00:00,Islamabad,PK,13137731,44.8,µg/m³,100.0,44.81650009155274,44.81650009155274,44.81650009155274
2026-02-08 16:00:00+00:00,2026-02-08 17:00:00+00:00,Islamabad,PK,13137731,44.5,µg/m³,100.0,44.53649978637694,44.53649978637694,44.53649978637694
2026-02-08 17:00:00+00:00,2026-02-08 18:00:00+00:00,Islamabad,PK,13137731,41.5,µg/m³,100.0,41.53616663614908,41.53616663614908,41.53616663614908
2026-02-08 18:00:00+00:00,2026-02-08 19:00:00+00:00,Islamabad,PK,13137731,32.9,µg/m³,100.0,32.891500059763594,32.891500059763594,32.891500059763594
2026-02-08 19:00:00+00:00,2026-02-08 20:00:00+00:00,Islamabad,PK,13137731,30.6,µg/m³,100.0,30.5861665725708,30.5861665725708,30.5861665725708
2026-02-08 20:00:00+00:00,2026-02-08 21:00:00+00:00,Islamabad,PK,13137731,31.0,µg/m³,100.0,31.004833285013834,31.004833285013834,31.004833285013834
2026-02-08 21:00:00+00:00,2026-02-08 22:00:00+00:00,Islamabad,PK,13137731,32.2,µg/m³,100.0,32.2333332379659,32.2333332379659,32.2333332379659
2026-02-08 22:00:00+00:00,2026-02-08 23:00:00+00:00,Islamabad,PK,13137731,35.7,µg/m³,100.0,35.733166758219404,35.733166758219404,35.733166758219404
2026-02-08 23:00:00+00:00,2026-02-09 00:00:00+00:00,Islamabad,PK,13137731,37.2,µg/m³,100.0,37.22233327229819,37.22233327229819,37.22233327229819
2026-02-09 00:00:00+00:00,2026-02-09 01:00:00+00:00,Islamabad,PK,13137731,36.1,µg/m³,100.0,36.106499481201176,36.106499481201176,36.106499481201176
2026-02-09 01:00:00+00:00,2026-02-09 02:00:00+00:00,Islamabad,PK,13137731,40.4,µg/m³,100.0,40.416999816894524,40.416999816894524,40.416999816894524
2026-02-09 02:00:00+00:00,2026-02-09 03:00:00+00:00,Islamabad,PK,13137731,46.9,µg/m³,100.0,46.89449996948242,46.89449996948242,46.89449996948242
2026-02-09 03:00:00+00:00,2026-02-09 04:00:00+00:00,Islamabad,PK,13137731,46.4,µg/m³,100.0,46.37483342488607,46.37483342488607,46.37483342488607
2026-02-09 04:00:00+00:00,2026-02-09 05:00:00+00:00,Islamabad,PK,13137731,35.2,µg/m³,100.0,35.230666700998945,35.230666700998945,35.230666700998945
2026-02-09 05:00:00+00:00,2026-02-09 06:00:00+00:00,Islamabad,PK,13137731,30.1,µg/m³,100.0,30.13066673278809,30.13066673278809,30.13066673278809
2026-02-09 06:00:00+00:00,2026-02-09 07:00:00+00:00,Islamabad,PK,13137731,31.8,µg/m³,100.0,31.78066660563151,31.78066660563151,31.78066660563151
2026-02-09 07:00:00+00:00,2026-02-09 08:00:00+00:00,Islamabad,PK,13137731,31.2,µg/m³,100.0,31.222166728973388,31.222166728973388,31.222166728973388
2026-02-09 08:00:00+00:00,2026-02-09 09:00:00+00:00,Islamabad,PK,13137731,31.3,µg/m³,100.0,31.322000090281165,31.322000090281165,31.322000090281165
2026-02-09 09:00:00+00:00,2026-02-09 10:00:00+00:00,Islamabad,PK,13137731,31.8,µg/m³,100.0,31.761333274841316,31.761333274841316,31.761333274841316
2026-02-09 10:00:00+00:00,2026-02-09 11:00:00+00:00,Islamabad,PK,13137731,29.9,µg/m³,100.0,29.850500011444087,29.850500011444087,29.850500011444087
2026-02-09 11:00:00+00:00,2026-02-09 12:00:00+00:00,Islamabad,PK,13137731,32.1,µg/m³,100.0,32.068833478291836,32.068833478291836,32.068833478291836
2026-02-09 12:00:00+00:00,2026-02-09 13:00:00+00:00,Islamabad,PK,13137731,31.6,µg/m³,100.0,31.647000122070313,31.647000122070313,31.647000122070313
2026-02-09 13:00:00+00:00,2026-02-09 14:00:00+00:00,Islamabad,PK,13137731,33.2,µg/m³,100.0,33.16366666158041,33.16366666158041,33.16366666158041
2026-02-09 14:00:00+00:00,2026-02-09 15:00:00+00:00,Islamabad,PK,13137731,32.8,µg/m³,100.0,32.81350030899048,32.81350030899048,32.81350030899048
2026-02-09 15:00:00+00:00,2026-02-09 16:00:00+00:00,Islamabad,PK,13137731,31.8,µg/m³,100.0,31.847166633605955,31.847166633605955,31.847166633605955
2026-02-09 16:00:00+00:00,2026-02-09 17:00:00+00:00,Islamabad,PK,13137731,32.0,µg/m³,100.0,31.994363507357512,31.994363507357512,31.994363507357512
2026-02-09 17:00:00+00:00,2026-02-09 18:00:00+00:00,Islamabad,PK,13137731,32.7,µg/m³,100.0,32.72566639582316,32.72566639582316,32.72566639582316
2026-02-09 18:00:00+00:00,2026-02-09 19:00:00+00:00,Islamabad,PK,13137731,34.2,µg/m³,100.0,34.172333272298175,34.172333272298175,34.172333272298175
2026-02-09 19:00:00+00:00,2026-02-09 20:00:00+00:00,Islamabad,PK,13137731,35.6,µg/m³,100.0,35.59433339436849,35.59433339436849,35.59433339436849
2026-02-09 20:00:00+00:00,2026-02-09 21:00:00+00:00,Islamabad,PK,13137731,39.4,µg/m³,100.0,39.414666239420576,39.414666239420576,39.414666239420576
2026-02-09 21:00:00+00:00,2026-02-09 22:00:00+00:00,Islamabad,PK,13137731,39.6,µg/m³,100.0,39.61900024414063,39.61900024414063,39.61900024414063
2026-02-09 22:00:00+00:00,2026-02-09 23:00:00+00:00,Islamabad,PK,13137731,40.6,µg/m³,100.0,40.6004997253418,40.6004997253418,40.6004997253418
2026-02-09 23:00:00+00:00,2026-02-10 00:00:00+00:00,Islamabad,PK,13137731,42.9,µg/m³,100.0,42.944000244140625,42.944000244140625,42.944000244140625
2026-02-10 00:00:00+00:00,2026-02-10 01:00:00+00:00,Islamabad,PK,13137731,44.1,µg/m³,100.0,44.12516657511393,44.12516657511393,44.12516657511393
2026-02-10 01:00:00+00:00,2026-02-10 02:00:00+00:00,Islamabad,PK,13137731,49.3,µg/m³,100.0,49.28016688028972,49.28016688028972,49.28016688028972
2026-02-10 02:00:00+00:00,2026-02-10 03:00:00+00:00,Islamabad,PK,13137731,46.9,µg/m³,100.0,46.916666666666664,46.916666666666664,46.916666666666664
2026-02-10 03:00:00+00:00,2026-02-10 04:00:00+00:00,Islamabad,PK,13137731,46.2,µg/m³,100.0,46.19116694132487,46.19116694132487,46.19116694132487
2026-02-10 04:00:00+00:00,2026-02-10 05:00:00+00:00,Islamabad,PK,13137731,46.2,µg/m³,100.0,46.166666666666664,46.166666666666664,46.166666666666664
2026-02-10 05:00:00+00:00,2026-02-10 06:00:00+00:00,Islamabad,PK,13137731,40.8,µg/m³,100.0,40.775333150227866,40.775333150227866,40.775333150227866
2026-02-10 06:00:00+00:00,2026-02-10 07:00:00+00:00,Islamabad,PK,13137731,36.7,µg/m³,100.0,36.67983373006185,36.67983373006185,36.67983373006185
2026-02-10 07:00:00+00:00,2026-02-10 08:00:00+00:00,Islamabad,PK,13137731,37.2,µg/m³,100.0,37.202999877929685,37.202999877929685,37.202999877929685
2026-02-10 08:00:00+00:00,2026-02-10 09:00:00+00:00,Islamabad,PK,13137731,37.1,µg/m³,100.0,37.06949996948242,37.06949996948242,37.06949996948242
2026-02-10 09:00:00+00:00,2026-02-10 10:00:00+00:00,Islamabad,PK,13137731,36.9,µg/m³,100.0,36.91699981689453,36.91699981689453,36.91699981689453
2026-02-10 10:00:00+00:00,2026-02-10 11:00:00+00:00,Islamabad,PK,13137731,36.8,µg/m³,100.0,36.802666727701826,36.802666727701826,36.802666727701826
2026-02-10 11:00:00+00:00,2026-02-10 12:00:00+00:00,Islamabad,PK,13137731,36.7,µg/m³,100.0,36.7168332417806,36.7168332417806,36.7168332417806
2026-02-10 12:00:00+00:00,2026-02-10 13:00:00+00:00,Islamabad,PK,13137731,38.8,µg/m³,100.0,38.816000366210936,38.816000366210936,38.816000366210936
2026-02-10 13:00:00+00:00,2026-02-10 14:00:00+00:00,Islamabad,PK,13137731,40.6,µg/m³,100.0,40.61116663614909,40.61116663614909,40.61116663614909
2026-02-10 14:00:00+00:00,2026-02-10 15:00:00+00:00,Islamabad,PK,13137731,41.2,µg/m³,100.0,41.18633321126301,41.18633321126301,41.18633321126301
2026-02-10 15:00:00+00:00,2026-02-10 16:00:00+00:00,Islamabad,PK,13137731,42.3,µg/m³,100.0,42.255500030517574,42.255500030517574,42.255500030517574
2026-02-10 16:00:00+00:00,2026-02-10 17:00:00+00:00,Islamabad,PK,13137731,41.4,µg/m³,100.0,41.36699981689453,41.36699981689453,41.36699981689453
2026-02-10 17:00:00+00:00,2026-02-10 18:00:00+00:00,Islamabad,PK,13137731,40.7,µg/m³,100.0,40.71966654459636,40.71966654459636,40.71966654459636
2026-02-10 18:00:00+00:00,2026-02-10 19:00:00+00:00,Islamabad,PK,13137731,42.4,µg/m³,100.0,42.35016657511394,42.35016657511394,42.35016657511394
2026-02-10 19:00:00+00:00,2026-02-10 20:00:00+00:00,Islamabad,PK,13137731,46.3,µg/m³,100.0,46.27799987792969,46.27799987792969,46.27799987792969
2026-02-10 20:00:00+00:00,2026-02-10 21:00:00+00:00,Islamabad,PK,13137731,53.7,µg/m³,100.0,53.65558331807455,53.65558331807455,53.65558331807455
2026-02-10 21:00:00+00:00,2026-02-10 22:00:00+00:00,Islamabad,PK,13137731,87.2,µg/m³,100.0,87.22216669718425,87.22216669718425,87.22216669718425
2026-02-10 22:00:00+00:00,2026-02-10 23:00:00+00:00,Islamabad,PK,13137731,89.4,µg/m³,100.0,89.38850021362305,89.38850021362305,89.38850021362305
2026-02-10 23:00:00+00:00,2026-02-11 00:00:00+00:00,Islamabad,PK,13137731,103.0,µg/m³,100.0,103.22466684977212,103.22466684977212,103.22466684977212
2026-02-11 00:00:00+00:00,2026-02-11 01:00:00+00:00,Islamabad,PK,13137731,116.0,µg/m³,100.0,115.83099975585937,115.83099975585937,115.83099975585937
2026-02-11 01:00:00+00:00,2026-02-11 02:00:00+00:00,Islamabad,PK,13137731,121.0,µg/m³,100.0,121.37733357747398,121.37733357747398,121.37733357747398
2026-02-11 02:00:00+00:00,2026-02-11 03:00:00+00:00,Islamabad,PK,13137731,134.0,µg/m³,100.0,133.6748334248861,133.6748334248861,133.6748334248861
2026-02-11 03:00:00+00:00,2026-02-11 04:00:00+00:00,Islamabad,PK,13137731,138.0,µg/m³,100.0,138.42216669718428,138.42216669718428,138.42216669718428
2026-02-11 04:00:00+00:00,2026-02-11 05:00:00+00:00,Islamabad,PK,13137731,106.0,µg/m³,100.0,106.20733388264973,106.20733388264973,106.20733388264973
2026-02-11 05:00:00+00:00,2026-02-11 06:00:00+00:00,Islamabad,PK,13137731,92.7,µg/m³,100.0,92.66416651407877,92.66416651407877,92.66416651407877
2026-02-11 06:00:00+00:00,2026-02-11 07:00:00+00:00,Islamabad,PK,13137731,82.0,µg/m³,100.0,82.04499969482421,82.04499969482421,82.04499969482421
2026-02-11 07:00:00+00:00,2026-02-11 08:00:00+00:00,Islamabad,PK,13137731,76.7,µg/m³,100.0,76.65833333333333,76.65833333333333,76.65833333333333
2026-02-11 08:00:00+00:00,2026-02-11 09:00:00+00:00,Islamabad,PK,13137731,80.5,µg/m³,100.0,80.48300018310546,80.48300018310546,80.48300018310546
2026-02-11 09:00:00+00:00,2026-02-11 10:00:00+00:00,Islamabad,PK,13137731,79.3,µg/m³,100.0,79.30583318074544,79.30583318074544,79.30583318074544
2026-02-11 10:00:00+00:00,2026-02-11 11:00:00+00:00,Islamabad,PK,13137731,67.6,µg/m³,100.0,67.6,67.6,67.6
2026-02-11 11:00:00+00:00,2026-02-11 12:00:00+00:00,Islamabad,PK,13137731,59.9,µg/m³,100.0,59.85016657511394,59.85016657511394,59.85016657511394
2026-02-11 12:00:00+00:00,2026-02-11 13:00:00+00:00,Islamabad,PK,13137731,55.9,µg/m³,100.0,55.922166697184245,55.922166697184245,55.922166697184245
2026-02-11 13:00:00+00:00,2026-02-11 14:00:00+00:00,Islamabad,PK,13137731,68.4,µg/m³,100.0,68.37516657511392,68.37516657511392,68.37516657511392
2026-02-11 14:00:00+00:00,2026-02-11 15:00:00+00:00,Islamabad,PK,13137731,100.0,µg/m³,100.0,100.21949996948241,100.21949996948241,100.21949996948241
2026-02-11 15:00:00+00:00,2026-02-11 16:00:00+00:00,Islamabad,PK,13137731,100.0,µg/m³,100.0,100.23883336385092,100.23883336385092,100.23883336385092
2026-02-11 16:00:00+00:00,2026-02-11 17:00:00+00:00,Islamabad,PK,13137731,104.0,µg/m³,100.0,103.73316675821938,103.73316675821938,103.73316675821938
2026-02-11 17:00:00+00:00,2026-02-11 18:00:00+00:00,Islamabad,PK,13137731,103.0,µg/m³,100.0,102.50033315022786,102.50033315022786,102.50033315022786
2026-02-11 18:00:00+00:00,2026-02-11 19:00:00+00:00,Islamabad,PK,13137731,91.5,µg/m³,100.0,91.53099975585938,91.53099975585938,91.53099975585938
2026-02-11 19:00:00+00:00,2026-02-11 20:00:00+00:00,Islamabad,PK,13137731,79.9,µg/m³,100.0,79.93033345540364,79.93033345540364,79.93033345540364
2026-02-11 20:00:00+00:00,2026-02-11 21:00:00+00:00,Islamabad,PK,13137731,79.7,µg/m³,100.0,79.68666636149088,79.68666636149088,79.68666636149088
2026-02-11 21:00:00+00:00,2026-02-11 22:00:00+00:00,Islamabad,PK,13137731,80.4,µg/m³,100.0,80.41083348592122,80.41083348592122,80.41083348592122
2026-02-11 22:00:00+00:00,2026-02-11 23:00:00+00:00,Islamabad,PK,13137731,89.6,µg/m³,100.0,89.55266672770182,89.55266672770182,89.55266672770182
2026-02-11 23:00:00+00:00,2026-02-12 00:00:00+00:00,Islamabad,PK,13137731,94.8,µg/m³,100.0,94.77622239854601,94.77622239854601,94.77622239854601
2026-02-12 00:00:00+00:00,2026-02-12 01:00:00+00:00,Islamabad,PK,13137731,83.3,µg/m³,100.0,83.31616694132488,83.31616694132488,83.31616694132488
2026-02-12 01:00:00+00:00,2026-02-12 02:00:00+00:00,Islamabad,PK,13137731,90.6,µg/m³,100.0,90.56650009155275,90.56650009155275,90.56650009155275
2026-02-12 02:00:00+00:00,2026-02-12 03:00:00+00:00,Islamabad,PK,13137731,87.7,µg/m³,100.0,87.68050003051758,87.68050003051758,87.68050003051758
2026-02-12 03:00:00+00:00,2026-02-12 04:00:00+00:00,Islamabad,PK,13137731,102.0,µg/m³,100.0,102.2463338216146,102.2463338216146,102.2463338216146
2026-02-12 04:00:00+00:00,2026-02-12 05:00:00+00:00,Islamabad,PK,13137731,108.0,µg/m³,100.0,108.34700012207031,108.34700012207031,108.34700012207031
2026-02-12 05:00:00+00:00,2026-02-12 06:00:00+00:00,Islamabad,PK,13137731,75.6,µg/m³,100.0,75.61616694132486,75.61616694132486,75.61616694132486
2026-02-12 06:00:00+00:00,2026-02-12 07:00:00+00:00,Islamabad,PK,13137731,58.4,µg/m³,100.0,58.367332967122394,58.367332967122394,58.367332967122394
2026-02-12 07:00:00+00:00,2026-02-12 08:00:00+00:00,Islamabad,PK,13137731,45.8,µg/m³,100.0,45.760727206143464,45.760727206143464,45.760727206143464
2026-02-12 08:00:00+00:00,2026-02-12 09:00:00+00:00,Islamabad,PK,13137731,40.9,µg/m³,100.0,40.93850021362305,40.93850021362305,40.93850021362305
2026-02-12 09:00:00+00:00,2026-02-12 10:00:00+00:00,Islamabad,PK,13137731,40.9,µg/m³,100.0,40.863833363850915,40.863833363850915,40.863833363850915
2026-02-12 10:00:00+00:00,2026-02-12 11:00:00+00:00,Islamabad,PK,13137731,52.5,µg/m³,100.0,52.519666544596355,52.519666544596355,52.519666544596355
2026-02-12 11:00:00+00:00,2026-02-12 12:00:00+00:00,Islamabad,PK,13137731,68.4,µg/m³,100.0,68.40316645304362,68.40316645304362,68.40316645304362
2026-02-12 12:00:00+00:00,2026-02-12 13:00:00+00:00,Islamabad,PK,13137731,63.0,µg/m³,100.0,62.9529998779297,62.9529998779297,62.9529998779297
2026-02-12 13:00:00+00:00,2026-02-12 14:00:00+00:00,Islamabad,PK,13137731,55.3,µg/m³,100.0,55.33083318074544,55.33083318074544,55.33083318074544
2026-02-12 14:00:00+00:00,2026-02-12 15:00:00+00:00,Islamabad,PK,13137731,54.5,µg/m³,100.0,54.49166666666667,54.49166666666667,54.49166666666667
2026-02-12 15:00:00+00:00,2026-02-12 16:00:00+00:00,Islamabad,PK,13137731,58.7,µg/m³,100.0,58.70049972534181,58.70049972534181,58.70049972534181
2026-02-12 16:00:00+00:00,2026-02-12 17:00:00+00:00,Islamabad,PK,13137731,65.1,µg/m³,100.0,65.05266672770183,65.05266672770183,65.05266672770183
2026-02-12 17:00:00+00:00,2026-02-12 18:00:00+00:00,Islamabad,PK,13137731,68.2,µg/m³,100.0,68.23300018310547,68.23300018310547,68.23300018310547
2026-02-12 18:00:00+00:00,2026-02-12 19:00:00+00:00,Islamabad,PK,13137731,81.6,µg/m³,100.0,81.61650009155274,81.61650009155274,81.61650009155274
2026-02-12 19:00:00+00:00,2026-02-12 20:00:00+00:00,Islamabad,PK,13137731,92.5,µg/m³,100.0,92.4698331197103,92.4698331197103,92.4698331197103
2026-02-12 20:00:00+00:00,2026-02-12 21:00:00+00:00,Islamabad,PK,13137731,86.6,µg/m³,100.0,86.63033345540366,86.63033345540366,86.63033345540366
2026-02-12 21:00:00+00:00,2026-02-12 22:00:00+00:00,Islamabad,PK,13137731,104.0,µg/m³,100.0,103.75533345540363,103.75533345540363,103.75533345540363
2026-02-12 22:00:00+00:00,2026-02-12 23:00:00+00:00,Islamabad,PK,13137731,98.5,µg/m³,100.0,98.4586664835612,98.4586664835612,98.4586664835612
2026-02-12 23:00:00+00:00,2026-02-13 00:00:00+00:00,Islamabad,PK,13137731,112.0,µg/m³,100.0,112.23033345540365,112.23033345540365,112.23033345540365
2026-02-13 00:00:00+00:00,2026-02-13 01:00:00+00:00,Islamabad,PK,13137731,166.0,µg/m³,100.0,165.93533376057943,165.93533376057943,165.93533376057943
2026-02-13 01:00:00+00:00,2026-02-13 02:00:00+00:00,Islamabad,PK,13137731,205.0,µg/m³,100.0,204.6361666361491,204.6361666361491,204.6361666361491
2026-02-13 02:00:00+00:00,2026-02-13 03:00:00+00:00,Islamabad,PK,13137731,241.0,µg/m³,100.0,240.8061665852865,240.8061665852865,240.8061665852865
2026-02-13 03:00:00+00:00,2026-02-13 04:00:00+00:00,Islamabad,PK,13137731,225.0,µg/m³,100.0,225.08916651407878,225.08916651407878,225.08916651407878
2026-02-13 04:00:00+00:00,2026-02-13 05:00:00+00:00,Islamabad,PK,13137731,137.0,µg/m³,100.0,136.5663335164388,136.5663335164388,136.5663335164388
2026-02-13 05:00:00+00:00,2026-02-13 06:00:00+00:00,Islamabad,PK,13137731,76.0,µg/m³,100.0,76.00599975585938,76.00599975585938,76.00599975585938
2026-02-13 06:00:00+00:00,2026-02-13 07:00:00+00:00,Islamabad,PK,13137731,55.2,µg/m³,100.0,55.15299987792968,55.15299987792968,55.15299987792968
2026-02-13 07:00:00+00:00,2026-02-13 08:00:00+00:00,Islamabad,PK,13137731,52.6,µg/m³,100.0,52.626799926757805,52.626799926757805,52.626799926757805
2026-02-13 08:00:00+00:00,2026-02-13 09:00:00+00:00,Islamabad,PK,13137731,45.9,µg/m³,100.0,45.886000061035155,45.886000061035155,45.886000061035155
2026-02-13 09:00:00+00:00,2026-02-13 10:00:00+00:00,Islamabad,PK,13137731,44.3,µg/m³,100.0,44.28916651407877,44.28916651407877,44.28916651407877
2026-02-13 10:00:00+00:00,2026-02-13 11:00:00+00:00,Islamabad,PK,13137731,44.5,µg/m³,100.0,44.45883305867513,44.45883305867513,44.45883305867513
2026-02-13 11:00:00+00:00,2026-02-13 12:00:00+00:00,Islamabad,PK,13137731,45.4,µg/m³,100.0,45.369666544596356,45.369666544596356,45.369666544596356
2026-02-13 12:00:00+00:00,2026-02-13 13:00:00+00:00,Islamabad,PK,13137731,43.6,µg/m³,100.0,43.611499786376946,43.611499786376946,43.611499786376946
2026-02-13 13:00:00+00:00,2026-02-13 14:00:00+00:00,Islamabad,PK,13137731,40.8,µg/m³,100.0,40.83616663614908,40.83616663614908,40.83616663614908
2026-02-13 14:00:00+00:00,2026-02-13 15:00:00+00:00,Islamabad,PK,13137731,41.5,µg/m³,100.0,41.522499847412114,41.522499847412114,41.522499847412114
2026-02-13 15:00:00+00:00,2026-02-13 16:00:00+00:00,Islamabad,PK,13137731,40.1,µg/m³,100.0,40.07266642252604,40.07266642252604,40.07266642252604
2026-02-13 16:00:00+00:00,2026-02-13 17:00:00+00:00,Islamabad,PK,13137731,40.6,µg/m³,100.0,40.59199981689453,40.59199981689453,40.59199981689453
2026-02-13 17:00:00+00:00,2026-02-13 18:00:00+00:00,Islamabad,PK,13137731,37.7,µg/m³,100.0,37.73283360799154,37.73283360799154,37.73283360799154
2026-02-13 18:00:00+00:00,2026-02-13 19:00:00+00:00,Islamabad,PK,13137731,45.3,µg/m³,100.0,45.303166453043616,45.303166453043616,45.303166453043616
2026-02-13 19:00:00+00:00,2026-02-13 20:00:00+00:00,Islamabad,PK,13137731,48.5,µg/m³,100.0,48.54466654459636,48.54466654459636,48.54466654459636
2026-02-13 20:00:00+00:00,2026-02-13 21:00:00+00:00,Islamabad,PK,13137731,51.4,µg/m³,100.0,51.37783330281576,51.37783330281576,51.37783330281576
2026-02-13 21:00:00+00:00,2026-02-13 22:00:00+00:00,Islamabad,PK,13137731,50.1,µg/m³,100.0,50.08349990844727,50.08349990844727,50.08349990844727
2026-02-13 22:00:00+00:00,2026-02-13 23:00:00+00:00,Islamabad,PK,13137731,42.3,µg/m³,100.0,42.25066630045573,42.25066630045573,42.25066630045573
2026-02-13 23:00:00+00:00,2026-02-14 00:00:00+00:00,Islamabad,PK,13137731,48.1,µg/m³,100.0,48.10016657511394,48.10016657511394,48.10016657511394
2026-02-14 00:00:00+00:00,2026-02-14 01:00:00+00:00,Islamabad,PK,13137731,43.2,µg/m³,100.0,43.17483342488607,43.17483342488607,43.17483342488607
2026-02-14 01:00:00+00:00,2026-02-14 02:00:00+00:00,Islamabad,PK,13137731,42.1,µg/m³,100.0,42.088999938964854,42.088999938964854,42.088999938964854
2026-02-14 02:00:00+00:00,2026-02-14 03:00:00+00:00,Islamabad,PK,13137731,49.0,µg/m³,100.0,48.97833302815755,48.97833302815755,48.97833302815755
2026-02-14 03:00:00+00:00,2026-02-14 04:00:00+00:00,Islamabad,PK,13137731,47.7,µg/m³,100.0,47.66166636149088,47.66166636149088,47.66166636149088
2026-02-14 04:00:00+00:00,2026-02-14 05:00:00+00:00,Islamabad,PK,13137731,46.6,µg/m³,100.0,46.63349994023641,46.63349994023641,46.63349994023641
2026-02-14 05:00:00+00:00,2026-02-14 06:00:00+00:00,Islamabad,PK,13137731,39.4,µg/m³,100.0,39.39416681925456,39.39416681925456,39.39416681925456
2026-02-14 06:00:00+00:00,2026-02-14 07:00:00+00:00,Islamabad,PK,13137731,32.4,µg/m³,100.0,32.412889088524715,32.412889088524715,32.412889088524715
2026-02-14 07:00:00+00:00,2026-02-14 08:00:00+00:00,Islamabad,PK,13137731,33.2,µg/m³,100.0,33.23349984486898,33.23349984486898,33.23349984486898
2026-02-14 08:00:00+00:00,2026-02-14 09:00:00+00:00,Islamabad,PK,13137731,31.1,µg/m³,100.0,31.092499732971188,31.092499732971188,31.092499732971188
2026-02-14 09:00:00+00:00,2026-02-14 10:00:00+00:00,Islamabad,PK,13137731,29.3,µg/m³,100.0,29.339333311716715,29.339333311716715,29.339333311716715
2026-02-14 10:00:00+00:00,2026-02-14 11:00:00+00:00,Islamabad,PK,13137731,32.2,µg/m³,100.0,32.23016675313313,32.23016675313313,32.23016675313313
2026-02-14 11:00:00+00:00,2026-02-14 12:00:00+00:00,Islamabad,PK,13137731,29.8,µg/m³,100.0,29.800333340962734,29.800333340962734,29.800333340962734
2026-02-14 12:00:00+00:00,2026-02-14 13:00:00+00:00,Islamabad,PK,13137731,32.4,µg/m³,100.0,32.37416677474975,32.37416677474975,32.37416677474975
2026-02-14 13:00:00+00:00,2026-02-14 14:00:00+00:00,Islamabad,PK,13137731,34.4,µg/m³,100.0,34.385833485921225,34.385833485921225,34.385833485921225
2026-02-14 14:00:00+00:00,2026-02-14 15:00:00+00:00,Islamabad,PK,13137731,34.2,µg/m³,100.0,34.1831667582194,34.1831667582194,34.1831667582194
2026-02-14 15:00:00+00:00,2026-02-14 16:00:00+00:00,Islamabad,PK,13137731,36.0,µg/m³,100.0,36.019499937693276,36.019499937693276,36.019499937693276
2026-02-14 16:00:00+00:00,2026-02-14 17:00:00+00:00,Islamabad,PK,13137731,36.4,µg/m³,100.0,36.39650039672852,36.39650039672852,36.39650039672852
2026-02-14 17:00:00+00:00,2026-02-14 18:00:00+00:00,Islamabad,PK,13137731,36.0,µg/m³,100.0,35.99766642252604,35.99766642252604,35.99766642252604
2026-02-14 18:00:00+00:00,2026-02-14 19:00:00+00:00,Islamabad,PK,13137731,32.9,µg/m³,100.0,32.8556666692098,32.8556666692098,32.8556666692098
2026-02-14 19:00:00+00:00,2026-02-14 20:00:00+00:00,Islamabad,PK,13137731,34.4,µg/m³,100.0,34.418833605448405,34.418833605448405,34.418833605448405
2026-02-14 20:00:00+00:00,2026-02-14 21:00:00+00:00,Islamabad,PK,13137731,46.4,µg/m³,100.0,46.42816645304362,46.42816645304362,46.42816645304362
2026-02-14 21:00:00+00:00,2026-02-14 22:00:00+00:00,Islamabad,PK,13137731,40.9,µg/m³,100.0,40.86699981689453,40.86699981689453,40.86699981689453
2026-02-14 22:00:00+00:00,2026-02-14 23:00:00+00:00,Islamabad,PK,13137731,39.7,µg/m³,100.0,39.67450027465821,39.67450027465821,39.67450027465821
2026-02-14 23:00:00+00:00,2026-02-15 00:00:00+00:00,Islamabad,PK,13137731,41.7,µg/m³,100.0,41.65283330281576,41.65283330281576,41.65283330281576
2026-02-15 00:00:00+00:00,2026-02-15 01:00:00+00:00,Islamabad,PK,13137731,42.4,µg/m³,100.0,42.39166666666667,42.39166666666667,42.39166666666667
2026-02-15 01:00:00+00:00,2026-02-15 02:00:00+00:00,Islamabad,PK,13137731,44.1,µg/m³,100.0,44.136166636149085,44.136166636149085,44.136166636149085
2026-02-15 02:00:00+00:00,2026-02-15 03:00:00+00:00,Islamabad,PK,13137731,77.3,µg/m³,100.0,77.34499969482421,77.34499969482421,77.34499969482421
2026-02-15 03:00:00+00:00,2026-02-15 04:00:00+00:00,Islamabad,PK,13137731,43.7,µg/m³,100.0,43.724000133167614,43.724000133167614,43.724000133167614
2026-02-15 04:00:00+00:00,2026-02-15 05:00:00+00:00,Islamabad,PK,13137731,33.6,µg/m³,100.0,33.59983342488607,33.59983342488607,33.59983342488607
2026-02-15 05:00:00+00:00,2026-02-15 06:00:00+00:00,Islamabad,PK,13137731,30.6,µg/m³,100.0,30.607999960581466,30.607999960581466,30.607999960581466
2026-02-15 06:00:00+00:00,2026-02-15 07:00:00+00:00,Islamabad,PK,13137731,32.5,µg/m³,100.0,32.48316669464111,32.48316669464111,32.48316669464111
2026-02-15 07:00:00+00:00,2026-02-15 08:00:00+00:00,Islamabad,PK,13137731,30.4,µg/m³,100.0,30.405999914805093,30.405999914805093,30.405999914805093
2026-02-15 08:00:00+00:00,2026-02-15 09:00:00+00:00,Islamabad,PK,13137731,31.6,µg/m³,100.0,31.59358336130778,31.59358336130778,31.59358336130778
2026-02-15 09:00:00+00:00,2026-02-15 10:00:00+00:00,Islamabad,PK,13137731,29.9,µg/m³,100.0,29.88499997456869,29.88499997456869,29.88499997456869
2026-02-15 10:00:00+00:00,2026-02-15 11:00:00+00:00,Islamabad,PK,13137731,32.2,µg/m³,100.0,32.23866669336955,32.23866669336955,32.23866669336955
2026-02-15 11:00:00+00:00,2026-02-15 12:00:00+00:00,Islamabad,PK,13137731,32.6,µg/m³,100.0,32.61716658274333,32.61716658274333,32.61716658274333
2026-02-15 12:00:00+00:00,2026-02-15 13:00:00+00:00,Islamabad,PK,13137731,31.3,µg/m³,100.0,31.28066663742065,31.28066663742065,31.28066663742065
2026-02-15 13:00:00+00:00,2026-02-15 14:00:00+00:00,Islamabad,PK,13137731,32.9,µg/m³,100.0,32.90333312352498,32.90333312352498,32.90333312352498
2026-02-15 14:00:00+00:00,2026-02-15 15:00:00+00:00,Islamabad,PK,13137731,32.6,µg/m³,100.0,32.644666639963795,32.644666639963795,32.644666639963795
2026-02-15 15:00:00+00:00,2026-02-15 16:00:00+00:00,Islamabad,PK,13137731,31.9,µg/m³,100.0,31.914333279927572,31.914333279927572,31.914333279927572
2026-02-15 16:00:00+00:00,2026-02-15 17:00:00+00:00,Islamabad,PK,13137731,31.8,µg/m³,100.0,31.760833263397217,31.760833263397217,31.760833263397217
2026-02-15 17:00:00+00:00,2026-02-15 18:00:00+00:00,Islamabad,PK,13137731,32.4,µg/m³,100.0,32.44966665903727,32.44966665903727,32.44966665903727
2026-02-15 18:00:00+00:00,2026-02-15 19:00:00+00:00,Islamabad,PK,13137731,31.9,µg/m³,100.0,31.92499996821085,31.92499996821085,31.92499996821085
2026-02-15 19:00:00+00:00,2026-02-15 20:00:00+00:00,Islamabad,PK,13137731,32.8,µg/m³,100.0,32.84416675567627,32.84416675567627,32.84416675567627
2026-02-15 20:00:00+00:00,2026-02-15 21:00:00+00:00,Islamabad,PK,13137731,32.5,µg/m³,100.0,32.50033305486043,32.50033305486043,32.50033305486043
2026-02-15 21:00:00+00:00,2026-02-15 22:00:00+00:00,Islamabad,PK,13137731,33.8,µg/m³,100.0,33.83649972279867,33.83649972279867,33.83649972279867
2026-02-15 22:00:00+00:00,2026-02-15 23:00:00+00:00,Islamabad,PK,13137731,32.0,µg/m³,100.0,32.04483334223429,32.04483334223429,32.04483334223429
2026-02-15 23:00:00+00:00,2026-02-16 00:00:00+00:00,Islamabad,PK,13137731,30.9,µg/m³,100.0,30.872333304087324,30.872333304087324,30.872333304087324
2026-02-16 00:00:00+00:00,2026-02-16 01:00:00+00:00,Islamabad,PK,13137731,34.6,µg/m³,100.0,34.613666756947836,34.613666756947836,34.613666756947836
2026-02-16 01:00:00+00:00,2026-02-16 02:00:00+00:00,Islamabad,PK,13137731,34.1,µg/m³,100.0,34.11066691080729,34.11066691080729,34.11066691080729
2026-02-16 02:00:00+00:00,2026-02-16 03:00:00+00:00,Islamabad,PK,13137731,38.3,µg/m³,100.0,38.322333272298174,38.322333272298174,38.322333272298174
2026-02-16 03:00:00+00:00,2026-02-16 04:00:00+00:00,Islamabad,PK,13137731,37.2,µg/m³,100.0,37.194500001271564,37.194500001271564,37.194500001271564
2026-02-16 04:00:00+00:00,2026-02-16 05:00:00+00:00,Islamabad,PK,13137731,31.5,µg/m³,100.0,31.469333457946775,31.469333457946775,31.469333457946775
2026-02-16 05:00:00+00:00,2026-02-16 06:00:00+00:00,Islamabad,PK,13137731,30.4,µg/m³,100.0,30.393666776021323,30.393666776021323,30.393666776021323
2026-02-16 06:00:00+00:00,2026-02-16 07:00:00+00:00,Islamabad,PK,13137731,33.1,µg/m³,100.0,33.13316663106283,33.13316663106283,33.13316663106283
2026-02-16 07:00:00+00:00,2026-02-16 08:00:00+00:00,Islamabad,PK,13137731,29.4,µg/m³,100.0,29.375,29.375,29.375
2026-02-16 08:00:00+00:00,2026-02-16 09:00:00+00:00,Islamabad,PK,13137731,28.9,µg/m³,100.0,28.918250020345056,28.918250020345056,28.918250020345056
2026-02-16 09:00:00+00:00,2026-02-16 10:00:00+00:00,Islamabad,PK,13137731,28.6,µg/m³,100.0,28.621499999364215,28.621499999364215,28.621499999364215
2026-02-16 10:00:00+00:00,2026-02-16 11:00:00+00:00,Islamabad,PK,13137731,28.1,µg/m³,100.0,28.075000000000003,28.075000000000003,28.075000000000003
2026-02-16 11:00:00+00:00,2026-02-16 12:00:00+00:00,Islamabad,PK,13137731,26.6,µg/m³,100.0,26.624499988555907,26.624499988555907,26.624499988555907
2026-02-16 12:00:00+00:00,2026-02-16 13:00:00+00:00,Islamabad,PK,13137731,26.3,µg/m³,100.0,26.322500006357824,26.322500006357824,26.322500006357824
2026-02-16 13:00:00+00:00,2026-02-16 14:00:00+00:00,Islamabad,PK,13137731,25.9,µg/m³,100.0,25.944500001271567,25.944500001271567,25.944500001271567
2026-02-16 14:00:00+00:00,2026-02-16 15:00:00+00:00,Islamabad,PK,13137731,24.7,µg/m³,100.0,24.66099999745687,24.66099999745687,24.66099999745687
2026-02-16 15:00:00+00:00,2026-02-16 16:00:00+00:00,Islamabad,PK,13137731,25.9,µg/m³,100.0,25.90216665267944,25.90216665267944,25.90216665267944
2026-02-16 16:00:00+00:00,2026-02-16 17:00:00+00:00,Islamabad,PK,13137731,22.9,µg/m³,100.0,22.92466665903727,22.92466665903727,22.92466665903727
2026-02-16 17:00:00+00:00,2026-02-16 18:00:00+00:00,Islamabad,PK,13137731,22.2,µg/m³,100.0,22.196833324432376,22.196833324432376,22.196833324432376
2026-02-16 18:00:00+00:00,2026-02-16 19:00:00+00:00,Islamabad,PK,13137731,25.6,µg/m³,100.0,25.578166707356775,25.578166707356775,25.578166707356775
2026-02-16 19:00:00+00:00,2026-02-16 20:00:00+00:00,Islamabad,PK,13137731,30.2,µg/m³,100.0,30.247000026702878,30.247000026702878,30.247000026702878
2026-02-16 20:00:00+00:00,2026-02-16 21:00:00+00:00,Islamabad,PK,13137731,31.3,µg/m³,100.0,31.275818183205345,31.275818183205345,31.275818183205345
2026-02-16 21:00:00+00:00,2026-02-16 22:00:00+00:00,Islamabad,PK,13137731,30.7,µg/m³,100.0,30.73333333333333,30.73333333333333,30.73333333333333
2026-02-16 22:00:00+00:00,2026-02-16 23:00:00+00:00,Islamabad,PK,13137731,47.4,µg/m³,100.0,47.43866675694784,47.43866675694784,47.43866675694784
2026-02-16 23:00:00+00:00,2026-02-17 00:00:00+00:00,Islamabad,PK,13137731,90.8,µg/m³,100.0,90.83083318074546,90.83083318074546,90.83083318074546
2026-02-17 00:00:00+00:00,2026-02-17 01:00:00+00:00,Islamabad,PK,13137731,52.8,µg/m³,100.0,52.766833209991454,52.766833209991454,52.766833209991454
2026-02-17 01:00:00+00:00,2026-02-17 02:00:00+00:00,Islamabad,PK,13137731,35.2,µg/m³,100.0,35.230000305175786,35.230000305175786,35.230000305175786
2026-02-17 02:00:00+00:00,2026-02-17 03:00:00+00:00,Islamabad,PK,13137731,40.4,µg/m³,100.0,40.36629187266032,40.36629187266032,40.36629187266032
2026-02-17 03:00:00+00:00,2026-02-17 04:00:00+00:00,Islamabad,PK,13137731,37.1,µg/m³,100.0,37.074999968210854,37.074999968210854,37.074999968210854
2026-02-17 04:00:00+00:00,2026-02-17 05:00:00+00:00,Islamabad,PK,13137731,34.6,µg/m³,100.0,34.62183351516724,34.62183351516724,34.62183351516724
2026-02-17 05:00:00+00:00,2026-02-17 06:00:00+00:00,Islamabad,PK,13137731,31.1,µg/m³,100.0,31.135666847229004,31.135666847229004,31.135666847229004
2026-02-17 06:00:00+00:00,2026-02-17 07:00:00+00:00,Islamabad,PK,13137731,28.1,µg/m³,100.0,28.06966670354207,28.06966670354207,28.06966670354207
2026-02-17 07:00:00+00:00,2026-02-17 08:00:00+00:00,Islamabad,PK,13137731,43.5,µg/m³,100.0,43.462727702747685,43.462727702747685,43.462727702747685
2026-02-17 08:00:00+00:00,2026-02-17 09:00:00+00:00,Islamabad,PK,13137731,32.8,µg/m³,100.0,32.83350003560384,32.83350003560384,32.83350003560384
2026-02-17 09:00:00+00:00,2026-02-17 10:00:00+00:00,Islamabad,PK,13137731,26.0,µg/m³,100.0,26.03900000254313,26.03900000254313,26.03900000254313
2026-02-17 10:00:00+00:00,2026-02-17 11:00:00+00:00,Islamabad,PK,13137731,26.3,µg/m³,100.0,26.29433333079021,26.29433333079021,26.29433333079021
2026-02-17 11:00:00+00:00,2026-02-17 12:00:00+00:00,Islamabad,PK,13137731,30.0,µg/m³,100.0,30.013999970753986,30.013999970753986,30.013999970753986
2026-02-17 12:00:00+00:00,2026-02-17 13:00:00+00:00,Islamabad,PK,13137731,31.9,µg/m³,100.0,31.852666886647544,31.852666886647544,31.852666886647544
2026-02-17 13:00:00+00:00,2026-02-17 14:00:00+00:00,Islamabad,PK,13137731,31.5,µg/m³,100.0,31.5140001296997,31.5140001296997,31.5140001296997
2026-02-17 14:00:00+00:00,2026-02-17 15:00:00+00:00,Islamabad,PK,13137731,34.0,µg/m³,100.0,33.97566649119059,33.97566649119059,33.97566649119059
2026-02-17 15:00:00+00:00,2026-02-17 16:00:00+00:00,Islamabad,PK,13137731,53.1,µg/m³,100.0,53.11383333206177,53.11383333206177,53.11383333206177
2026-02-17 16:00:00+00:00,2026-02-17 17:00:00+00:00,Islamabad,PK,13137731,54.6,µg/m³,100.0,54.57499999999999,54.57499999999999,54.57499999999999
2026-02-17 17:00:00+00:00,2026-02-17 18:00:00+00:00,Islamabad,PK,13137731,50.7,µg/m³,100.0,50.738833363850894,50.738833363850894,50.738833363850894
2026-02-17 18:00:00+00:00,2026-02-17 19:00:00+00:00,Islamabad,PK,13137731,57.5,µg/m³,100.0,57.530166880289705,57.530166880289705,57.530166880289705
2026-02-17 19:00:00+00:00,2026-02-17 20:00:00+00:00,Islamabad,PK,13137731,48.2,µg/m³,100.0,48.151636297052555,48.151636297052555,48.151636297052555
2026-02-17 20:00:00+00:00,2026-02-17 21:00:00+00:00,Islamabad,PK,13137731,44.1,µg/m³,100.0,44.13349990844727,44.13349990844727,44.13349990844727
2026-02-17 21:00:00+00:00,2026-02-17 22:00:00+00:00,Islamabad,PK,13137731,50.6,µg/m³,100.0,50.644666544596355,50.644666544596355,50.644666544596355
2026-02-17 22:00:00+00:00,2026-02-17 23:00:00+00:00,Islamabad,PK,13137731,53.8,µg/m³,100.0,53.824833424886066,53.824833424886066,53.824833424886066
2026-02-17 23:00:00+00:00,2026-02-18 00:00:00+00:00,Islamabad,PK,13137731,45.4,µg/m³,100.0,45.35266672770182,45.35266672770182,45.35266672770182
2026-02-18 00:00:00+00:00,2026-02-18 01:00:00+00:00,Islamabad,PK,13137731,48.3,µg/m³,100.0,48.34872713955966,48.34872713955966,48.34872713955966
2026-02-18 01:00:00+00:00,2026-02-18 02:00:00+00:00,Islamabad,PK,13137731,38.4,µg/m³,100.0,38.40500030517578,38.40500030517578,38.40500030517578
2026-02-18 02:00:00+00:00,2026-02-18 03:00:00+00:00,Islamabad,PK,13137731,41.6,µg/m³,100.0,41.64745858510336,41.64745858510336,41.64745858510336
2026-02-18 03:00:00+00:00,2026-02-18 04:00:00+00:00,Islamabad,PK,13137731,45.7,µg/m³,100.0,45.72433369954427,45.72433369954427,45.72433369954427
2026-02-18 04:00:00+00:00,2026-02-18 05:00:00+00:00,Islamabad,PK,13137731,48.3,µg/m³,100.0,48.33649978637695,48.33649978637695,48.33649978637695
2026-02-18 05:00:00+00:00,2026-02-18 06:00:00+00:00,Islamabad,PK,13137731,55.8,µg/m³,100.0,55.75109114213422,55.75109114213422,55.75109114213422
2026-02-18 06:00:00+00:00,2026-02-18 07:00:00+00:00,Islamabad,PK,13137731,57.0,µg/m³,100.0,57.02949981689453,57.02949981689453,57.02949981689453
2026-02-18 07:00:00+00:00,2026-02-18 08:00:00+00:00,Islamabad,PK,13137731,54.3,µg/m³,100.0,54.32733357747395,54.32733357747395,54.32733357747395
2026-02-18 08:00:00+00:00,2026-02-18 09:00:00+00:00,Islamabad,PK,13137731,54.8,µg/m³,100.0,54.77216669718425,54.77216669718425,54.77216669718425
2026-02-18 09:00:00+00:00,2026-02-18 10:00:00+00:00,Islamabad,PK,13137731,42.6,µg/m³,100.0,42.56433308919271,42.56433308919271,42.56433308919271
2026-02-18 10:00:00+00:00,2026-02-18 11:00:00+00:00,Islamabad,PK,13137731,41.9,µg/m³,100.0,41.8913335164388,41.8913335164388,41.8913335164388
2026-02-18 11:00:00+00:00,2026-02-18 12:00:00+00:00,Islamabad,PK,13137731,40.4,µg/m³,100.0,40.41949996948242,40.41949996948242,40.41949996948242
2026-02-18 12:00:00+00:00,2026-02-18 13:00:00+00:00,Islamabad,PK,13137731,40.1,µg/m³,100.0,40.11149978637696,40.11149978637696,40.11149978637696
2026-02-18 13:00:00+00:00,2026-02-18 14:00:00+00:00,Islamabad,PK,13137731,39.5,µg/m³,100.0,39.47249984741211,39.47249984741211,39.47249984741211
2026-02-18 14:00:00+00:00,2026-02-18 15:00:00+00:00,Islamabad,PK,13137731,37.5,µg/m³,100.0,37.46199951171875,37.46199951171875,37.46199951171875
2026-02-18 15:00:00+00:00,2026-02-18 16:00:00+00:00,Islamabad,PK,13137731,44.0,µg/m³,100.0,44.026833852132164,44.026833852132164,44.026833852132164
2026-02-18 16:00:00+00:00,2026-02-18 17:00:00+00:00,Islamabad,PK,13137731,50.8,µg/m³,100.0,50.796833546956385,50.796833546956385,50.796833546956385
2026-02-18 17:00:00+00:00,2026-02-18 18:00:00+00:00,Islamabad,PK,13137731,52.4,µg/m³,100.0,52.3754997253418,52.3754997253418,52.3754997253418
2026-02-18 18:00:00+00:00,2026-02-18 19:00:00+00:00,Islamabad,PK,13137731,82.9,µg/m³,100.0,82.86383336385093,82.86383336385093,82.86383336385093
2026-02-18 19:00:00+00:00,2026-02-18 20:00:00+00:00,Islamabad,PK,13137731,95.2,µg/m³,100.0,95.21166636149087,95.21166636149087,95.21166636149087
2026-02-18 20:00:00+00:00,2026-02-18 21:00:00+00:00,Islamabad,PK,13137731,82.4,µg/m³,100.0,82.44700012207032,82.44700012207032,82.44700012207032
2026-02-18 21:00:00+00:00,2026-02-18 22:00:00+00:00,Islamabad,PK,13137731,87.8,µg/m³,100.0,87.83016688028972,87.83016688028972,87.83016688028972
2026-02-18 22:00:00+00:00,2026-02-18 23:00:00+00:00,Islamabad,PK,13137731,87.1,µg/m³,100.0,87.06054548783736,87.06054548783736,87.06054548783736
2026-02-18 23:00:00+00:00,2026-02-19 00:00:00+00:00,Islamabad,PK,13137731,90.7,µg/m³,100.0,90.7301668802897,90.7301668802897,90.7301668802897
2026-02-19 00:00:00+00:00,2026-02-19 01:00:00+00:00,Islamabad,PK,13137731,69.8,µg/m³,100.0,69.84766642252605,69.84766642252605,69.84766642252605
2026-02-19 01:00:00+00:00,2026-02-19 02:00:00+00:00,Islamabad,PK,13137731,52.6,µg/m³,100.0,52.61383336385091,52.61383336385091,52.61383336385091
2026-02-19 02:00:00+00:00,2026-02-19 03:00:00+00:00,Islamabad,PK,13137731,50.5,µg/m³,100.0,50.5056666056315,50.5056666056315,50.5056666056315
2026-02-19 03:00:00+00:00,2026-02-19 04:00:00+00:00,Islamabad,PK,13137731,52.4,µg/m³,100.0,52.38019989013672,52.38019989013672,52.38019989013672
2026-02-19 04:00:00+00:00,2026-02-19 05:00:00+00:00,Islamabad,PK,13137731,57.2,µg/m³,100.0,57.24499969482422,57.24499969482422,57.24499969482422
2026-02-19 05:00:00+00:00,2026-02-19 06:00:00+00:00,Islamabad,PK,13137731,55.5,µg/m³,100.0,55.54716669718425,55.54716669718425,55.54716669718425
2026-02-19 06:00:00+00:00,2026-02-19 07:00:00+00:00,Islamabad,PK,13137731,45.9,µg/m³,100.0,45.90533345540365,45.90533345540365,45.90533345540365
2026-02-19 07:00:00+00:00,2026-02-19 08:00:00+00:00,Islamabad,PK,13137731,41.3,µg/m³,100.0,41.333000183105476,41.333000183105476,41.333000183105476
2026-02-19 08:00:00+00:00,2026-02-19 09:00:00+00:00,Islamabad,PK,13137731,38.2,µg/m³,100.0,38.166333516438804,38.166333516438804,38.166333516438804
2026-02-19 09:00:00+00:00,2026-02-19 10:00:00+00:00,Islamabad,PK,13137731,36.1,µg/m³,100.0,36.0918332417806,36.0918332417806,36.0918332417806
2026-02-19 10:00:00+00:00,2026-02-19 11:00:00+00:00,Islamabad,PK,13137731,32.8,µg/m³,100.0,32.84433329900106,32.84433329900106,32.84433329900106
2026-02-19 11:00:00+00:00,2026-02-19 12:00:00+00:00,Islamabad,PK,13137731,32.2,µg/m³,100.0,32.2421664873759,32.2421664873759,32.2421664873759
2026-02-19 12:00:00+00:00,2026-02-19 13:00:00+00:00,Islamabad,PK,13137731,32.7,µg/m³,100.0,32.72783311208089,32.72783311208089,32.72783311208089
2026-02-19 13:00:00+00:00,2026-02-19 14:00:00+00:00,Islamabad,PK,13137731,42.2,µg/m³,100.0,42.1611666361491,42.1611666361491,42.1611666361491
2026-02-19 14:00:00+00:00,2026-02-19 15:00:00+00:00,Islamabad,PK,13137731,48.5,µg/m³,100.0,48.49433339436849,48.49433339436849,48.49433339436849
2026-02-19 15:00:00+00:00,2026-02-19 16:00:00+00:00,Islamabad,PK,13137731,58.2,µg/m³,100.0,58.22799987792968,58.22799987792968,58.22799987792968
2026-02-19 16:00:00+00:00,2026-02-19 17:00:00+00:00,Islamabad,PK,13137731,77.8,µg/m³,100.0,77.84416681925457,77.84416681925457,77.84416681925457
2026-02-19 17:00:00+00:00,2026-02-19 18:00:00+00:00,Islamabad,PK,13137731,66.5,µg/m³,100.0,66.54433339436848,66.54433339436848,66.54433339436848
2026-02-19 18:00:00+00:00,2026-02-19 19:00:00+00:00,Islamabad,PK,13137731,77.8,µg/m³,100.0,77.83600006103516,77.83600006103516,77.83600006103516
2026-02-19 19:00:00+00:00,2026-02-19 20:00:00+00:00,Islamabad,PK,13137731,47.4,µg/m³,100.0,47.43349990844727,47.43349990844727,47.43349990844727
2026-02-19 20:00:00+00:00,2026-02-19 21:00:00+00:00,Islamabad,PK,13137731,52.9,µg/m³,100.0,52.878333028157556,52.878333028157556,52.878333028157556
2026-02-19 21:00:00+00:00,2026-02-19 22:00:00+00:00,Islamabad,PK,13137731,58.5,µg/m³,100.0,58.5275001525879,58.5275001525879,58.5275001525879
2026-02-19 22:00:00+00:00,2026-02-19 23:00:00+00:00,Islamabad,PK,13137731,63.0,µg/m³,100.0,63.0081667582194,63.0081667582194,63.0081667582194
2026-02-19 23:00:00+00:00,2026-02-20 00:00:00+00:00,Islamabad,PK,13137731,62.4,µg/m³,100.0,62.422166697184245,62.422166697184245,62.422166697184245
2026-02-20 00:00:00+00:00,2026-02-20 01:00:00+00:00,Islamabad,PK,13137731,70.7,µg/m³,100.0,70.65849990844727,70.65849990844727,70.65849990844727
2026-02-20 01:00:00+00:00,2026-02-20 02:00:00+00:00,Islamabad,PK,13137731,65.6,µg/m³,100.0,65.62716700236003,65.62716700236003,65.62716700236003
2026-02-20 02:00:00+00:00,2026-02-20 03:00:00+00:00,Islamabad,PK,13137731,75.3,µg/m³,100.0,75.34966684977213,75.34966684977213,75.34966684977213
2026-02-20 03:00:00+00:00,2026-02-20 04:00:00+00:00,Islamabad,PK,13137731,70.7,µg/m³,100.0,70.72549972534179,70.72549972534179,70.72549972534179
2026-02-20 04:00:00+00:00,2026-02-20 05:00:00+00:00,Islamabad,PK,13137731,60.2,µg/m³,100.0,60.16949996948242,60.16949996948242,60.16949996948242
2026-02-20 05:00:00+00:00,2026-02-20 06:00:00+00:00,Islamabad,PK,13137731,50.8,µg/m³,100.0,50.755333455403644,50.755333455403644,50.755333455403644
2026-02-20 06:00:00+00:00,2026-02-20 07:00:00+00:00,Islamabad,PK,13137731,46.6,µg/m³,100.0,46.57466634114584,46.57466634114584,46.57466634114584
2026-02-20 07:00:00+00:00,2026-02-20 08:00:00+00:00,Islamabad,PK,13137731,40.1,µg/m³,100.0,40.08960021972656,40.08960021972656,40.08960021972656
2026-02-20 08:00:00+00:00,2026-02-20 09:00:00+00:00,Islamabad,PK,13137731,37.4,µg/m³,100.0,37.42454528808594,37.42454528808594,37.42454528808594
2026-02-20 09:00:00+00:00,2026-02-20 10:00:00+00:00,Islamabad,PK,13137731,39.2,µg/m³,100.0,39.21983311971029,39.21983311971029,39.21983311971029
2026-02-20 10:00:00+00:00,2026-02-20 11:00:00+00:00,Islamabad,PK,13137731,42.5,µg/m³,100.0,42.541833241780594,42.541833241780594,42.541833241780594
2026-02-20 11:00:00+00:00,2026-02-20 12:00:00+00:00,Islamabad,PK,13137731,45.4,µg/m³,100.0,45.44433339436849,45.44433339436849,45.44433339436849
2026-02-20 12:00:00+00:00,2026-02-20 13:00:00+00:00,Islamabad,PK,13137731,44.1,µg/m³,100.0,44.14416681925456,44.14416681925456,44.14416681925456
2026-02-20 13:00:00+00:00,2026-02-20 14:00:00+00:00,Islamabad,PK,13137731,47.0,µg/m³,100.0,47.00783360799153,47.00783360799153,47.00783360799153
2026-02-20 14:00:00+00:00,2026-02-20 15:00:00+00:00,Islamabad,PK,13137731,55.8,µg/m³,100.0,55.83237514495849,55.83237514495849,55.83237514495849
2026-02-20 15:00:00+00:00,2026-02-20 16:00:00+00:00,Islamabad,PK,13137731,70.8,µg/m³,100.0,70.84983342488606,70.84983342488606,70.84983342488606
2026-02-20 16:00:00+00:00,2026-02-20 17:00:00+00:00,Islamabad,PK,13137731,64.9,µg/m³,100.0,64.88833363850911,64.88833363850911,64.88833363850911
2026-02-20 17:00:00+00:00,2026-02-20 18:00:00+00:00,Islamabad,PK,13137731,49.5,µg/m³,100.0,49.51949996948242,49.51949996948242,49.51949996948242
2026-02-20 18:00:00+00:00,2026-02-20 19:00:00+00:00,Islamabad,PK,13137731,46.2,µg/m³,100.0,46.15266672770182,46.15266672770182,46.15266672770182
2026-02-20 19:00:00+00:00,2026-02-20 20:00:00+00:00,Islamabad,PK,13137731,44.9,µg/m³,100.0,44.86999969482421,44.86999969482421,44.86999969482421
2026-02-20 20:00:00+00:00,2026-02-20 21:00:00+00:00,Islamabad,PK,13137731,48.6,µg/m³,100.0,48.6086664835612,48.6086664835612,48.6086664835612
2026-02-20 21:00:00+00:00,2026-02-20 22:00:00+00:00,Islamabad,PK,13137731,46.8,µg/m³,100.0,46.809166208903,46.809166208903,46.809166208903
2026-02-20 22:00:00+00:00,2026-02-20 23:00:00+00:00,Islamabad,PK,13137731,47.6,µg/m³,100.0,47.64433339436849,47.64433339436849,47.64433339436849
2026-02-20 23:00:00+00:00,2026-02-21 00:00:00+00:00,Islamabad,PK,13137731,54.6,µg/m³,100.0,54.64449996948242,54.64449996948242,54.64449996948242
2026-02-21 00:00:00+00:00,2026-02-21 01:00:00+00:00,Islamabad,PK,13137731,59.9,µg/m³,100.0,59.87966715494792,59.87966715494792,59.87966715494792
2026-02-21 01:00:00+00:00,2026-02-21 02:00:00+00:00,Islamabad,PK,13137731,67.1,µg/m³,100.0,67.0668332417806,67.0668332417806,67.0668332417806
2026-02-21 02:00:00+00:00,2026-02-21 03:00:00+00:00,Islamabad,PK,13137731,55.2,µg/m³,100.0,55.243667093912755,55.243667093912755,55.243667093912755
2026-02-21 03:00:00+00:00,2026-02-21 04:00:00+00:00,Islamabad,PK,13137731,49.7,µg/m³,100.0,49.73349990844727,49.73349990844727,49.73349990844727
2026-02-21 04:00:00+00:00,2026-02-21 05:00:00+00:00,Islamabad,PK,13137731,51.7,µg/m³,100.0,51.68633321126302,51.68633321126302,51.68633321126302
2026-02-21 05:00:00+00:00,2026-02-21 06:00:00+00:00,Islamabad,PK,13137731,54.8,µg/m³,100.0,54.79983342488607,54.79983342488607,54.79983342488607
2026-02-21 06:00:00+00:00,2026-02-21 07:00:00+00:00,Islamabad,PK,13137731,54.2,µg/m³,100.0,54.23349990844727,54.23349990844727,54.23349990844727
2026-02-21 07:00:00+00:00,2026-02-21 08:00:00+00:00,Islamabad,PK,13137731,45.6,µg/m³,100.0,45.60550003051758,45.60550003051758,45.60550003051758
2026-02-21 08:00:00+00:00,2026-02-21 09:00:00+00:00,Islamabad,PK,13137731,47.1,µg/m³,100.0,47.12216669718425,47.12216669718425,47.12216669718425
2026-02-21 09:00:00+00:00,2026-02-21 10:00:00+00:00,Islamabad,PK,13137731,52.0,µg/m³,100.0,51.983000183105474,51.983000183105474,51.983000183105474
2026-02-21 10:00:00+00:00,2026-02-21 11:00:00+00:00,Islamabad,PK,13137731,49.2,µg/m³,100.0,49.18050003051758,49.18050003051758,49.18050003051758
2026-02-21 11:00:00+00:00,2026-02-21 12:00:00+00:00,Islamabad,PK,13137731,43.6,µg/m³,100.0,43.61966654459635,43.61966654459635,43.61966654459635
2026-02-21 12:00:00+00:00,2026-02-21 13:00:00+00:00,Islamabad,PK,13137731,43.4,µg/m³,100.0,43.42483342488607,43.42483342488607,43.42483342488607
2026-02-21 13:00:00+00:00,2026-02-21 14:00:00+00:00,Islamabad,PK,13137731,40.6,µg/m³,100.0,40.60833333333333,40.60833333333333,40.60833333333333
2026-02-21 14:00:00+00:00,2026-02-21 15:00:00+00:00,Islamabad,PK,13137731,41.2,µg/m³,100.0,41.23866678873698,41.23866678873698,41.23866678873698
2026-02-21 15:00:00+00:00,2026-02-21 16:00:00+00:00,Islamabad,PK,13137731,39.0,µg/m³,100.0,38.99366709391276,38.99366709391276,38.99366709391276
2026-02-21 16:00:00+00:00,2026-02-21 17:00:00+00:00,Islamabad,PK,13137731,42.3,µg/m³,100.0,42.32266642252604,42.32266642252604,42.32266642252604
2026-02-21 17:00:00+00:00,2026-02-21 18:00:00+00:00,Islamabad,PK,13137731,45.6,µg/m³,100.0,45.60016657511394,45.60016657511394,45.60016657511394
2026-02-21 18:00:00+00:00,2026-02-21 19:00:00+00:00,Islamabad,PK,13137731,50.7,µg/m³,100.0,50.71616694132487,50.71616694132487,50.71616694132487
2026-02-21 19:00:00+00:00,2026-02-21 20:00:00+00:00,Islamabad,PK,13137731,47.3,µg/m³,100.0,47.33050003051756,47.33050003051756,47.33050003051756
2026-02-21 20:00:00+00:00,2026-02-21 21:00:00+00:00,Islamabad,PK,13137731,45.6,µg/m³,100.0,45.63600006103516,45.63600006103516,45.63600006103516
2026-02-21 21:00:00+00:00,2026-02-21 22:00:00+00:00,Islamabad,PK,13137731,45.5,µg/m³,100.0,45.497999572753905,45.497999572753905,45.497999572753905
2026-02-21 22:00:00+00:00,2026-02-21 23:00:00+00:00,Islamabad,PK,13137731,46.3,µg/m³,100.0,46.25000000000001,46.25000000000001,46.25000000000001
2026-02-21 23:00:00+00:00,2026-02-22 00:00:00+00:00,Islamabad,PK,13137731,55.1,µg/m³,100.0,55.11433308919271,55.11433308919271,55.11433308919271
2026-02-22 00:00:00+00:00,2026-02-22 01:00:00+00:00,Islamabad,PK,13137731,66.8,µg/m³,100.0,66.77216669718425,66.77216669718425,66.77216669718425
2026-02-22 01:00:00+00:00,2026-02-22 02:00:00+00:00,Islamabad,PK,13137731,47.4,µg/m³,100.0,47.38066660563152,47.38066660563152,47.38066660563152
2026-02-22 02:00:00+00:00,2026-02-22 03:00:00+00:00,Islamabad,PK,13137731,46.7,µg/m³,100.0,46.66116663614909,46.66116663614909,46.66116663614909
2026-02-22 03:00:00+00:00,2026-02-22 04:00:00+00:00,Islamabad,PK,13137731,43.6,µg/m³,100.0,43.58283360799154,43.58283360799154,43.58283360799154
2026-02-22 04:00:00+00:00,2026-02-22 05:00:00+00:00,Islamabad,PK,13137731,42.3,µg/m³,100.0,42.32233327229818,42.32233327229818,42.32233327229818
2026-02-22 05:00:00+00:00,2026-02-22 06:00:00+00:00,Islamabad,PK,13137731,41.5,µg/m³,100.0,41.46650009155274,41.46650009155274,41.46650009155274
2026-02-22 06:00:00+00:00,2026-02-22 07:00:00+00:00,Islamabad,PK,13137731,40.0,µg/m³,100.0,40.041666666666664,40.041666666666664,40.041666666666664
2026-02-22 07:00:00+00:00,2026-02-22 08:00:00+00:00,Islamabad,PK,13137731,39.8,µg/m³,100.0,39.8,39.8,39.8
2026-02-22 08:00:00+00:00,2026-02-22 09:00:00+00:00,Islamabad,PK,13137731,39.0,µg/m³,100.0,38.96399993896485,38.96399993896485,38.96399993896485
2026-02-22 09:00:00+00:00,2026-02-22 10:00:00+00:00,Islamabad,PK,13137731,38.0,µg/m³,100.0,37.97466684977213,37.97466684977213,37.97466684977213
2026-02-22 10:00:00+00:00,2026-02-22 11:00:00+00:00,Islamabad,PK,13137731,36.9,µg/m³,100.0,36.86650009155273,36.86650009155273,36.86650009155273
2026-02-22 11:00:00+00:00,2026-02-22 12:00:00+00:00,Islamabad,PK,13137731,36.2,µg/m³,100.0,36.18050003051757,36.18050003051757,36.18050003051757
2026-02-22 12:00:00+00:00,2026-02-22 13:00:00+00:00,Islamabad,PK,13137731,37.2,µg/m³,100.0,37.159166208902995,37.159166208902995,37.159166208902995
2026-02-22 13:00:00+00:00,2026-02-22 14:00:00+00:00,Islamabad,PK,13137731,39.7,µg/m³,100.0,39.708499908447266,39.708499908447266,39.708499908447266
2026-02-22 14:00:00+00:00,2026-02-22 15:00:00+00:00,Islamabad,PK,13137731,41.4,µg/m³,100.0,41.419333394368486,41.419333394368486,41.419333394368486
2026-02-22 15:00:00+00:00,2026-02-22 16:00:00+00:00,Islamabad,PK,13137731,43.0,µg/m³,100.0,42.96183293660482,42.96183293660482,42.96183293660482
2026-02-22 16:00:00+00:00,2026-02-22 17:00:00+00:00,Islamabad,PK,13137731,42.4,µg/m³,100.0,42.37483342488607,42.37483342488607,42.37483342488607
2026-02-22 17:00:00+00:00,2026-02-22 18:00:00+00:00,Islamabad,PK,13137731,43.1,µg/m³,100.0,43.089333089192706,43.089333089192706,43.089333089192706
2026-02-22 18:00:00+00:00,2026-02-22 19:00:00+00:00,Islamabad,PK,13137731,42.5,µg/m³,100.0,42.48083318074544,42.48083318074544,42.48083318074544
2026-02-22 19:00:00+00:00,2026-02-22 20:00:00+00:00,Islamabad,PK,13137731,46.1,µg/m³,100.0,46.06133321126302,46.06133321126302,46.06133321126302
2026-02-22 20:00:00+00:00,2026-02-22 21:00:00+00:00,Islamabad,PK,13137731,47.8,µg/m³,100.0,47.77233327229817,47.77233327229817,47.77233327229817
2026-02-22 21:00:00+00:00,2026-02-22 22:00:00+00:00,Islamabad,PK,13137731,50.1,µg/m³,100.0,50.06933339436849,50.06933339436849,50.06933339436849
2026-02-22 22:00:00+00:00,2026-02-22 23:00:00+00:00,Islamabad,PK,13137731,51.4,µg/m³,100.0,51.38181818181818,51.38181818181818,51.38181818181818
2026-02-22 23:00:00+00:00,2026-02-23 00:00:00+00:00,Islamabad,PK,13137731,48.4,µg/m³,100.0,48.43933308919271,48.43933308919271,48.43933308919271
2026-02-23 00:00:00+00:00,2026-02-23 01:00:00+00:00,Islamabad,PK,13137731,38.9,µg/m³,100.0,38.855333455403645,38.855333455403645,38.855333455403645
2026-02-23 01:00:00+00:00,2026-02-23 02:00:00+00:00,Islamabad,PK,13137731,37.7,µg/m³,100.0,37.66449966430664,37.66449966430664,37.66449966430664
2026-02-23 02:00:00+00:00,2026-02-23 03:00:00+00:00,Islamabad,PK,13137731,39.3,µg/m³,100.0,39.27262516021728,39.27262516021728,39.27262516021728
2026-02-23 03:00:00+00:00,2026-02-23 04:00:00+00:00,Islamabad,PK,13137731,36.6,µg/m³,100.0,36.59199978510539,36.59199978510539,36.59199978510539
2026-02-23 04:00:00+00:00,2026-02-23 05:00:00+00:00,Islamabad,PK,13137731,31.2,µg/m³,100.0,31.191500059763595,31.191500059763595,31.191500059763595
2026-02-23 05:00:00+00:00,2026-02-23 06:00:00+00:00,Islamabad,PK,13137731,27.9,µg/m³,100.0,27.921499983469648,27.921499983469648,27.921499983469648
2026-02-23 06:00:00+00:00,2026-02-23 07:00:00+00:00,Islamabad,PK,13137731,25.3,µg/m³,100.0,25.31400000254313,25.31400000254313,25.31400000254313
2026-02-23 07:00:00+00:00,2026-02-23 08:00:00+00:00,Islamabad,PK,13137731,22.3,µg/m³,100.0,22.32449998855591,22.32449998855591,22.32449998855591
2026-02-23 08:00:00+00:00,2026-02-23 09:00:00+00:00,Islamabad,PK,13137731,20.1,µg/m³,100.0,20.075,20.075,20.075
2026-02-23 09:00:00+00:00,2026-02-23 10:00:00+00:00,Islamabad,PK,13137731,20.8,µg/m³,100.0,20.801291664441425,20.801291664441425,20.801291664441425
2026-02-23 10:00:00+00:00,2026-02-23 11:00:00+00:00,Islamabad,PK,13137731,23.1,µg/m³,100.0,23.08316666285197,23.08316666285197,23.08316666285197
2026-02-23 11:00:00+00:00,2026-02-23 12:00:00+00:00,Islamabad,PK,13137731,23.9,µg/m³,100.0,23.91741666793823,23.91741666793823,23.91741666793823
2026-02-23 12:00:00+00:00,2026-02-23 13:00:00+00:00,Islamabad,PK,13137731,25.6,µg/m³,100.0,25.56083332697551,25.56083332697551,25.56083332697551
2026-02-23 13:00:00+00:00,2026-02-23 14:00:00+00:00,Islamabad,PK,13137731,28.1,µg/m³,100.0,28.128000005086264,28.128000005086264,28.128000005086264
2026-02-23 14:00:00+00:00,2026-02-23 15:00:00+00:00,Islamabad,PK,13137731,28.0,µg/m³,100.0,28.001833311716712,28.001833311716712,28.001833311716712
2026-02-23 15:00:00+00:00,2026-02-23 16:00:00+00:00,Islamabad,PK,13137731,28.6,µg/m³,100.0,28.555499998728436,28.555499998728436,28.555499998728436
2026-02-23 16:00:00+00:00,2026-02-23 17:00:00+00:00,Islamabad,PK,13137731,29.2,µg/m³,100.0,29.222000026702883,29.222000026702883,29.222000026702883
2026-02-23 17:00:00+00:00,2026-02-23 18:00:00+00:00,Islamabad,PK,13137731,29.4,µg/m³,100.0,29.400000000000002,29.400000000000002,29.400000000000002
2026-02-23 18:00:00+00:00,2026-02-23 19:00:00+00:00,Islamabad,PK,13137731,31.1,µg/m³,100.0,31.116000048319503,31.116000048319503,31.116000048319503
2026-02-23 19:00:00+00:00,2026-02-23 20:00:00+00:00,Islamabad,PK,13137731,36.0,µg/m³,100.0,35.974999999999994,35.974999999999994,35.974999999999994
2026-02-23 20:00:00+00:00,2026-02-23 21:00:00+00:00,Islamabad,PK,13137731,39.5,µg/m³,100.0,39.51933339436849,39.51933339436849,39.51933339436849
2026-02-23 21:00:00+00:00,2026-02-23 22:00:00+00:00,Islamabad,PK,13137731,37.7,µg/m³,100.0,37.675000000000004,37.675000000000004,37.675000000000004
2026-02-23 22:00:00+00:00,2026-02-23 23:00:00+00:00,Islamabad,PK,13137731,37.6,µg/m³,100.0,37.619499969482426,37.619499969482426,37.619499969482426
2026-02-23 23:00:00+00:00,2026-02-24 00:00:00+00:00,Islamabad,PK,13137731,42.7,µg/m³,100.0,42.697333272298174,42.697333272298174,42.697333272298174
2026-02-24 00:00:00+00:00,2026-02-24 01:00:00+00:00,Islamabad,PK,13137731,59.0,µg/m³,100.0,59.008499908447256,59.008499908447256,59.008499908447256
2026-02-24 01:00:00+00:00,2026-02-24 02:00:00+00:00,Islamabad,PK,13137731,48.9,µg/m³,100.0,48.87036327015271,48.87036327015271,48.87036327015271
2026-02-24 02:00:00+00:00,2026-02-24 03:00:00+00:00,Islamabad,PK,13137731,103.0,µg/m³,100.0,103.3305000305176,103.3305000305176,103.3305000305176
2026-02-24 03:00:00+00:00,2026-02-24 04:00:00+00:00,Islamabad,PK,13137731,130.0,µg/m³,100.0,129.96650009155272,129.96650009155272,129.96650009155272
2026-02-24 04:00:00+00:00,2026-02-24 05:00:00+00:00,Islamabad,PK,13137731,160.0,µg/m³,100.0,160.2418332417806,160.2418332417806,160.2418332417806
2026-02-24 05:00:00+00:00,2026-02-24 06:00:00+00:00,Islamabad,PK,13137731,121.0,µg/m³,100.0,120.94700012207029,120.94700012207029,120.94700012207029
2026-02-24 06:00:00+00:00,2026-02-24 07:00:00+00:00,Islamabad,PK,13137731,91.4,µg/m³,100.0,91.43866678873697,91.43866678873697,91.43866678873697
2026-02-24 07:00:00+00:00,2026-02-24 08:00:00+00:00,Islamabad,PK,13137731,68.7,µg/m³,100.0,68.70266672770181,68.70266672770181,68.70266672770181
2026-02-24 08:00:00+00:00,2026-02-24 09:00:00+00:00,Islamabad,PK,13137731,72.5,µg/m³,100.0,72.5,72.5,72.5
2026-02-24 09:00:00+00:00,2026-02-24 10:00:00+00:00,Islamabad,PK,13137731,114.0,µg/m³,100.0,114.1,114.1,114.1
2026-02-24 10:00:00+00:00,2026-02-24 11:00:00+00:00,Islamabad,PK,13137731,74.6,µg/m³,100.0,74.6,74.6,74.6
2026-02-24 11:00:00+00:00,2026-02-24 12:00:00+00:00,Islamabad,PK,13137731,47.8,µg/m³,100.0,47.8,47.8,47.8
2026-02-24 12:00:00+00:00,2026-02-24 13:00:00+00:00,Islamabad,PK,13137731,37.8,µg/m³,100.0,37.8,37.8,37.8
2026-02-24 13:00:00+00:00,2026-02-24 14:00:00+00:00,Islamabad,PK,13137731,41.7,µg/m³,100.0,41.7,41.7,41.7
2026-02-24 14:00:00+00:00,2026-02-24 15:00:00+00:00,Islamabad,PK,13137731,45.0,µg/m³,100.0,45.0,45.0,45.0
2026-02-24 15:00:00+00:00,2026-02-24 16:00:00+00:00,Islamabad,PK,13137731,44.9,µg/m³,100.0,44.9,44.9,44.9
2026-02-24 16:00:00+00:00,2026-02-24 17:00:00+00:00,Islamabad,PK,13137731,48.4,µg/m³,100.0,48.4,48.4,48.4
2026-02-24 17:00:00+00:00,2026-02-24 18:00:00+00:00,Islamabad,PK,13137731,47.6,µg/m³,100.0,47.6,47.6,47.6
2026-02-24 18:00:00+00:00,2026-02-24 19:00:00+00:00,Islamabad,PK,13137731,58.5,µg/m³,100.0,58.5,58.5,58.5
2026-02-24 19:00:00+00:00,2026-02-24 20:00:00+00:00,Islamabad,PK,13137731,95.0,µg/m³,100.0,95.0,95.0,95.0
2026-02-24 20:00:00+00:00,2026-02-24 21:00:00+00:00,Islamabad,PK,13137731,110.0,µg/m³,100.0,110.2,110.2,110.2
2026-02-24 21:00:00+00:00,2026-02-24 22:00:00+00:00,Islamabad,PK,13137731,86.5,µg/m³,100.0,86.5,86.5,86.5
2026-02-24 22:00:00+00:00,2026-02-24 23:00:00+00:00,Islamabad,PK,13137731,42.2,µg/m³,100.0,42.2,42.2,42.2
2026-02-24 23:00:00+00:00,2026-02-25 00:00:00+00:00,Islamabad,PK,13137731,50.9,µg/m³,100.0,50.9,50.9,50.9
2026-02-25 00:00:00+00:00,2026-02-25 01:00:00+00:00,Islamabad,PK,13137731,51.8,µg/m³,100.0,51.8,51.8,51.8
2026-02-25 01:00:00+00:00,2026-02-25 02:00:00+00:00,Islamabad,PK,13137731,53.7,µg/m³,100.0,53.7,53.7,53.7
2026-02-25 02:00:00+00:00,2026-02-25 03:00:00+00:00,Islamabad,PK,13137731,134.0,µg/m³,100.0,134.4,134.4,134.4
2026-02-25 03:00:00+00:00,2026-02-25 04:00:00+00:00,Islamabad,PK,13137731,141.0,µg/m³,100.0,140.6,140.6,140.6
2026-02-25 04:00:00+00:00,2026-02-25 05:00:00+00:00,Islamabad,PK,13137731,189.0,µg/m³,100.0,189.2,189.2,189.2
2026-02-25 05:00:00+00:00,2026-02-25 06:00:00+00:00,Islamabad,PK,13137731,114.0,µg/m³,100.0,113.8,113.8,113.8
2026-02-25 06:00:00+00:00,2026-02-25 07:00:00+00:00,Islamabad,PK,13137731,88.3,µg/m³,100.0,88.3,88.3,88.3
2026-02-25 07:00:00+00:00,2026-02-25 08:00:00+00:00,Islamabad,PK,13137731,120.0,µg/m³,100.0,119.5,119.5,119.5
2026-02-25 08:00:00+00:00,2026-02-25 09:00:00+00:00,Islamabad,PK,13137731,85.3,µg/m³,100.0,85.3,85.3,85.3
2026-02-25 09:00:00+00:00,2026-02-25 10:00:00+00:00,Islamabad,PK,13137731,60.8,µg/m³,100.0,60.8,60.8,60.8
2026-02-25 10:00:00+00:00,2026-02-25 11:00:00+00:00,Islamabad,PK,13137731,37.0,µg/m³,100.0,37.0,37.0,37.0
2026-02-25 11:00:00+00:00,2026-02-25 12:00:00+00:00,Islamabad,PK,13137731,27.7,µg/m³,100.0,27.7,27.7,27.7
2026-02-25 12:00:00+00:00,2026-02-25 13:00:00+00:00,Islamabad,PK,13137731,24.6,µg/m³,100.0,24.6,24.6,24.6
2026-02-25 13:00:00+00:00,2026-02-25 14:00:00+00:00,Islamabad,PK,13137731,28.8,µg/m³,100.0,28.8,28.8,28.8
2026-02-25 14:00:00+00:00,2026-02-25 15:00:00+00:00,Islamabad,PK,13137731,31.2,µg/m³,100.0,31.2,31.2,31.2
2026-02-25 15:00:00+00:00,2026-02-25 16:00:00+00:00,Islamabad,PK,13137731,30.3,µg/m³,100.0,30.3,30.3,30.3
2026-02-25 16:00:00+00:00,2026-02-25 17:00:00+00:00,Islamabad,PK,13137731,31.4,µg/m³,100.0,31.4,31.4,31.4
2026-02-25 17:00:00+00:00,2026-02-25 18:00:00+00:00,Islamabad,PK,13137731,29.1,µg/m³,100.0,29.1,29.1,29.1
2026-02-25 18:00:00+00:00,2026-02-25 19:00:00+00:00,Islamabad,PK,13137731,29.4,µg/m³,100.0,29.4,29.4,29.4
2026-02-25 19:00:00+00:00,2026-02-25 20:00:00+00:00,Islamabad,PK,13137731,28.5,µg/m³,100.0,28.5,28.5,28.5
2026-02-25 20:00:00+00:00,2026-02-25 21:00:00+00:00,Islamabad,PK,13137731,32.4,µg/m³,100.0,32.4,32.4,32.4
2026-02-25 21:00:00+00:00,2026-02-25 22:00:00+00:00,Islamabad,PK,13137731,37.7,µg/m³,100.0,37.7,37.7,37.7
2026-02-25 22:00:00+00:00,2026-02-25 23:00:00+00:00,Islamabad,PK,13137731,40.9,µg/m³,100.0,40.9,40.9,40.9
2026-02-25 23:00:00+00:00,2026-02-26 00:00:00+00:00,Islamabad,PK,13137731,39.6,µg/m³,100.0,39.6,39.6,39.6
2026-02-26 00:00:00+00:00,2026-02-26 01:00:00+00:00,Islamabad,PK,13137731,40.4,µg/m³,100.0,40.4,40.4,40.4
2026-02-26 01:00:00+00:00,2026-02-26 02:00:00+00:00,Islamabad,PK,13137731,44.1,µg/m³,100.0,44.1,44.1,44.1
2026-02-26 02:00:00+00:00,2026-02-26 03:00:00+00:00,Islamabad,PK,13137731,45.9,µg/m³,100.0,45.9,45.9,45.9
2026-02-26 03:00:00+00:00,2026-02-26 04:00:00+00:00,Islamabad,PK,13137731,37.8,µg/m³,100.0,37.8,37.8,37.8
2026-02-26 04:00:00+00:00,2026-02-26 05:00:00+00:00,Islamabad,PK,13137731,29.6,µg/m³,100.0,29.6,29.6,29.6
2026-02-26 05:00:00+00:00,2026-02-26 06:00:00+00:00,Islamabad,PK,13137731,32.0,µg/m³,100.0,32.0,32.0,32.0
2026-02-26 06:00:00+00:00,2026-02-26 07:00:00+00:00,Islamabad,PK,13137731,44.3,µg/m³,100.0,44.3,44.3,44.3
2026-02-26 07:00:00+00:00,2026-02-26 08:00:00+00:00,Islamabad,PK,13137731,38.5,µg/m³,100.0,38.5,38.5,38.5
2026-02-26 08:00:00+00:00,2026-02-26 09:00:00+00:00,Islamabad,PK,13137731,32.7,µg/m³,100.0,32.7,32.7,32.7
2026-02-26 09:00:00+00:00,2026-02-26 10:00:00+00:00,Islamabad,PK,13137731,34.1,µg/m³,100.0,34.1,34.1,34.1
2026-02-26 10:00:00+00:00,2026-02-26 11:00:00+00:00,Islamabad,PK,13137731,31.4,µg/m³,100.0,31.4,31.4,31.4
2026-02-26 11:00:00+00:00,2026-02-26 12:00:00+00:00,Islamabad,PK,13137731,27.3,µg/m³,100.0,27.3,27.3,27.3
2026-02-26 12:00:00+00:00,2026-02-26 13:00:00+00:00,Islamabad,PK,13137731,28.5,µg/m³,100.0,28.5,28.5,28.5
2026-02-26 13:00:00+00:00,2026-02-26 14:00:00+00:00,Islamabad,PK,13137731,26.7,µg/m³,100.0,26.7,26.7,26.7
2026-02-26 14:00:00+00:00,2026-02-26 15:00:00+00:00,Islamabad,PK,13137731,24.6,µg/m³,100.0,24.6,24.6,24.6
2026-02-26 15:00:00+00:00,2026-02-26 16:00:00+00:00,Islamabad,PK,13137731,26.0,µg/m³,100.0,26.0,26.0,26.0
2026-02-26 16:00:00+00:00,2026-02-26 17:00:00+00:00,Islamabad,PK,13137731,23.9,µg/m³,100.0,23.9,23.9,23.9
2026-02-26 17:00:00+00:00,2026-02-26 18:00:00+00:00,Islamabad,PK,13137731,34.3,µg/m³,100.0,34.3,34.3,34.3
2026-02-26 18:00:00+00:00,2026-02-26 19:00:00+00:00,Islamabad,PK,13137731,29.7,µg/m³,100.0,29.7,29.7,29.7
2026-02-26 19:00:00+00:00,2026-02-26 20:00:00+00:00,Islamabad,PK,13137731,23.9,µg/m³,100.0,23.9,23.9,23.9
2026-02-26 20:00:00+00:00,2026-02-26 21:00:00+00:00,Islamabad,PK,13137731,16.6,µg/m³,100.0,16.6,16.6,16.6
2026-02-26 21:00:00+00:00,2026-02-26 22:00:00+00:00,Islamabad,PK,13137731,12.3,µg/m³,100.0,12.3,12.3,12.3
2026-02-26 22:00:00+00:00,2026-02-26 23:00:00+00:00,Islamabad,PK,13137731,15.7,µg/m³,100.0,15.7,15.7,15.7
2026-02-26 23:00:00+00:00,2026-02-27 00:00:00+00:00,Islamabad,PK,13137731,18.2,µg/m³,100.0,18.2,18.2,18.2
2026-02-27 00:00:00+00:00,2026-02-27 01:00:00+00:00,Islamabad,PK,13137731,19.4,µg/m³,100.0,19.4,19.4,19.4
2026-02-27 01:00:00+00:00,2026-02-27 02:00:00+00:00,Islamabad,PK,13137731,20.3,µg/m³,100.0,20.3,20.3,20.3
2026-02-27 02:00:00+00:00,2026-02-27 03:00:00+00:00,Islamabad,PK,13137731,23.8,µg/m³,100.0,23.8,23.8,23.8
2026-02-27 03:00:00+00:00,2026-02-27 04:00:00+00:00,Islamabad,PK,13137731,24.1,µg/m³,100.0,24.1,24.1,24.1
2026-02-27 04:00:00+00:00,2026-02-27 05:00:00+00:00,Islamabad,PK,13137731,26.0,µg/m³,100.0,26.0,26.0,26.0
2026-02-27 05:00:00+00:00,2026-02-27 06:00:00+00:00,Islamabad,PK,13137731,25.4,µg/m³,100.0,25.4,25.4,25.4
2026-02-27 06:00:00+00:00,2026-02-27 07:00:00+00:00,Islamabad,PK,13137731,28.4,µg/m³,100.0,28.4,28.4,28.4
2026-02-27 07:00:00+00:00,2026-02-27 08:00:00+00:00,Islamabad,PK,13137731,27.7,µg/m³,100.0,27.7,27.7,27.7
2026-02-27 08:00:00+00:00,2026-02-27 09:00:00+00:00,Islamabad,PK,13137731,28.3,µg/m³,100.0,28.3,28.3,28.3
2026-02-27 09:00:00+00:00,2026-02-27 10:00:00+00:00,Islamabad,PK,13137731,31.0,µg/m³,100.0,31.0,31.0,31.0
2026-02-27 10:00:00+00:00,2026-02-27 11:00:00+00:00,Islamabad,PK,13137731,32.4,µg/m³,100.0,32.4,32.4,32.4
2026-02-27 11:00:00+00:00,2026-02-27 12:00:00+00:00,Islamabad,PK,13137731,33.2,µg/m³,100.0,33.2,33.2,33.2
2026-02-27 12:00:00+00:00,2026-02-27 13:00:00+00:00,Islamabad,PK,13137731,34.3,µg/m³,100.0,34.3,34.3,34.3
2026-02-27 13:00:00+00:00,2026-02-27 14:00:00+00:00,Islamabad,PK,13137731,35.2,µg/m³,100.0,35.2,35.2,35.2
2026-02-27 14:00:00+00:00,2026-02-27 15:00:00+00:00,Islamabad,PK,13137731,37.7,µg/m³,100.0,37.7,37.7,37.7
2026-02-27 15:00:00+00:00,2026-02-27 16:00:00+00:00,Islamabad,PK,13137731,39.1,µg/m³,100.0,39.1,39.1,39.1
2026-02-27 16:00:00+00:00,2026-02-27 17:00:00+00:00,Islamabad,PK,13137731,40.0,µg/m³,100.0,40.0,40.0,40.0
2026-02-27 17:00:00+00:00,2026-02-27 18:00:00+00:00,Islamabad,PK,13137731,40.1,µg/m³,100.0,40.1,40.1,40.1
2026-02-27 18:00:00+00:00,2026-02-27 19:00:00+00:00,Islamabad,PK,13137731,40.0,µg/m³,100.0,40.0,40.0,40.0
2026-02-27 19:00:00+00:00,2026-02-27 20:00:00+00:00,Islamabad,PK,13137731,39.2,µg/m³,100.0,39.2,39.2,39.2
2026-02-27 20:00:00+00:00,2026-02-27 21:00:00+00:00,Islamabad,PK,13137731,39.2,µg/m³,100.0,39.2,39.2,39.2
2026-02-27 21:00:00+00:00,2026-02-27 22:00:00+00:00,Islamabad,PK,13137731,41.6,µg/m³,100.0,41.6,41.6,41.6
2026-02-27 22:00:00+00:00,2026-02-27 23:00:00+00:00,Islamabad,PK,13137731,40.4,µg/m³,100.0,40.4,40.4,40.4
2026-02-27 23:00:00+00:00,2026-02-28 00:00:00+00:00,Islamabad,PK,13137731,41.0,µg/m³,100.0,41.0,41.0,41.0
2026-02-28 00:00:00+00:00,2026-02-28 01:00:00+00:00,Islamabad,PK,13137731,43.7,µg/m³,100.0,43.7,43.7,43.7
2026-02-28 01:00:00+00:00,2026-02-28 02:00:00+00:00,Islamabad,PK,13137731,39.8,µg/m³,100.0,39.8,39.8,39.8
2026-02-28 02:00:00+00:00,2026-02-28 03:00:00+00:00,Islamabad,PK,13137731,40.3,µg/m³,100.0,40.3,40.3,40.3
2026-02-28 03:00:00+00:00,2026-02-28 04:00:00+00:00,Islamabad,PK,13137731,38.6,µg/m³,100.0,38.6,38.6,38.6
2026-02-28 04:00:00+00:00,2026-02-28 05:00:00+00:00,Islamabad,PK,13137731,34.9,µg/m³,100.0,34.9,34.9,34.9
2026-02-28 05:00:00+00:00,2026-02-28 06:00:00+00:00,Islamabad,PK,13137731,35.7,µg/m³,100.0,35.7,35.7,35.7
2026-02-28 06:00:00+00:00,2026-02-28 07:00:00+00:00,Islamabad,PK,13137731,32.4,µg/m³,100.0,32.4,32.4,32.4
2026-02-28 07:00:00+00:00,2026-02-28 08:00:00+00:00,Islamabad,PK,13137731,32.7,µg/m³,100.0,32.7,32.7,32.7
2026-02-28 08:00:00+00:00,2026-02-28 09:00:00+00:00,Islamabad,PK,13137731,33.9,µg/m³,100.0,33.9,33.9,33.9
2026-02-28 09:00:00+00:00,2026-02-28 10:00:00+00:00,Islamabad,PK,13137731,33.6,µg/m³,100.0,33.6,33.6,33.6
2026-02-28 10:00:00+00:00,2026-02-28 11:00:00+00:00,Islamabad,PK,13137731,35.4,µg/m³,100.0,35.4,35.4,35.4
2026-02-28 11:00:00+00:00,2026-02-28 12:00:00+00:00,Islamabad,PK,13137731,36.4,µg/m³,100.0,36.4,36.4,36.4
2026-02-28 12:00:00+00:00,2026-02-28 13:00:00+00:00,Islamabad,PK,13137731,42.9,µg/m³,100.0,42.9,42.9,42.9
2026-02-28 13:00:00+00:00,2026-02-28 14:00:00+00:00,Islamabad,PK,13137731,39.3,µg/m³,100.0,39.3,39.3,39.3
2026-02-28 14:00:00+00:00,2026-02-28 15:00:00+00:00,Islamabad,PK,13137731,41.4,µg/m³,100.0,41.4,41.4,41.4
2026-02-28 15:00:00+00:00,2026-02-28 16:00:00+00:00,Islamabad,PK,13137731,40.4,µg/m³,100.0,40.4,40.4,40.4
2026-02-28 16:00:00+00:00,2026-02-28 17:00:00+00:00,Islamabad,PK,13137731,36.9,µg/m³,100.0,36.9,36.9,36.9
2026-02-28 17:00:00+00:00,2026-02-28 18:00:00+00:00,Islamabad,PK,13137731,41.9,µg/m³,100.0,41.9,41.9,41.9
2026-02-28 18:00:00+00:00,2026-02-28 19:00:00+00:00,Islamabad,PK,13137731,46.8,µg/m³,100.0,46.8,46.8,46.8
2026-02-28 19:00:00+00:00,2026-02-28 20:00:00+00:00,Islamabad,PK,13137731,40.0,µg/m³,100.0,40.0,40.0,40.0
2026-02-28 20:00:00+00:00,2026-02-28 21:00:00+00:00,Islamabad,PK,13137731,39.5,µg/m³,100.0,39.5,39.5,39.5
2026-02-28 21:00:00+00:00,2026-02-28 22:00:00+00:00,Islamabad,PK,13137731,40.3,µg/m³,100.0,40.3,40.3,40.3
2026-02-28 22:00:00+00:00,2026-02-28 23:00:00+00:00,Islamabad,PK,13137731,40.0,µg/m³,100.0,40.0,40.0,40.0
2026-02-28 23:00:00+00:00,2026-03-01 00:00:00+00:00,Islamabad,PK,13137731,43.2,µg/m³,100.0,43.2,43.2,43.2
2026-03-01 00:00:00+00:00,2026-03-01 01:00:00+00:00,Islamabad,PK,13137731,50.5,µg/m³,100.0,50.5,50.5,50.5
2026-03-01 01:00:00+00:00,2026-03-01 02:00:00+00:00,Islamabad,PK,13137731,53.5,µg/m³,100.0,53.5,53.5,53.5
2026-03-01 02:00:00+00:00,2026-03-01 03:00:00+00:00,Islamabad,PK,13137731,47.2,µg/m³,100.0,47.2,47.2,47.2
2026-03-01 03:00:00+00:00,2026-03-01 04:00:00+00:00,Islamabad,PK,13137731,41.4,µg/m³,100.0,41.4,41.4,41.4
2026-03-01 04:00:00+00:00,2026-03-01 05:00:00+00:00,Islamabad,PK,13137731,38.4,µg/m³,100.0,38.4,38.4,38.4
2026-03-01 05:00:00+00:00,2026-03-01 06:00:00+00:00,Islamabad,PK,13137731,37.0,µg/m³,100.0,37.0,37.0,37.0
2026-03-01 06:00:00+00:00,2026-03-01 07:00:00+00:00,Islamabad,PK,13137731,37.6,µg/m³,100.0,37.6,37.6,37.6
2026-03-01 07:00:00+00:00,2026-03-01 08:00:00+00:00,Islamabad,PK,13137731,34.6,µg/m³,100.0,34.6,34.6,34.6
2026-03-01 08:00:00+00:00,2026-03-01 09:00:00+00:00,Islamabad,PK,13137731,32.3,µg/m³,100.0,32.3,32.3,32.3
2026-03-01 09:00:00+00:00,2026-03-01 10:00:00+00:00,Islamabad,PK,13137731,29.7,µg/m³,100.0,29.7,29.7,29.7
2026-03-01 10:00:00+00:00,2026-03-01 11:00:00+00:00,Islamabad,PK,13137731,30.5,µg/m³,100.0,30.5,30.5,30.5
2026-03-01 11:00:00+00:00,2026-03-01 12:00:00+00:00,Islamabad,PK,13137731,32.3,µg/m³,100.0,32.3,32.3,32.3
2026-03-01 12:00:00+00:00,2026-03-01 13:00:00+00:00,Islamabad,PK,13137731,35.6,µg/m³,100.0,35.6,35.6,35.6
2026-03-01 13:00:00+00:00,2026-03-01 14:00:00+00:00,Islamabad,PK,13137731,39.5,µg/m³,100.0,39.5,39.5,39.5
2026-03-01 14:00:00+00:00,2026-03-01 15:00:00+00:00,Islamabad,PK,13137731,40.8,µg/m³,100.0,40.8,40.8,40.8
2026-03-01 15:00:00+00:00,2026-03-01 16:00:00+00:00,Islamabad,PK,13137731,40.8,µg/m³,100.0,40.8,40.8,40.8
2026-03-01 16:00:00+00:00,2026-03-01 17:00:00+00:00,Islamabad,PK,13137731,41.0,µg/m³,100.0,41.0,41.0,41.0
2026-03-01 17:00:00+00:00,2026-03-01 18:00:00+00:00,Islamabad,PK,13137731,45.6,µg/m³,100.0,45.6,45.6,45.6
2026-03-01 18:00:00+00:00,2026-03-01 19:00:00+00:00,Islamabad,PK,13137731,42.6,µg/m³,100.0,42.6,42.6,42.6
2026-03-01 19:00:00+00:00,2026-03-01 20:00:00+00:00,Islamabad,PK,13137731,44.0,µg/m³,100.0,44.0,44.0,44.0
2026-03-01 20:00:00+00:00,2026-03-01 21:00:00+00:00,Islamabad,PK,13137731,43.9,µg/m³,100.0,43.9,43.9,43.9
2026-03-01 21:00:00+00:00,2026-03-01 22:00:00+00:00,Islamabad,PK,13137731,41.2,µg/m³,100.0,41.2,41.2,41.2
2026-03-01 22:00:00+00:00,2026-03-01 23:00:00+00:00,Islamabad,PK,13137731,39.7,µg/m³,100.0,39.7,39.7,39.7
2026-03-01 23:00:00+00:00,2026-03-02 00:00:00+00:00,Islamabad,PK,13137731,41.8,µg/m³,100.0,41.8,41.8,41.8
2026-03-02 00:00:00+00:00,2026-03-02 01:00:00+00:00,Islamabad,PK,13137731,40.0,µg/m³,100.0,40.0,40.0,40.0
2026-03-02 01:00:00+00:00,2026-03-02 02:00:00+00:00,Islamabad,PK,13137731,45.8,µg/m³,100.0,45.8,45.8,45.8
2026-03-02 02:00:00+00:00,2026-03-02 03:00:00+00:00,Islamabad,PK,13137731,46.8,µg/m³,100.0,46.8,46.8,46.8
2026-03-02 03:00:00+00:00,2026-03-02 04:00:00+00:00,Islamabad,PK,13137731,43.6,µg/m³,100.0,43.6,43.6,43.6
2026-03-02 04:00:00+00:00,2026-03-02 05:00:00+00:00,Islamabad,PK,13137731,38.2,µg/m³,100.0,38.2,38.2,38.2
2026-03-02 05:00:00+00:00,2026-03-02 06:00:00+00:00,Islamabad,PK,13137731,35.5,µg/m³,100.0,35.5,35.5,35.5
2026-03-02 06:00:00+00:00,2026-03-02 07:00:00+00:00,Islamabad,PK,13137731,36.3,µg/m³,100.0,36.3,36.3,36.3
2026-03-02 07:00:00+00:00,2026-03-02 08:00:00+00:00,Islamabad,PK,13137731,35.5,µg/m³,100.0,35.5,35.5,35.5
2026-03-02 08:00:00+00:00,2026-03-02 09:00:00+00:00,Islamabad,PK,13137731,34.8,µg/m³,100.0,34.8,34.8,34.8
2026-03-02 09:00:00+00:00,2026-03-02 10:00:00+00:00,Islamabad,PK,13137731,34.1,µg/m³,100.0,34.1,34.1,34.1
2026-03-02 10:00:00+00:00,2026-03-02 11:00:00+00:00,Islamabad,PK,13137731,35.0,µg/m³,100.0,35.0,35.0,35.0
2026-03-02 11:00:00+00:00,2026-03-02 12:00:00+00:00,Islamabad,PK,13137731,34.3,µg/m³,100.0,34.3,34.3,34.3
2026-03-02 12:00:00+00:00,2026-03-02 13:00:00+00:00,Islamabad,PK,13137731,35.4,µg/m³,100.0,35.4,35.4,35.4
2026-03-02 13:00:00+00:00,2026-03-02 14:00:00+00:00,Islamabad,PK,13137731,36.6,µg/m³,100.0,36.6,36.6,36.6
2026-03-02 14:00:00+00:00,2026-03-02 15:00:00+00:00,Islamabad,PK,13137731,36.1,µg/m³,100.0,36.1,36.1,36.1
2026-03-02 15:00:00+00:00,2026-03-02 16:00:00+00:00,Islamabad,PK,13137731,36.7,µg/m³,100.0,36.7,36.7,36.7
2026-03-02 16:00:00+00:00,2026-03-02 17:00:00+00:00,Islamabad,PK,13137731,38.8,µg/m³,100.0,38.8,38.8,38.8
2026-03-02 17:00:00+00:00,2026-03-02 18:00:00+00:00,Islamabad,PK,13137731,39.3,µg/m³,100.0,39.3,39.3,39.3
2026-03-02 18:00:00+00:00,2026-03-02 19:00:00+00:00,Islamabad,PK,13137731,39.5,µg/m³,100.0,39.5,39.5,39.5
2026-03-02 19:00:00+00:00,2026-03-02 20:00:00+00:00,Islamabad,PK,13137731,41.4,µg/m³,100.0,41.4,41.4,41.4
2026-03-02 20:00:00+00:00,2026-03-02 21:00:00+00:00,Islamabad,PK,13137731,43.1,µg/m³,100.0,43.1,43.1,43.1
2026-03-02 21:00:00+00:00,2026-03-02 22:00:00+00:00,Islamabad,PK,13137731,45.4,µg/m³,100.0,45.4,45.4,45.4
2026-03-02 22:00:00+00:00,2026-03-02 23:00:00+00:00,Islamabad,PK,13137731,43.6,µg/m³,100.0,43.6,43.6,43.6
2026-03-02 23:00:00+00:00,2026-03-03 00:00:00+00:00,Islamabad,PK,13137731,45.3,µg/m³,100.0,45.3,45.3,45.3
2026-03-03 00:00:00+00:00,2026-03-03 01:00:00+00:00,Islamabad,PK,13137731,48.9,µg/m³,100.0,48.9,48.9,48.9
2026-03-03 01:00:00+00:00,2026-03-03 02:00:00+00:00,Islamabad,PK,13137731,49.9,µg/m³,100.0,49.9,49.9,49.9
2026-03-03 02:00:00+00:00,2026-03-03 03:00:00+00:00,Islamabad,PK,13137731,70.4,µg/m³,100.0,70.4,70.4,70.4
2026-03-03 03:00:00+00:00,2026-03-03 04:00:00+00:00,Islamabad,PK,13137731,92.3,µg/m³,100.0,92.3,92.3,92.3
2026-03-03 04:00:00+00:00,2026-03-03 05:00:00+00:00,Islamabad,PK,13137731,49.9,µg/m³,100.0,49.9,49.9,49.9
2026-03-03 05:00:00+00:00,2026-03-03 06:00:00+00:00,Islamabad,PK,13137731,49.0,µg/m³,100.0,49.0,49.0,49.0
2026-03-03 06:00:00+00:00,2026-03-03 07:00:00+00:00,Islamabad,PK,13137731,54.6,µg/m³,100.0,54.6,54.6,54.6
2026-03-03 07:00:00+00:00,2026-03-03 08:00:00+00:00,Islamabad,PK,13137731,58.6,µg/m³,100.0,58.6,58.6,58.6
2026-03-03 08:00:00+00:00,2026-03-03 09:00:00+00:00,Islamabad,PK,13137731,52.0,µg/m³,100.0,52.0,52.0,52.0
2026-03-03 09:00:00+00:00,2026-03-03 10:00:00+00:00,Islamabad,PK,13137731,43.4,µg/m³,100.0,43.4,43.4,43.4
2026-03-03 10:00:00+00:00,2026-03-03 11:00:00+00:00,Islamabad,PK,13137731,40.8,µg/m³,100.0,40.8,40.8,40.8
2026-03-03 11:00:00+00:00,2026-03-03 12:00:00+00:00,Islamabad,PK,13137731,40.0,µg/m³,100.0,40.0,40.0,40.0
2026-03-03 12:00:00+00:00,2026-03-03 13:00:00+00:00,Islamabad,PK,13137731,38.8,µg/m³,100.0,38.8,38.8,38.8
2026-03-03 13:00:00+00:00,2026-03-03 14:00:00+00:00,Islamabad,PK,13137731,38.9,µg/m³,100.0,38.9,38.9,38.9
2026-03-03 14:00:00+00:00,2026-03-03 15:00:00+00:00,Islamabad,PK,13137731,39.4,µg/m³,100.0,39.4,39.4,39.4
2026-03-03 15:00:00+00:00,2026-03-03 16:00:00+00:00,Islamabad,PK,13137731,39.1,µg/m³,100.0,39.1,39.1,39.1
2026-03-03 16:00:00+00:00,2026-03-03 17:00:00+00:00,Islamabad,PK,13137731,38.7,µg/m³,100.0,38.7,38.7,38.7
2026-03-03 17:00:00+00:00,2026-03-03 18:00:00+00:00,Islamabad,PK,13137731,40.6,µg/m³,100.0,40.6,40.6,40.6
2026-03-03 18:00:00+00:00,2026-03-03 19:00:00+00:00,Islamabad,PK,13137731,44.8,µg/m³,100.0,44.8,44.8,44.8
2026-03-03 19:00:00+00:00,2026-03-03 20:00:00+00:00,Islamabad,PK,13137731,43.5,µg/m³,100.0,43.5,43.5,43.5
2026-03-03 20:00:00+00:00,2026-03-03 21:00:00+00:00,Islamabad,PK,13137731,45.6,µg/m³,100.0,45.6,45.6,45.6
2026-03-03 21:00:00+00:00,2026-03-03 22:00:00+00:00,Islamabad,PK,13137731,44.8,µg/m³,100.0,44.8,44.8,44.8
2026-03-03 22:00:00+00:00,2026-03-03 23:00:00+00:00,Islamabad,PK,13137731,43.2,µg/m³,100.0,43.2,43.2,43.2
2026-03-03 23:00:00+00:00,2026-03-04 00:00:00+00:00,Islamabad,PK,13137731,46.5,µg/m³,100.0,46.5,46.5,46.5
2026-03-04 00:00:00+00:00,2026-03-04 01:00:00+00:00,Islamabad,PK,13137731,47.5,µg/m³,100.0,47.5,47.5,47.5
2026-03-04 01:00:00+00:00,2026-03-04 02:00:00+00:00,Islamabad,PK,13137731,42.9,µg/m³,100.0,42.9,42.9,42.9
2026-03-04 02:00:00+00:00,2026-03-04 03:00:00+00:00,Islamabad,PK,13137731,39.3,µg/m³,100.0,39.3,39.3,39.3
2026-03-04 03:00:00+00:00,2026-03-04 04:00:00+00:00,Islamabad,PK,13137731,35.3,µg/m³,100.0,35.3,35.3,35.3
2026-03-04 04:00:00+00:00,2026-03-04 05:00:00+00:00,Islamabad,PK,13137731,32.9,µg/m³,100.0,32.9,32.9,32.9
2026-03-04 05:00:00+00:00,2026-03-04 06:00:00+00:00,Islamabad,PK,13137731,29.8,µg/m³,100.0,29.8,29.8,29.8
2026-03-04 06:00:00+00:00,2026-03-04 07:00:00+00:00,Islamabad,PK,13137731,25.2,µg/m³,100.0,25.2,25.2,25.2
2026-03-04 07:00:00+00:00,2026-03-04 08:00:00+00:00,Islamabad,PK,13137731,22.7,µg/m³,100.0,22.7,22.7,22.7
2026-03-04 08:00:00+00:00,2026-03-04 09:00:00+00:00,Islamabad,PK,13137731,22.3,µg/m³,100.0,22.3,22.3,22.3
2026-03-04 09:00:00+00:00,2026-03-04 10:00:00+00:00,Islamabad,PK,13137731,22.7,µg/m³,100.0,22.7,22.7,22.7
2026-03-04 10:00:00+00:00,2026-03-04 11:00:00+00:00,Islamabad,PK,13137731,22.3,µg/m³,100.0,22.3,22.3,22.3
2026-03-04 11:00:00+00:00,2026-03-04 12:00:00+00:00,Islamabad,PK,13137731,22.3,µg/m³,100.0,22.3,22.3,22.3
2026-03-04 12:00:00+00:00,2026-03-04 13:00:00+00:00,Islamabad,PK,13137731,23.0,µg/m³,100.0,23.0,23.0,23.0
2026-03-04 13:00:00+00:00,2026-03-04 14:00:00+00:00,Islamabad,PK,13137731,23.6,µg/m³,100.0,23.6,23.6,23.6
2026-03-04 14:00:00+00:00,2026-03-04 15:00:00+00:00,Islamabad,PK,13137731,22.7,µg/m³,100.0,22.7,22.7,22.7
2026-03-04 15:00:00+00:00,2026-03-04 16:00:00+00:00,Islamabad,PK,13137731,23.5,µg/m³,100.0,23.5,23.5,23.5
2026-03-04 16:00:00+00:00,2026-03-04 17:00:00+00:00,Islamabad,PK,13137731,23.3,µg/m³,100.0,23.3,23.3,23.3
2026-03-04 17:00:00+00:00,2026-03-04 18:00:00+00:00,Islamabad,PK,13137731,22.9,µg/m³,100.0,22.9,22.9,22.9
2026-03-04 18:00:00+00:00,2026-03-04 19:00:00+00:00,Islamabad,PK,13137731,26.1,µg/m³,100.0,26.1,26.1,26.1
2026-03-04 19:00:00+00:00,2026-03-04 20:00:00+00:00,Islamabad,PK,13137731,28.6,µg/m³,100.0,28.6,28.6,28.6
2026-03-04 20:00:00+00:00,2026-03-04 21:00:00+00:00,Islamabad,PK,13137731,29.6,µg/m³,100.0,29.6,29.6,29.6
2026-03-04 21:00:00+00:00,2026-03-04 22:00:00+00:00,Islamabad,PK,13137731,31.8,µg/m³,100.0,31.8,31.8,31.8
2026-03-04 22:00:00+00:00,2026-03-04 23:00:00+00:00,Islamabad,PK,13137731,33.9,µg/m³,100.0,33.9,33.9,33.9
2026-03-04 23:00:00+00:00,2026-03-05 00:00:00+00:00,Islamabad,PK,13137731,46.6,µg/m³,100.0,46.6,46.6,46.6
2026-03-05 00:00:00+00:00,2026-03-05 01:00:00+00:00,Islamabad,PK,13137731,37.7,µg/m³,100.0,37.7,37.7,37.7
2026-03-05 01:00:00+00:00,2026-03-05 02:00:00+00:00,Islamabad,PK,13137731,34.1,µg/m³,100.0,34.1,34.1,34.1
2026-03-05 02:00:00+00:00,2026-03-05 03:00:00+00:00,Islamabad,PK,13137731,29.3,µg/m³,100.0,29.3,29.3,29.3
2026-03-05 03:00:00+00:00,2026-03-05 04:00:00+00:00,Islamabad,PK,13137731,28.1,µg/m³,100.0,28.1,28.1,28.1
2026-03-05 04:00:00+00:00,2026-03-05 05:00:00+00:00,Islamabad,PK,13137731,26.7,µg/m³,100.0,26.7,26.7,26.7
2026-03-05 05:00:00+00:00,2026-03-05 06:00:00+00:00,Islamabad,PK,13137731,23.4,µg/m³,100.0,23.4,23.4,23.4
2026-03-05 06:00:00+00:00,2026-03-05 07:00:00+00:00,Islamabad,PK,13137731,21.0,µg/m³,100.0,21.0,21.0,21.0
2026-03-05 07:00:00+00:00,2026-03-05 08:00:00+00:00,Islamabad,PK,13137731,21.4,µg/m³,100.0,21.4,21.4,21.4
2026-03-05 08:00:00+00:00,2026-03-05 09:00:00+00:00,Islamabad,PK,13137731,20.6,µg/m³,100.0,20.6,20.6,20.6
2026-03-05 09:00:00+00:00,2026-03-05 10:00:00+00:00,Islamabad,PK,13137731,20.6,µg/m³,100.0,20.6,20.6,20.6
2026-03-05 10:00:00+00:00,2026-03-05 11:00:00+00:00,Islamabad,PK,13137731,22.2,µg/m³,100.0,22.2,22.2,22.2
2026-03-05 11:00:00+00:00,2026-03-05 12:00:00+00:00,Islamabad,PK,13137731,23.6,µg/m³,100.0,23.6,23.6,23.6
2026-03-05 12:00:00+00:00,2026-03-05 13:00:00+00:00,Islamabad,PK,13137731,23.8,µg/m³,100.0,23.8,23.8,23.8
2026-03-05 13:00:00+00:00,2026-03-05 14:00:00+00:00,Islamabad,PK,13137731,23.9,µg/m³,100.0,23.9,23.9,23.9
2026-03-05 14:00:00+00:00,2026-03-05 15:00:00+00:00,Islamabad,PK,13137731,24.8,µg/m³,100.0,24.8,24.8,24.8
2026-03-05 15:00:00+00:00,2026-03-05 16:00:00+00:00,Islamabad,PK,13137731,26.1,µg/m³,100.0,26.1,26.1,26.1
2026-03-05 16:00:00+00:00,2026-03-05 17:00:00+00:00,Islamabad,PK,13137731,27.7,µg/m³,100.0,27.7,27.7,27.7
2026-03-05 17:00:00+00:00,2026-03-05 18:00:00+00:00,Islamabad,PK,13137731,28.2,µg/m³,100.0,28.2,28.2,28.2
2026-03-05 18:00:00+00:00,2026-03-05 19:00:00+00:00,Islamabad,PK,13137731,29.8,µg/m³,100.0,29.8,29.8,29.8
2026-03-05 19:00:00+00:00,2026-03-05 20:00:00+00:00,Islamabad,PK,13137731,30.2,µg/m³,100.0,30.2,30.2,30.2
2026-03-05 20:00:00+00:00,2026-03-05 21:00:00+00:00,Islamabad,PK,13137731,30.2,µg/m³,100.0,30.2,30.2,30.2
2026-03-05 21:00:00+00:00,2026-03-05 22:00:00+00:00,Islamabad,PK,13137731,31.2,µg/m³,100.0,31.2,31.2,31.2
2026-03-05 22:00:00+00:00,2026-03-05 23:00:00+00:00,Islamabad,PK,13137731,32.2,µg/m³,100.0,32.2,32.2,32.2
2026-03-05 23:00:00+00:00,2026-03-06 00:00:00+00:00,Islamabad,PK,13137731,40.0,µg/m³,100.0,40.0,40.0,40.0
2026-03-06 00:00:00+00:00,2026-03-06 01:00:00+00:00,Islamabad,PK,13137731,32.9,µg/m³,100.0,32.9,32.9,32.9
2026-03-06 01:00:00+00:00,2026-03-06 02:00:00+00:00,Islamabad,PK,13137731,30.5,µg/m³,100.0,30.5,30.5,30.5
2026-03-06 02:00:00+00:00,2026-03-06 03:00:00+00:00,Islamabad,PK,13137731,30.7,µg/m³,100.0,30.7,30.7,30.7
2026-03-06 03:00:00+00:00,2026-03-06 04:00:00+00:00,Islamabad,PK,13137731,29.9,µg/m³,100.0,29.9,29.9,29.9
2026-03-06 04:00:00+00:00,2026-03-06 05:00:00+00:00,Islamabad,PK,13137731,28.4,µg/m³,100.0,28.4,28.4,28.4
2026-03-06 05:00:00+00:00,2026-03-06 06:00:00+00:00,Islamabad,PK,13137731,27.2,µg/m³,100.0,27.2,27.2,27.2
2026-03-06 06:00:00+00:00,2026-03-06 07:00:00+00:00,Islamabad,PK,13137731,26.0,µg/m³,100.0,26.0,26.0,26.0
2026-03-06 07:00:00+00:00,2026-03-06 08:00:00+00:00,Islamabad,PK,13137731,26.1,µg/m³,100.0,26.1,26.1,26.1
2026-03-06 08:00:00+00:00,2026-03-06 09:00:00+00:00,Islamabad,PK,13137731,26.0,µg/m³,100.0,26.0,26.0,26.0
2026-03-06 09:00:00+00:00,2026-03-06 10:00:00+00:00,Islamabad,PK,13137731,26.0,µg/m³,100.0,26.0,26.0,26.0
2026-03-06 10:00:00+00:00,2026-03-06 11:00:00+00:00,Islamabad,PK,13137731,24.4,µg/m³,100.0,24.4,24.4,24.4
2026-03-06 11:00:00+00:00,2026-03-06 12:00:00+00:00,Islamabad,PK,13137731,25.5,µg/m³,100.0,25.5,25.5,25.5
2026-03-06 12:00:00+00:00,2026-03-06 13:00:00+00:00,Islamabad,PK,13137731,28.5,µg/m³,100.0,28.5,28.5,28.5
2026-03-06 13:00:00+00:00,2026-03-06 14:00:00+00:00,Islamabad,PK,13137731,29.9,µg/m³,100.0,29.9,29.9,29.9
2026-03-06 14:00:00+00:00,2026-03-06 15:00:00+00:00,Islamabad,PK,13137731,31.1,µg/m³,100.0,31.1,31.1,31.1
2026-03-06 15:00:00+00:00,2026-03-06 16:00:00+00:00,Islamabad,PK,13137731,30.8,µg/m³,100.0,30.8,30.8,30.8
2026-03-06 16:00:00+00:00,2026-03-06 17:00:00+00:00,Islamabad,PK,13137731,30.1,µg/m³,100.0,30.1,30.1,30.1
2026-03-06 17:00:00+00:00,2026-03-06 18:00:00+00:00,Islamabad,PK,13137731,30.5,µg/m³,100.0,30.5,30.5,30.5
2026-03-06 18:00:00+00:00,2026-03-06 19:00:00+00:00,Islamabad,PK,13137731,32.1,µg/m³,100.0,32.1,32.1,32.1
2026-03-06 19:00:00+00:00,2026-03-06 20:00:00+00:00,Islamabad,PK,13137731,33.1,µg/m³,100.0,33.1,33.1,33.1
2026-03-06 20:00:00+00:00,2026-03-06 21:00:00+00:00,Islamabad,PK,13137731,33.8,µg/m³,100.0,33.8,33.8,33.8
2026-03-06 21:00:00+00:00,2026-03-06 22:00:00+00:00,Islamabad,PK,13137731,36.1,µg/m³,100.0,36.1,36.1,36.1
2026-03-06 22:00:00+00:00,2026-03-06 23:00:00+00:00,Islamabad,PK,13137731,36.8,µg/m³,100.0,36.8,36.8,36.8
2026-03-06 23:00:00+00:00,2026-03-07 00:00:00+00:00,Islamabad,PK,13137731,42.4,µg/m³,100.0,42.4,42.4,42.4
2026-03-07 00:00:00+00:00,2026-03-07 01:00:00+00:00,Islamabad,PK,13137731,39.7,µg/m³,100.0,39.7,39.7,39.7
2026-03-07 01:00:00+00:00,2026-03-07 02:00:00+00:00,Islamabad,PK,13137731,34.7,µg/m³,100.0,34.7,34.7,34.7
2026-03-07 02:00:00+00:00,2026-03-07 03:00:00+00:00,Islamabad,PK,13137731,33.6,µg/m³,100.0,33.6,33.6,33.6
2026-03-07 03:00:00+00:00,2026-03-07 04:00:00+00:00,Islamabad,PK,13137731,32.0,µg/m³,100.0,32.0,32.0,32.0
2026-03-07 04:00:00+00:00,2026-03-07 05:00:00+00:00,Islamabad,PK,13137731,32.1,µg/m³,100.0,32.1,32.1,32.1
2026-03-07 05:00:00+00:00,2026-03-07 06:00:00+00:00,Islamabad,PK,13137731,32.0,µg/m³,100.0,32.0,32.0,32.0
2026-03-07 06:00:00+00:00,2026-03-07 07:00:00+00:00,Islamabad,PK,13137731,34.3,µg/m³,100.0,34.3,34.3,34.3
2026-03-07 07:00:00+00:00,2026-03-07 08:00:00+00:00,Islamabad,PK,13137731,32.9,µg/m³,100.0,32.9,32.9,32.9
2026-03-07 08:00:00+00:00,2026-03-07 09:00:00+00:00,Islamabad,PK,13137731,34.1,µg/m³,100.0,34.1,34.1,34.1
2026-03-07 09:00:00+00:00,2026-03-07 10:00:00+00:00,Islamabad,PK,13137731,32.4,µg/m³,100.0,32.4,32.4,32.4
2026-03-07 10:00:00+00:00,2026-03-07 11:00:00+00:00,Islamabad,PK,13137731,31.5,µg/m³,100.0,31.5,31.5,31.5
2026-06-21 20:00:00+00:00,2026-06-21 21:00:00+00:00,Islamabad,PK,13137731,25.8,µg/m³,100.0,25.8,25.8,25.8
2026-06-21 21:00:00+00:00,2026-06-21 22:00:00+00:00,Islamabad,PK,13137731,22.7,µg/m³,100.0,22.7,22.7,22.7
2026-06-21 22:00:00+00:00,2026-06-21 23:00:00+00:00,Islamabad,PK,13137731,23.4,µg/m³,100.0,23.4,23.4,23.4
2026-06-21 23:00:00+00:00,2026-06-22 00:00:00+00:00,Islamabad,PK,13137731,23.0,µg/m³,100.0,23.0,23.0,23.0
2026-06-22 00:00:00+00:00,2026-06-22 01:00:00+00:00,Islamabad,PK,13137731,24.9,µg/m³,100.0,24.9,24.9,24.9
2026-06-22 01:00:00+00:00,2026-06-22 02:00:00+00:00,Islamabad,PK,13137731,25.1,µg/m³,100.0,25.1,25.1,25.1
2026-06-22 02:00:00+00:00,2026-06-22 03:00:00+00:00,Islamabad,PK,13137731,25.4,µg/m³,100.0,25.4,25.4,25.4
2026-06-22 03:00:00+00:00,2026-06-22 04:00:00+00:00,Islamabad,PK,13137731,42.6,µg/m³,100.0,42.6,42.6,42.6
2026-06-22 04:00:00+00:00,2026-06-22 05:00:00+00:00,Islamabad,PK,13137731,34.5,µg/m³,100.0,34.5,34.5,34.5
2026-06-22 05:00:00+00:00,2026-06-22 06:00:00+00:00,Islamabad,PK,13137731,20.6,µg/m³,100.0,20.6,20.6,20.6
2026-06-22 06:00:00+00:00,2026-06-22 07:00:00+00:00,Islamabad,PK,13137731,27.6,µg/m³,100.0,27.6,27.6,27.6
2026-06-22 07:00:00+00:00,2026-06-22 08:00:00+00:00,Islamabad,PK,13137731,23.5,µg/m³,100.0,23.5,23.5,23.5
2026-06-22 08:00:00+00:00,2026-06-22 09:00:00+00:00,Islamabad,PK,13137731,18.1,µg/m³,100.0,18.1,18.1,18.1
2026-06-22 09:00:00+00:00,2026-06-22 10:00:00+00:00,Islamabad,PK,13137731,8.5,µg/m³,100.0,8.5,8.5,8.5
2026-06-22 10:00:00+00:00,2026-06-22 11:00:00+00:00,Islamabad,PK,13137731,5.2,µg/m³,100.0,5.2,5.2,5.2
2026-06-22 11:00:00+00:00,2026-06-22 12:00:00+00:00,Islamabad,PK,13137731,5.2,µg/m³,100.0,5.2,5.2,5.2
2026-06-22 12:00:00+00:00,2026-06-22 13:00:00+00:00,Islamabad,PK,13137731,5.9,µg/m³,100.0,5.9,5.9,5.9
2026-06-22 13:00:00+00:00,2026-06-22 14:00:00+00:00,Islamabad,PK,13137731,6.5,µg/m³,100.0,6.5,6.5,6.5
2026-06-22 14:00:00+00:00,2026-06-22 15:00:00+00:00,Islamabad,PK,13137731,9.0,µg/m³,100.0,9.0,9.0,9.0
2026-06-22 15:00:00+00:00,2026-06-22 16:00:00+00:00,Islamabad,PK,13137731,8.7,µg/m³,100.0,8.7,8.7,8.7
2026-06-22 16:00:00+00:00,2026-06-22 17:00:00+00:00,Islamabad,PK,13137731,30.0,µg/m³,100.0,30.0,30.0,30.0
2026-06-22 17:00:00+00:00,2026-06-22 18:00:00+00:00,Islamabad,PK,13137731,32.6,µg/m³,100.0,32.6,32.6,32.6
2026-06-22 18:00:00+00:00,2026-06-22 19:00:00+00:00,Islamabad,PK,13137731,49.0,µg/m³,100.0,49.0,49.0,49.0
2026-06-22 19:00:00+00:00,2026-06-22 20:00:00+00:00,Islamabad,PK,13137731,38.3,µg/m³,100.0,38.3,38.3,38.3
2026-06-22 20:00:00+00:00,2026-06-22 21:00:00+00:00,Islamabad,PK,13137731,28.9,µg/m³,100.0,28.9,28.9,28.9
2026-06-22 21:00:00+00:00,2026-06-22 22:00:00+00:00,Islamabad,PK,13137731,18.8,µg/m³,100.0,18.8,18.8,18.8
2026-06-22 22:00:00+00:00,2026-06-22 23:00:00+00:00,Islamabad,PK,13137731,18.7,µg/m³,100.0,18.7,18.7,18.7
2026-06-22 23:00:00+00:00,2026-06-23 00:00:00+00:00,Islamabad,PK,13137731,20.9,µg/m³,100.0,20.9,20.9,20.9
2026-06-23 00:00:00+00:00,2026-06-23 01:00:00+00:00,Islamabad,PK,13137731,22.1,µg/m³,100.0,22.1,22.1,22.1
2026-06-23 01:00:00+00:00,2026-06-23 02:00:00+00:00,Islamabad,PK,13137731,22.0,µg/m³,100.0,22.0,22.0,22.0
2026-06-23 02:00:00+00:00,2026-06-23 03:00:00+00:00,Islamabad,PK,13137731,30.5,µg/m³,100.0,30.5,30.5,30.5
2026-06-23 03:00:00+00:00,2026-06-23 04:00:00+00:00,Islamabad,PK,13137731,32.2,µg/m³,100.0,32.2,32.2,32.2
2026-06-23 04:00:00+00:00,2026-06-23 05:00:00+00:00,Islamabad,PK,13137731,33.4,µg/m³,100.0,33.4,33.4,33.4
2026-06-23 05:00:00+00:00,2026-06-23 06:00:00+00:00,Islamabad,PK,13137731,30.8,µg/m³,100.0,30.8,30.8,30.8
2026-06-23 06:00:00+00:00,2026-06-23 07:00:00+00:00,Islamabad,PK,13137731,28.7,µg/m³,100.0,28.7,28.7,28.7
2026-06-23 07:00:00+00:00,2026-06-23 08:00:00+00:00,Islamabad,PK,13137731,25.6,µg/m³,100.0,25.6,25.6,25.6
2026-06-23 08:00:00+00:00,2026-06-23 09:00:00+00:00,Islamabad,PK,13137731,28.1,µg/m³,100.0,28.1,28.1,28.1
2026-06-23 09:00:00+00:00,2026-06-23 10:00:00+00:00,Islamabad,PK,13137731,28.4,µg/m³,100.0,28.4,28.4,28.4
2026-06-23 10:00:00+00:00,2026-06-23 11:00:00+00:00,Islamabad,PK,13137731,28.5,µg/m³,100.0,28.5,28.5,28.5
2026-06-23 11:00:00+00:00,2026-06-23 12:00:00+00:00,Islamabad,PK,13137731,28.2,µg/m³,100.0,28.2,28.2,28.2
2026-06-23 12:00:00+00:00,2026-06-23 13:00:00+00:00,Islamabad,PK,13137731,24.9,µg/m³,100.0,24.9,24.9,24.9
2026-06-23 13:00:00+00:00,2026-06-23 14:00:00+00:00,Islamabad,PK,13137731,26.6,µg/m³,100.0,26.6,26.6,26.6
2026-06-23 14:00:00+00:00,2026-06-23 15:00:00+00:00,Islamabad,PK,13137731,23.4,µg/m³,100.0,23.4,23.4,23.4
2026-06-23 15:00:00+00:00,2026-06-23 16:00:00+00:00,Islamabad,PK,13137731,26.2,µg/m³,100.0,26.2,26.2,26.2
2026-06-23 16:00:00+00:00,2026-06-23 17:00:00+00:00,Islamabad,PK,13137731,38.9,µg/m³,100.0,38.9,38.9,38.9
2026-06-23 17:00:00+00:00,2026-06-23 18:00:00+00:00,Islamabad,PK,13137731,30.7,µg/m³,100.0,30.7,30.7,30.7
2026-06-23 18:00:00+00:00,2026-06-23 19:00:00+00:00,Islamabad,PK,13137731,32.5,µg/m³,100.0,32.5,32.5,32.5
2026-06-23 19:00:00+00:00,2026-06-23 20:00:00+00:00,Islamabad,PK,13137731,35.6,µg/m³,100.0,35.6,35.6,35.6
2026-06-23 20:00:00+00:00,2026-06-23 21:00:00+00:00,Islamabad,PK,13137731,34.5,µg/m³,100.0,34.5,34.5,34.5
2026-06-23 21:00:00+00:00,2026-06-23 22:00:00+00:00,Islamabad,PK,13137731,30.7,µg/m³,100.0,30.7,30.7,30.7
2026-06-23 22:00:00+00:00,2026-06-23 23:00:00+00:00,Islamabad,PK,13137731,32.9,µg/m³,100.0,32.9,32.9,32.9
2026-06-23 23:00:00+00:00,2026-06-24 00:00:00+00:00,Islamabad,PK,13137731,32.3,µg/m³,100.0,32.3,32.3,32.3
2026-06-24 00:00:00+00:00,2026-06-24 01:00:00+00:00,Islamabad,PK,13137731,32.6,µg/m³,100.0,32.6,32.6,32.6
2026-06-24 01:00:00+00:00,2026-06-24 02:00:00+00:00,Islamabad,PK,13137731,35.2,µg/m³,100.0,35.2,35.2,35.2
2026-06-24 02:00:00+00:00,2026-06-24 03:00:00+00:00,Islamabad,PK,13137731,36.2,µg/m³,100.0,36.2,36.2,36.2
2026-06-24 03:00:00+00:00,2026-06-24 04:00:00+00:00,Islamabad,PK,13137731,38.6,µg/m³,100.0,38.6,38.6,38.6
2026-06-24 04:00:00+00:00,2026-06-24 05:00:00+00:00,Islamabad,PK,13137731,46.8,µg/m³,100.0,46.8,46.8,46.8
2026-06-24 05:00:00+00:00,2026-06-24 06:00:00+00:00,Islamabad,PK,13137731,41.2,µg/m³,100.0,41.2,41.2,41.2
2026-06-24 06:00:00+00:00,2026-06-24 07:00:00+00:00,Islamabad,PK,13137731,31.2,µg/m³,100.0,31.2,31.2,31.2
2026-06-24 07:00:00+00:00,2026-06-24 08:00:00+00:00,Islamabad,PK,13137731,33.3,µg/m³,100.0,33.3,33.3,33.3
2026-06-24 08:00:00+00:00,2026-06-24 09:00:00+00:00,Islamabad,PK,13137731,33.4,µg/m³,100.0,33.4,33.4,33.4
2026-06-24 09:00:00+00:00,2026-06-24 10:00:00+00:00,Islamabad,PK,13137731,28.4,µg/m³,100.0,28.4,28.4,28.4
2026-06-24 10:00:00+00:00,2026-06-24 11:00:00+00:00,Islamabad,PK,13137731,24.6,µg/m³,100.0,24.6,24.6,24.6
2026-06-24 11:00:00+00:00,2026-06-24 12:00:00+00:00,Islamabad,PK,13137731,27.7,µg/m³,100.0,27.7,27.7,27.7
2026-06-24 12:00:00+00:00,2026-06-24 13:00:00+00:00,Islamabad,PK,13137731,25.7,µg/m³,100.0,25.7,25.7,25.7
2026-06-24 13:00:00+00:00,2026-06-24 14:00:00+00:00,Islamabad,PK,13137731,27.7,µg/m³,100.0,27.7,27.7,27.7
2026-06-24 14:00:00+00:00,2026-06-24 15:00:00+00:00,Islamabad,PK,13137731,32.1,µg/m³,100.0,32.1,32.1,32.1
2026-06-24 15:00:00+00:00,2026-06-24 16:00:00+00:00,Islamabad,PK,13137731,32.7,µg/m³,100.0,32.7,32.7,32.7
2026-06-24 16:00:00+00:00,2026-06-24 17:00:00+00:00,Islamabad,PK,13137731,40.6,µg/m³,100.0,40.6,40.6,40.6
2026-06-24 17:00:00+00:00,2026-06-24 18:00:00+00:00,Islamabad,PK,13137731,42.8,µg/m³,100.0,42.8,42.8,42.8
2026-06-24 18:00:00+00:00,2026-06-24 19:00:00+00:00,Islamabad,PK,13137731,46.5,µg/m³,100.0,46.5,46.5,46.5
2026-06-24 19:00:00+00:00,2026-06-24 20:00:00+00:00,Islamabad,PK,13137731,44.8,µg/m³,100.0,44.8,44.8,44.8
2026-06-24 20:00:00+00:00,2026-06-24 21:00:00+00:00,Islamabad,PK,13137731,45.6,µg/m³,100.0,45.6,45.6,45.6
2026-06-24 21:00:00+00:00,2026-06-24 22:00:00+00:00,Islamabad,PK,13137731,46.8,µg/m³,100.0,46.8,46.8,46.8
2026-06-24 22:00:00+00:00,2026-06-24 23:00:00+00:00,Islamabad,PK,13137731,47.2,µg/m³,100.0,47.2,47.2,47.2
2026-06-24 23:00:00+00:00,2026-06-25 00:00:00+00:00,Islamabad,PK,13137731,22.1,µg/m³,100.0,22.1,22.1,22.1
2026-06-25 00:00:00+00:00,2026-06-25 01:00:00+00:00,Islamabad,PK,13137731,18.4,µg/m³,100.0,18.4,18.4,18.4
2026-06-25 01:00:00+00:00,2026-06-25 02:00:00+00:00,Islamabad,PK,13137731,18.4,µg/m³,100.0,18.4,18.4,18.4
2026-06-25 02:00:00+00:00,2026-06-25 03:00:00+00:00,Islamabad,PK,13137731,18.9,µg/m³,100.0,18.9,18.9,18.9
2026-06-25 03:00:00+00:00,2026-06-25 04:00:00+00:00,Islamabad,PK,13137731,31.9,µg/m³,100.0,31.9,31.9,31.9
2026-06-25 04:00:00+00:00,2026-06-25 05:00:00+00:00,Islamabad,PK,13137731,39.5,µg/m³,100.0,39.5,39.5,39.5
2026-06-25 05:00:00+00:00,2026-06-25 06:00:00+00:00,Islamabad,PK,13137731,33.7,µg/m³,100.0,33.7,33.7,33.7
2026-06-25 06:00:00+00:00,2026-06-25 07:00:00+00:00,Islamabad,PK,13137731,28.5,µg/m³,100.0,28.5,28.5,28.5
2026-06-25 07:00:00+00:00,2026-06-25 08:00:00+00:00,Islamabad,PK,13137731,25.3,µg/m³,100.0,25.3,25.3,25.3
2026-06-25 08:00:00+00:00,2026-06-25 09:00:00+00:00,Islamabad,PK,13137731,12.0,µg/m³,100.0,12.0,12.0,12.0
2026-06-25 09:00:00+00:00,2026-06-25 10:00:00+00:00,Islamabad,PK,13137731,7.1,µg/m³,100.0,7.1,7.1,7.1
2026-06-25 10:00:00+00:00,2026-06-25 11:00:00+00:00,Islamabad,PK,13137731,12.8,µg/m³,100.0,12.8,12.8,12.8
2026-06-25 11:00:00+00:00,2026-06-25 12:00:00+00:00,Islamabad,PK,13137731,9.4,µg/m³,100.0,9.4,9.4,9.4
2026-06-25 12:00:00+00:00,2026-06-25 13:00:00+00:00,Islamabad,PK,13137731,9.0,µg/m³,100.0,9.0,9.0,9.0
2026-06-25 13:00:00+00:00,2026-06-25 14:00:00+00:00,Islamabad,PK,13137731,12.8,µg/m³,100.0,12.8,12.8,12.8
2026-06-25 14:00:00+00:00,2026-06-25 15:00:00+00:00,Islamabad,PK,13137731,18.1,µg/m³,100.0,18.1,18.1,18.1
2026-06-25 15:00:00+00:00,2026-06-25 16:00:00+00:00,Islamabad,PK,13137731,101.0,µg/m³,100.0,101.3,101.3,101.3
2026-06-25 16:00:00+00:00,2026-06-25 17:00:00+00:00,Islamabad,PK,13137731,62.2,µg/m³,100.0,62.2,62.2,62.2
2026-06-25 17:00:00+00:00,2026-06-25 18:00:00+00:00,Islamabad,PK,13137731,88.7,µg/m³,100.0,88.7,88.7,88.7
2026-06-25 18:00:00+00:00,2026-06-25 19:00:00+00:00,Islamabad,PK,13137731,153.0,µg/m³,100.0,152.5,152.5,152.5
2026-06-25 19:00:00+00:00,2026-06-25 20:00:00+00:00,Islamabad,PK,13137731,76.2,µg/m³,100.0,76.2,76.2,76.2
2026-06-25 20:00:00+00:00,2026-06-25 21:00:00+00:00,Islamabad,PK,13137731,31.1,µg/m³,100.0,31.1,31.1,31.1
2026-06-25 21:00:00+00:00,2026-06-25 22:00:00+00:00,Islamabad,PK,13137731,88.6,µg/m³,100.0,88.6,88.6,88.6
2026-06-25 22:00:00+00:00,2026-06-25 23:00:00+00:00,Islamabad,PK,13137731,74.9,µg/m³,100.0,74.9,74.9,74.9
2026-06-25 23:00:00+00:00,2026-06-26 00:00:00+00:00,Islamabad,PK,13137731,45.1,µg/m³,100.0,45.1,45.1,45.1
2026-06-26 00:00:00+00:00,2026-06-26 01:00:00+00:00,Islamabad,PK,13137731,74.3,µg/m³,100.0,74.3,74.3,74.3
2026-06-26 01:00:00+00:00,2026-06-26 02:00:00+00:00,Islamabad,PK,13137731,67.8,µg/m³,100.0,67.8,67.8,67.8
2026-06-26 02:00:00+00:00,2026-06-26 03:00:00+00:00,Islamabad,PK,13137731,34.4,µg/m³,100.0,34.4,34.4,34.4
2026-06-26 03:00:00+00:00,2026-06-26 04:00:00+00:00,Islamabad,PK,13137731,28.4,µg/m³,100.0,28.4,28.4,28.4
2026-06-26 04:00:00+00:00,2026-06-26 05:00:00+00:00,Islamabad,PK,13137731,24.4,µg/m³,100.0,24.4,24.4,24.4
2026-06-26 05:00:00+00:00,2026-06-26 06:00:00+00:00,Islamabad,PK,13137731,26.5,µg/m³,100.0,26.5,26.5,26.5
2026-06-26 06:00:00+00:00,2026-06-26 07:00:00+00:00,Islamabad,PK,13137731,29.1,µg/m³,100.0,29.1,29.1,29.1
2026-06-26 07:00:00+00:00,2026-06-26 08:00:00+00:00,Islamabad,PK,13137731,30.5,µg/m³,100.0,30.5,30.5,30.5
2026-06-26 08:00:00+00:00,2026-06-26 09:00:00+00:00,Islamabad,PK,13137731,31.4,µg/m³,100.0,31.4,31.4,31.4
2026-06-26 09:00:00+00:00,2026-06-26 10:00:00+00:00,Islamabad,PK,13137731,31.2,µg/m³,100.0,31.2,31.2,31.2
2026-06-26 10:00:00+00:00,2026-06-26 11:00:00+00:00,Islamabad,PK,13137731,28.8,µg/m³,100.0,28.8,28.8,28.8
2026-06-26 11:00:00+00:00,2026-06-26 12:00:00+00:00,Islamabad,PK,13137731,29.0,µg/m³,100.0,29.0,29.0,29.0
2026-06-26 12:00:00+00:00,2026-06-26 13:00:00+00:00,Islamabad,PK,13137731,28.4,µg/m³,100.0,28.4,28.4,28.4
2026-06-26 13:00:00+00:00,2026-06-26 14:00:00+00:00,Islamabad,PK,13137731,28.6,µg/m³,100.0,28.6,28.6,28.6
2026-06-26 14:00:00+00:00,2026-06-26 15:00:00+00:00,Islamabad,PK,13137731,30.1,µg/m³,100.0,30.1,30.1,30.1
2026-06-26 15:00:00+00:00,2026-06-26 16:00:00+00:00,Islamabad,PK,13137731,26.7,µg/m³,100.0,26.7,26.7,26.7
2026-06-26 16:00:00+00:00,2026-06-26 17:00:00+00:00,Islamabad,PK,13137731,20.6,µg/m³,100.0,20.6,20.6,20.6
2026-06-26 17:00:00+00:00,2026-06-26 18:00:00+00:00,Islamabad,PK,13137731,28.8,µg/m³,100.0,28.8,28.8,28.8
2026-06-26 18:00:00+00:00,2026-06-26 19:00:00+00:00,Islamabad,PK,13137731,32.2,µg/m³,100.0,32.2,32.2,32.2
2026-06-26 19:00:00+00:00,2026-06-26 20:00:00+00:00,Islamabad,PK,13137731,30.8,µg/m³,100.0,30.8,30.8,30.8
2026-06-26 20:00:00+00:00,2026-06-26 21:00:00+00:00,Islamabad,PK,13137731,33.0,µg/m³,100.0,33.0,33.0,33.0
2026-06-26 21:00:00+00:00,2026-06-26 22:00:00+00:00,Islamabad,PK,13137731,34.1,µg/m³,100.0,34.1,34.1,34.1
2026-06-26 22:00:00+00:00,2026-06-26 23:00:00+00:00,Islamabad,PK,13137731,31.8,µg/m³,100.0,31.8,31.8,31.8
2026-06-26 23:00:00+00:00,2026-06-27 00:00:00+00:00,Islamabad,PK,13137731,37.0,µg/m³,100.0,37.0,37.0,37.0
2026-06-27 00:00:00+00:00,2026-06-27 01:00:00+00:00,Islamabad,PK,13137731,35.2,µg/m³,100.0,35.2,35.2,35.2
2026-06-27 01:00:00+00:00,2026-06-27 02:00:00+00:00,Islamabad,PK,13137731,38.3,µg/m³,100.0,38.3,38.3,38.3
2026-06-27 02:00:00+00:00,2026-06-27 03:00:00+00:00,Islamabad,PK,13137731,39.4,µg/m³,100.0,39.4,39.4,39.4
2026-06-27 03:00:00+00:00,2026-06-27 04:00:00+00:00,Islamabad,PK,13137731,36.5,µg/m³,100.0,36.5,36.5,36.5
2026-06-27 04:00:00+00:00,2026-06-27 05:00:00+00:00,Islamabad,PK,13137731,39.8,µg/m³,100.0,39.8,39.8,39.8
2026-06-27 05:00:00+00:00,2026-06-27 06:00:00+00:00,Islamabad,PK,13137731,39.6,µg/m³,100.0,39.6,39.6,39.6
2026-06-27 06:00:00+00:00,2026-06-27 07:00:00+00:00,Islamabad,PK,13137731,40.0,µg/m³,100.0,40.0,40.0,40.0
2026-06-27 07:00:00+00:00,2026-06-27 08:00:00+00:00,Islamabad,PK,13137731,39.5,µg/m³,100.0,39.5,39.5,39.5
2026-06-27 08:00:00+00:00,2026-06-27 09:00:00+00:00,Islamabad,PK,13137731,35.9,µg/m³,100.0,35.9,35.9,35.9
2026-06-27 09:00:00+00:00,2026-06-27 10:00:00+00:00,Islamabad,PK,13137731,28.5,µg/m³,100.0,28.5,28.5,28.5
2026-06-27 10:00:00+00:00,2026-06-27 11:00:00+00:00,Islamabad,PK,13137731,33.4,µg/m³,100.0,33.4,33.4,33.4
2026-06-27 11:00:00+00:00,2026-06-27 12:00:00+00:00,Islamabad,PK,13137731,35.0,µg/m³,100.0,35.0,35.0,35.0
2026-06-27 12:00:00+00:00,2026-06-27 13:00:00+00:00,Islamabad,PK,13137731,34.1,µg/m³,100.0,34.1,34.1,34.1
2026-06-27 13:00:00+00:00,2026-06-27 14:00:00+00:00,Islamabad,PK,13137731,34.0,µg/m³,100.0,34.0,34.0,34.0
2026-06-27 14:00:00+00:00,2026-06-27 15:00:00+00:00,Islamabad,PK,13137731,35.0,µg/m³,100.0,35.0,35.0,35.0
2026-06-27 15:00:00+00:00,2026-06-27 16:00:00+00:00,Islamabad,PK,13137731,36.6,µg/m³,100.0,36.6,36.6,36.6
2026-06-27 16:00:00+00:00,2026-06-27 17:00:00+00:00,Islamabad,PK,13137731,45.0,µg/m³,100.0,45.0,45.0,45.0
2026-06-27 17:00:00+00:00,2026-06-27 18:00:00+00:00,Islamabad,PK,13137731,38.2,µg/m³,100.0,38.2,38.2,38.2
2026-06-27 18:00:00+00:00,2026-06-27 19:00:00+00:00,Islamabad,PK,13137731,37.1,µg/m³,100.0,37.1,37.1,37.1
2026-06-27 19:00:00+00:00,2026-06-27 20:00:00+00:00,Islamabad,PK,13137731,38.0,µg/m³,100.0,38.0,38.0,38.0
2026-06-27 20:00:00+00:00,2026-06-27 21:00:00+00:00,Islamabad,PK,13137731,41.1,µg/m³,100.0,41.1,41.1,41.1
2026-06-27 21:00:00+00:00,2026-06-27 22:00:00+00:00,Islamabad,PK,13137731,39.7,µg/m³,100.0,39.7,39.7,39.7
2026-06-27 22:00:00+00:00,2026-06-27 23:00:00+00:00,Islamabad,PK,13137731,40.4,µg/m³,100.0,40.4,40.4,40.4
2026-06-27 23:00:00+00:00,2026-06-28 00:00:00+00:00,Islamabad,PK,13137731,42.2,µg/m³,100.0,42.2,42.2,42.2
2026-06-28 00:00:00+00:00,2026-06-28 01:00:00+00:00,Islamabad,PK,13137731,43.3,µg/m³,100.0,43.3,43.3,43.3
2026-06-28 01:00:00+00:00,2026-06-28 02:00:00+00:00,Islamabad,PK,13137731,64.8,µg/m³,100.0,64.8,64.8,64.8
2026-06-28 02:00:00+00:00,2026-06-28 03:00:00+00:00,Islamabad,PK,13137731,48.6,µg/m³,100.0,48.6,48.6,48.6
2026-06-28 03:00:00+00:00,2026-06-28 04:00:00+00:00,Islamabad,PK,13137731,43.2,µg/m³,100.0,43.2,43.2,43.2
2026-06-28 04:00:00+00:00,2026-06-28 05:00:00+00:00,Islamabad,PK,13137731,46.4,µg/m³,100.0,46.4,46.4,46.4
2026-06-28 05:00:00+00:00,2026-06-28 06:00:00+00:00,Islamabad,PK,13137731,43.4,µg/m³,100.0,43.4,43.4,43.4
2026-06-28 06:00:00+00:00,2026-06-28 07:00:00+00:00,Islamabad,PK,13137731,43.0,µg/m³,100.0,43.0,43.0,43.0
2026-06-28 07:00:00+00:00,2026-06-28 08:00:00+00:00,Islamabad,PK,13137731,39.0,µg/m³,100.0,39.0,39.0,39.0
2026-06-28 08:00:00+00:00,2026-06-28 09:00:00+00:00,Islamabad,PK,13137731,37.3,µg/m³,100.0,37.3,37.3,37.3
2026-06-28 09:00:00+00:00,2026-06-28 10:00:00+00:00,Islamabad,PK,13137731,35.8,µg/m³,100.0,35.8,35.8,35.8
2026-06-28 10:00:00+00:00,2026-06-28 11:00:00+00:00,Islamabad,PK,13137731,33.6,µg/m³,100.0,33.6,33.6,33.6
2026-06-28 11:00:00+00:00,2026-06-28 12:00:00+00:00,Islamabad,PK,13137731,30.9,µg/m³,100.0,30.9,30.9,30.9
2026-06-28 12:00:00+00:00,2026-06-28 13:00:00+00:00,Islamabad,PK,13137731,26.8,µg/m³,100.0,26.8,26.8,26.8
2026-06-28 13:00:00+00:00,2026-06-28 14:00:00+00:00,Islamabad,PK,13137731,27.3,µg/m³,100.0,27.3,27.3,27.3
2026-06-28 14:00:00+00:00,2026-06-28 15:00:00+00:00,Islamabad,PK,13137731,40.4,µg/m³,100.0,40.4,40.4,40.4
2026-06-28 15:00:00+00:00,2026-06-28 16:00:00+00:00,Islamabad,PK,13137731,42.0,µg/m³,100.0,42.0,42.0,42.0
2026-06-28 16:00:00+00:00,2026-06-28 17:00:00+00:00,Islamabad,PK,13137731,43.6,µg/m³,100.0,43.6,43.6,43.6
2026-06-28 17:00:00+00:00,2026-06-28 18:00:00+00:00,Islamabad,PK,13137731,46.2,µg/m³,100.0,46.2,46.2,46.2
2026-06-28 18:00:00+00:00,2026-06-28 19:00:00+00:00,Islamabad,PK,13137731,45.4,µg/m³,100.0,45.4,45.4,45.4
2026-06-28 19:00:00+00:00,2026-06-28 20:00:00+00:00,Islamabad,PK,13137731,44.8,µg/m³,100.0,44.8,44.8,44.8
2026-06-28 20:00:00+00:00,2026-06-28 21:00:00+00:00,Islamabad,PK,13137731,44.4,µg/m³,100.0,44.4,44.4,44.4
2026-06-28 21:00:00+00:00,2026-06-28 22:00:00+00:00,Islamabad,PK,13137731,42.0,µg/m³,100.0,42.0,42.0,42.0
2026-06-28 22:00:00+00:00,2026-06-28 23:00:00+00:00,Islamabad,PK,13137731,41.7,µg/m³,100.0,41.7,41.7,41.7
2026-06-28 23:00:00+00:00,2026-06-29 00:00:00+00:00,Islamabad,PK,13137731,42.0,µg/m³,100.0,42.0,42.0,42.0
2026-06-29 00:00:00+00:00,2026-06-29 01:00:00+00:00,Islamabad,PK,13137731,44.1,µg/m³,100.0,44.1,44.1,44.1
2026-06-29 01:00:00+00:00,2026-06-29 02:00:00+00:00,Islamabad,PK,13137731,44.0,µg/m³,100.0,44.0,44.0,44.0
2026-06-29 02:00:00+00:00,2026-06-29 03:00:00+00:00,Islamabad,PK,13137731,43.5,µg/m³,100.0,43.5,43.5,43.5
2026-06-29 03:00:00+00:00,2026-06-29 04:00:00+00:00,Islamabad,PK,13137731,44.4,µg/m³,100.0,44.4,44.4,44.4
2026-06-29 04:00:00+00:00,2026-06-29 05:00:00+00:00,Islamabad,PK,13137731,45.9,µg/m³,100.0,45.9,45.9,45.9
2026-06-29 05:00:00+00:00,2026-06-29 06:00:00+00:00,Islamabad,PK,13137731,44.6,µg/m³,100.0,44.6,44.6,44.6
2026-06-29 06:00:00+00:00,2026-06-29 07:00:00+00:00,Islamabad,PK,13137731,43.5,µg/m³,100.0,43.5,43.5,43.5
2026-06-29 07:00:00+00:00,2026-06-29 08:00:00+00:00,Islamabad,PK,13137731,48.1,µg/m³,100.0,48.1,48.1,48.1
2026-06-29 08:00:00+00:00,2026-06-29 09:00:00+00:00,Islamabad,PK,13137731,47.3,µg/m³,100.0,47.3,47.3,47.3
2026-06-29 09:00:00+00:00,2026-06-29 10:00:00+00:00,Islamabad,PK,13137731,44.9,µg/m³,100.0,44.9,44.9,44.9
2026-06-29 10:00:00+00:00,2026-06-29 11:00:00+00:00,Islamabad,PK,13137731,45.5,µg/m³,100.0,45.5,45.5,45.5
2026-06-29 11:00:00+00:00,2026-06-29 12:00:00+00:00,Islamabad,PK,13137731,45.3,µg/m³,100.0,45.3,45.3,45.3
2026-06-29 12:00:00+00:00,2026-06-29 13:00:00+00:00,Islamabad,PK,13137731,48.6,µg/m³,100.0,48.6,48.6,48.6
2026-06-29 13:00:00+00:00,2026-06-29 14:00:00+00:00,Islamabad,PK,13137731,50.9,µg/m³,100.0,50.9,50.9,50.9
2026-06-29 14:00:00+00:00,2026-06-29 15:00:00+00:00,Islamabad,PK,13137731,49.3,µg/m³,100.0,49.3,49.3,49.3
2026-06-29 15:00:00+00:00,2026-06-29 16:00:00+00:00,Islamabad,PK,13137731,50.3,µg/m³,100.0,50.3,50.3,50.3
2026-06-29 16:00:00+00:00,2026-06-29 17:00:00+00:00,Islamabad,PK,13137731,61.7,µg/m³,100.0,61.7,61.7,61.7
2026-06-29 17:00:00+00:00,2026-06-29 18:00:00+00:00,Islamabad,PK,13137731,53.0,µg/m³,100.0,53.0,53.0,53.0
2026-06-29 18:00:00+00:00,2026-06-29 19:00:00+00:00,Islamabad,PK,13137731,56.0,µg/m³,100.0,56.0,56.0,56.0
2026-06-29 19:00:00+00:00,2026-06-29 20:00:00+00:00,Islamabad,PK,13137731,51.2,µg/m³,100.0,51.2,51.2,51.2
2026-06-29 20:00:00+00:00,2026-06-29 21:00:00+00:00,Islamabad,PK,13137731,49.7,µg/m³,100.0,49.7,49.7,49.7
2026-06-29 21:00:00+00:00,2026-06-29 22:00:00+00:00,Islamabad,PK,13137731,49.5,µg/m³,100.0,49.5,49.5,49.5
2026-06-29 22:00:00+00:00,2026-06-29 23:00:00+00:00,Islamabad,PK,13137731,49.8,µg/m³,100.0,49.8,49.8,49.8
2026-06-29 23:00:00+00:00,2026-06-30 00:00:00+00:00,Islamabad,PK,13137731,50.5,µg/m³,100.0,50.5,50.5,50.5
2026-06-30 00:00:00+00:00,2026-06-30 01:00:00+00:00,Islamabad,PK,13137731,54.6,µg/m³,100.0,54.6,54.6,54.6
2026-06-30 01:00:00+00:00,2026-06-30 02:00:00+00:00,Islamabad,PK,13137731,60.9,µg/m³,100.0,60.9,60.9,60.9
2026-06-30 02:00:00+00:00,2026-06-30 03:00:00+00:00,Islamabad,PK,13137731,55.4,µg/m³,100.0,55.4,55.4,55.4
2026-06-30 03:00:00+00:00,2026-06-30 04:00:00+00:00,Islamabad,PK,13137731,55.4,µg/m³,100.0,55.4,55.4,55.4
2026-06-30 04:00:00+00:00,2026-06-30 05:00:00+00:00,Islamabad,PK,13137731,59.1,µg/m³,100.0,59.1,59.1,59.1
2026-06-30 05:00:00+00:00,2026-06-30 06:00:00+00:00,Islamabad,PK,13137731,53.8,µg/m³,100.0,53.8,53.8,53.8
2026-06-30 06:00:00+00:00,2026-06-30 07:00:00+00:00,Islamabad,PK,13137731,47.0,µg/m³,100.0,47.0,47.0,47.0
2026-06-30 07:00:00+00:00,2026-06-30 08:00:00+00:00,Islamabad,PK,13137731,46.3,µg/m³,100.0,46.3,46.3,46.3
2026-06-30 08:00:00+00:00,2026-06-30 09:00:00+00:00,Islamabad,PK,13137731,41.2,µg/m³,100.0,41.2,41.2,41.2
2026-06-30 09:00:00+00:00,2026-06-30 10:00:00+00:00,Islamabad,PK,13137731,40.9,µg/m³,100.0,40.9,40.9,40.9
2026-06-30 10:00:00+00:00,2026-06-30 11:00:00+00:00,Islamabad,PK,13137731,41.2,µg/m³,100.0,41.2,41.2,41.2
2026-06-30 11:00:00+00:00,2026-06-30 12:00:00+00:00,Islamabad,PK,13137731,43.0,µg/m³,100.0,43.0,43.0,43.0
2026-06-30 12:00:00+00:00,2026-06-30 13:00:00+00:00,Islamabad,PK,13137731,45.5,µg/m³,100.0,45.5,45.5,45.5
2026-06-30 13:00:00+00:00,2026-06-30 14:00:00+00:00,Islamabad,PK,13137731,49.3,µg/m³,100.0,49.3,49.3,49.3
2026-06-30 14:00:00+00:00,2026-06-30 15:00:00+00:00,Islamabad,PK,13137731,51.1,µg/m³,100.0,51.1,51.1,51.1
2026-06-30 15:00:00+00:00,2026-06-30 16:00:00+00:00,Islamabad,PK,13137731,57.0,µg/m³,100.0,57.0,57.0,57.0
2026-06-30 16:00:00+00:00,2026-06-30 17:00:00+00:00,Islamabad,PK,13137731,55.9,µg/m³,100.0,55.9,55.9,55.9
2026-06-30 17:00:00+00:00,2026-06-30 18:00:00+00:00,Islamabad,PK,13137731,58.0,µg/m³,100.0,58.0,58.0,58.0
2026-06-30 18:00:00+00:00,2026-06-30 19:00:00+00:00,Islamabad,PK,13137731,62.2,µg/m³,100.0,62.2,62.2,62.2
2026-06-30 19:00:00+00:00,2026-06-30 20:00:00+00:00,Islamabad,PK,13137731,60.7,µg/m³,100.0,60.7,60.7,60.7
2026-06-30 20:00:00+00:00,2026-06-30 21:00:00+00:00,Islamabad,PK,13137731,64.3,µg/m³,100.0,64.3,64.3,64.3
2026-06-30 21:00:00+00:00,2026-06-30 22:00:00+00:00,Islamabad,PK,13137731,63.6,µg/m³,100.0,63.6,63.6,63.6
2026-06-30 22:00:00+00:00,2026-06-30 23:00:00+00:00,Islamabad,PK,13137731,64.4,µg/m³,100.0,64.4,64.4,64.4
2026-06-30 23:00:00+00:00,2026-07-01 00:00:00+00:00,Islamabad,PK,13137731,68.4,µg/m³,100.0,68.4,68.4,68.4
2026-07-01 00:00:00+00:00,2026-07-01 01:00:00+00:00,Islamabad,PK,13137731,71.9,µg/m³,100.0,71.9,71.9,71.9
2026-07-01 01:00:00+00:00,2026-07-01 02:00:00+00:00,Islamabad,PK,13137731,67.7,µg/m³,100.0,67.7,67.7,67.7
2026-07-01 02:00:00+00:00,2026-07-01 03:00:00+00:00,Islamabad,PK,13137731,60.5,µg/m³,100.0,60.5,60.5,60.5
2026-07-01 03:00:00+00:00,2026-07-01 04:00:00+00:00,Islamabad,PK,13137731,62.4,µg/m³,100.0,62.4,62.4,62.4
2026-07-01 04:00:00+00:00,2026-07-01 05:00:00+00:00,Islamabad,PK,13137731,53.3,µg/m³,100.0,53.3,53.3,53.3
2026-07-01 05:00:00+00:00,2026-07-01 06:00:00+00:00,Islamabad,PK,13137731,47.4,µg/m³,100.0,47.4,47.4,47.4
2026-07-01 06:00:00+00:00,2026-07-01 07:00:00+00:00,Islamabad,PK,13137731,44.1,µg/m³,100.0,44.1,44.1,44.1
2026-07-01 07:00:00+00:00,2026-07-01 08:00:00+00:00,Islamabad,PK,13137731,45.5,µg/m³,100.0,45.5,45.5,45.5
2026-07-01 08:00:00+00:00,2026-07-01 09:00:00+00:00,Islamabad,PK,13137731,50.2,µg/m³,100.0,50.2,50.2,50.2
2026-07-01 09:00:00+00:00,2026-07-01 10:00:00+00:00,Islamabad,PK,13137731,51.3,µg/m³,100.0,51.3,51.3,51.3
2026-07-01 10:00:00+00:00,2026-07-01 11:00:00+00:00,Islamabad,PK,13137731,47.7,µg/m³,100.0,47.7,47.7,47.7
2026-07-01 11:00:00+00:00,2026-07-01 12:00:00+00:00,Islamabad,PK,13137731,39.4,µg/m³,100.0,39.4,39.4,39.4
2026-07-01 12:00:00+00:00,2026-07-01 13:00:00+00:00,Islamabad,PK,13137731,32.5,µg/m³,100.0,32.5,32.5,32.5
2026-07-01 13:00:00+00:00,2026-07-01 14:00:00+00:00,Islamabad,PK,13137731,24.4,µg/m³,100.0,24.4,24.4,24.4
2026-07-01 14:00:00+00:00,2026-07-01 15:00:00+00:00,Islamabad,PK,13137731,25.3,µg/m³,100.0,25.3,25.3,25.3
2026-07-01 15:00:00+00:00,2026-07-01 16:00:00+00:00,Islamabad,PK,13137731,30.9,µg/m³,100.0,30.9,30.9,30.9
2026-07-01 16:00:00+00:00,2026-07-01 17:00:00+00:00,Islamabad,PK,13137731,29.2,µg/m³,100.0,29.2,29.2,29.2
2026-07-01 17:00:00+00:00,2026-07-01 18:00:00+00:00,Islamabad,PK,13137731,22.4,µg/m³,100.0,22.4,22.4,22.4
2026-07-01 18:00:00+00:00,2026-07-01 19:00:00+00:00,Islamabad,PK,13137731,32.2,µg/m³,100.0,32.2,32.2,32.2
2026-07-01 19:00:00+00:00,2026-07-01 20:00:00+00:00,Islamabad,PK,13137731,27.3,µg/m³,100.0,27.3,27.3,27.3
2026-07-01 20:00:00+00:00,2026-07-01 21:00:00+00:00,Islamabad,PK,13137731,26.3,µg/m³,100.0,26.3,26.3,26.3
2026-07-01 21:00:00+00:00,2026-07-01 22:00:00+00:00,Islamabad,PK,13137731,30.2,µg/m³,100.0,30.2,30.2,30.2
2026-07-01 22:00:00+00:00,2026-07-01 23:00:00+00:00,Islamabad,PK,13137731,27.9,µg/m³,100.0,27.9,27.9,27.9
2026-07-01 23:00:00+00:00,2026-07-02 00:00:00+00:00,Islamabad,PK,13137731,24.3,µg/m³,100.0,24.3,24.3,24.3
2026-07-02 00:00:00+00:00,2026-07-02 01:00:00+00:00,Islamabad,PK,13137731,13.2,µg/m³,100.0,13.2,13.2,13.2
2026-07-02 01:00:00+00:00,2026-07-02 02:00:00+00:00,Islamabad,PK,13137731,11.1,µg/m³,100.0,11.1,11.1,11.1
2026-07-02 02:00:00+00:00,2026-07-02 03:00:00+00:00,Islamabad,PK,13137731,21.9,µg/m³,100.0,21.9,21.9,21.9
2026-07-02 03:00:00+00:00,2026-07-02 04:00:00+00:00,Islamabad,PK,13137731,22.7,µg/m³,100.0,22.7,22.7,22.7
2026-07-02 04:00:00+00:00,2026-07-02 05:00:00+00:00,Islamabad,PK,13137731,21.1,µg/m³,100.0,21.1,21.1,21.1
2026-07-02 05:00:00+00:00,2026-07-02 06:00:00+00:00,Islamabad,PK,13137731,25.2,µg/m³,100.0,25.2,25.2,25.2
2026-07-02 06:00:00+00:00,2026-07-02 07:00:00+00:00,Islamabad,PK,13137731,22.5,µg/m³,100.0,22.5,22.5,22.5
2026-07-02 07:00:00+00:00,2026-07-02 08:00:00+00:00,Islamabad,PK,13137731,25.3,µg/m³,100.0,25.3,25.3,25.3
2026-07-02 08:00:00+00:00,2026-07-02 09:00:00+00:00,Islamabad,PK,13137731,26.3,µg/m³,100.0,26.3,26.3,26.3
2026-07-02 09:00:00+00:00,2026-07-02 10:00:00+00:00,Islamabad,PK,13137731,33.0,µg/m³,100.0,33.0,33.0,33.0
2026-07-02 10:00:00+00:00,2026-07-02 11:00:00+00:00,Islamabad,PK,13137731,34.1,µg/m³,100.0,34.1,34.1,34.1
2026-07-02 11:00:00+00:00,2026-07-02 12:00:00+00:00,Islamabad,PK,13137731,33.5,µg/m³,100.0,33.5,33.5,33.5
2026-07-02 12:00:00+00:00,2026-07-02 13:00:00+00:00,Islamabad,PK,13137731,31.7,µg/m³,100.0,31.7,31.7,31.7
2026-07-02 13:00:00+00:00,2026-07-02 14:00:00+00:00,Islamabad,PK,13137731,32.5,µg/m³,100.0,32.5,32.5,32.5
2026-07-02 14:00:00+00:00,2026-07-02 15:00:00+00:00,Islamabad,PK,13137731,38.0,µg/m³,100.0,38.0,38.0,38.0
2026-07-02 15:00:00+00:00,2026-07-02 16:00:00+00:00,Islamabad,PK,13137731,39.9,µg/m³,100.0,39.9,39.9,39.9
2026-07-02 16:00:00+00:00,2026-07-02 17:00:00+00:00,Islamabad,PK,13137731,42.7,µg/m³,100.0,42.7,42.7,42.7
2026-07-02 17:00:00+00:00,2026-07-02 18:00:00+00:00,Islamabad,PK,13137731,45.6,µg/m³,100.0,45.6,45.6,45.6
2026-07-02 18:00:00+00:00,2026-07-02 19:00:00+00:00,Islamabad,PK,13137731,41.6,µg/m³,100.0,41.6,41.6,41.6
2026-07-02 19:00:00+00:00,2026-07-02 20:00:00+00:00,Islamabad,PK,13137731,43.5,µg/m³,100.0,43.5,43.5,43.5
2026-07-02 20:00:00+00:00,2026-07-02 21:00:00+00:00,Islamabad,PK,13137731,40.3,µg/m³,100.0,40.3,40.3,40.3
2026-07-02 21:00:00+00:00,2026-07-02 22:00:00+00:00,Islamabad,PK,13137731,40.6,µg/m³,100.0,40.6,40.6,40.6
2026-07-02 22:00:00+00:00,2026-07-02 23:00:00+00:00,Islamabad,PK,13137731,40.2,µg/m³,100.0,40.2,40.2,40.2
2026-07-02 23:00:00+00:00,2026-07-03 00:00:00+00:00,Islamabad,PK,13137731,40.2,µg/m³,100.0,40.2,40.2,40.2
2026-07-03 00:00:00+00:00,2026-07-03 01:00:00+00:00,Islamabad,PK,13137731,37.2,µg/m³,100.0,37.2,37.2,37.2
2026-07-03 01:00:00+00:00,2026-07-03 02:00:00+00:00,Islamabad,PK,13137731,34.2,µg/m³,100.0,34.2,34.2,34.2
2026-07-03 02:00:00+00:00,2026-07-03 03:00:00+00:00,Islamabad,PK,13137731,35.1,µg/m³,100.0,35.1,35.1,35.1
2026-07-03 03:00:00+00:00,2026-07-03 04:00:00+00:00,Islamabad,PK,13137731,37.7,µg/m³,100.0,37.7,37.7,37.7
2026-07-03 04:00:00+00:00,2026-07-03 05:00:00+00:00,Islamabad,PK,13137731,41.6,µg/m³,100.0,41.6,41.6,41.6
2026-07-03 05:00:00+00:00,2026-07-03 06:00:00+00:00,Islamabad,PK,13137731,47.6,µg/m³,100.0,47.6,47.6,47.6
2026-07-03 06:00:00+00:00,2026-07-03 07:00:00+00:00,Islamabad,PK,13137731,51.9,µg/m³,100.0,51.9,51.9,51.9
2026-07-03 07:00:00+00:00,2026-07-03 08:00:00+00:00,Islamabad,PK,13137731,47.0,µg/m³,100.0,47.0,47.0,47.0
2026-07-03 08:00:00+00:00,2026-07-03 09:00:00+00:00,Islamabad,PK,13137731,46.7,µg/m³,100.0,46.7,46.7,46.7
2026-07-03 09:00:00+00:00,2026-07-03 10:00:00+00:00,Islamabad,PK,13137731,47.0,µg/m³,100.0,47.0,47.0,47.0
2026-07-03 10:00:00+00:00,2026-07-03 11:00:00+00:00,Islamabad,PK,13137731,44.8,µg/m³,100.0,44.8,44.8,44.8
2026-07-03 11:00:00+00:00,2026-07-03 12:00:00+00:00,Islamabad,PK,13137731,45.5,µg/m³,100.0,45.5,45.5,45.5
2026-07-03 12:00:00+00:00,2026-07-03 13:00:00+00:00,Islamabad,PK,13137731,36.1,µg/m³,100.0,36.1,36.1,36.1
2026-07-03 13:00:00+00:00,2026-07-03 14:00:00+00:00,Islamabad,PK,13137731,32.9,µg/m³,100.0,32.9,32.9,32.9
2026-07-03 14:00:00+00:00,2026-07-03 15:00:00+00:00,Islamabad,PK,13137731,34.2,µg/m³,100.0,34.2,34.2,34.2
2026-07-03 15:00:00+00:00,2026-07-03 16:00:00+00:00,Islamabad,PK,13137731,40.5,µg/m³,100.0,40.5,40.5,40.5
2026-07-03 16:00:00+00:00,2026-07-03 17:00:00+00:00,Islamabad,PK,13137731,44.9,µg/m³,100.0,44.9,44.9,44.9
2026-07-03 17:00:00+00:00,2026-07-03 18:00:00+00:00,Islamabad,PK,13137731,45.0,µg/m³,100.0,45.0,45.0,45.0
2026-07-03 18:00:00+00:00,2026-07-03 19:00:00+00:00,Islamabad,PK,13137731,43.6,µg/m³,100.0,43.6,43.6,43.6
2026-07-03 19:00:00+00:00,2026-07-03 20:00:00+00:00,Islamabad,PK,13137731,43.9,µg/m³,100.0,43.9,43.9,43.9
2026-07-03 20:00:00+00:00,2026-07-03 21:00:00+00:00,Islamabad,PK,13137731,42.9,µg/m³,100.0,42.9,42.9,42.9
2026-07-03 21:00:00+00:00,2026-07-03 22:00:00+00:00,Islamabad,PK,13137731,40.0,µg/m³,100.0,40.0,40.0,40.0
2026-07-03 22:00:00+00:00,2026-07-03 23:00:00+00:00,Islamabad,PK,13137731,42.4,µg/m³,100.0,42.4,42.4,42.4
2026-07-03 23:00:00+00:00,2026-07-04 00:00:00+00:00,Islamabad,PK,13137731,44.5,µg/m³,100.0,44.5,44.5,44.5
2026-07-04 00:00:00+00:00,2026-07-04 01:00:00+00:00,Islamabad,PK,13137731,44.5,µg/m³,100.0,44.5,44.5,44.5
2026-07-04 01:00:00+00:00,2026-07-04 02:00:00+00:00,Islamabad,PK,13137731,43.1,µg/m³,100.0,43.1,43.1,43.1
2026-07-04 02:00:00+00:00,2026-07-04 03:00:00+00:00,Islamabad,PK,13137731,43.3,µg/m³,100.0,43.3,43.3,43.3
2026-07-04 03:00:00+00:00,2026-07-04 04:00:00+00:00,Islamabad,PK,13137731,42.0,µg/m³,100.0,42.0,42.0,42.0
2026-07-04 04:00:00+00:00,2026-07-04 05:00:00+00:00,Islamabad,PK,13137731,44.3,µg/m³,100.0,44.3,44.3,44.3
2026-07-04 05:00:00+00:00,2026-07-04 06:00:00+00:00,Islamabad,PK,13137731,44.8,µg/m³,100.0,44.8,44.8,44.8
2026-07-04 06:00:00+00:00,2026-07-04 07:00:00+00:00,Islamabad,PK,13137731,43.5,µg/m³,100.0,43.5,43.5,43.5
2026-07-04 07:00:00+00:00,2026-07-04 08:00:00+00:00,Islamabad,PK,13137731,37.7,µg/m³,100.0,37.7,37.7,37.7
2026-07-04 08:00:00+00:00,2026-07-04 09:00:00+00:00,Islamabad,PK,13137731,48.4,µg/m³,100.0,48.4,48.4,48.4
2026-07-04 09:00:00+00:00,2026-07-04 10:00:00+00:00,Islamabad,PK,13137731,31.5,µg/m³,100.0,31.5,31.5,31.5
2026-07-04 10:00:00+00:00,2026-07-04 11:00:00+00:00,Islamabad,PK,13137731,24.2,µg/m³,100.0,24.2,24.2,24.2
2026-07-04 11:00:00+00:00,2026-07-04 12:00:00+00:00,Islamabad,PK,13137731,22.8,µg/m³,100.0,22.8,22.8,22.8
2026-07-04 12:00:00+00:00,2026-07-04 13:00:00+00:00,Islamabad,PK,13137731,23.1,µg/m³,100.0,23.1,23.1,23.1
2026-07-04 13:00:00+00:00,2026-07-04 14:00:00+00:00,Islamabad,PK,13137731,25.7,µg/m³,100.0,25.7,25.7,25.7
2026-07-04 14:00:00+00:00,2026-07-04 15:00:00+00:00,Islamabad,PK,13137731,19.3,µg/m³,100.0,19.3,19.3,19.3
2026-07-04 15:00:00+00:00,2026-07-04 16:00:00+00:00,Islamabad,PK,13137731,18.0,µg/m³,100.0,18.0,18.0,18.0
2026-07-04 16:00:00+00:00,2026-07-04 17:00:00+00:00,Islamabad,PK,13137731,25.6,µg/m³,100.0,25.6,25.6,25.6
2026-07-04 17:00:00+00:00,2026-07-04 18:00:00+00:00,Islamabad,PK,13137731,22.5,µg/m³,100.0,22.5,22.5,22.5
2026-07-04 18:00:00+00:00,2026-07-04 19:00:00+00:00,Islamabad,PK,13137731,25.2,µg/m³,100.0,25.2,25.2,25.2
2026-07-04 19:00:00+00:00,2026-07-04 20:00:00+00:00,Islamabad,PK,13137731,29.5,µg/m³,100.0,29.5,29.5,29.5
2026-07-04 20:00:00+00:00,2026-07-04 21:00:00+00:00,Islamabad,PK,13137731,24.4,µg/m³,100.0,24.4,24.4,24.4
2026-07-04 21:00:00+00:00,2026-07-04 22:00:00+00:00,Islamabad,PK,13137731,27.4,µg/m³,100.0,27.4,27.4,27.4
2026-07-04 22:00:00+00:00,2026-07-04 23:00:00+00:00,Islamabad,PK,13137731,31.5,µg/m³,100.0,31.5,31.5,31.5
2026-07-04 23:00:00+00:00,2026-07-05 00:00:00+00:00,Islamabad,PK,13137731,35.4,µg/m³,100.0,35.4,35.4,35.4
2026-07-05 00:00:00+00:00,2026-07-05 01:00:00+00:00,Islamabad,PK,13137731,40.5,µg/m³,100.0,40.5,40.5,40.5
2026-07-05 01:00:00+00:00,2026-07-05 02:00:00+00:00,Islamabad,PK,13137731,44.2,µg/m³,100.0,44.2,44.2,44.2
2026-07-05 02:00:00+00:00,2026-07-05 03:00:00+00:00,Islamabad,PK,13137731,43.5,µg/m³,100.0,43.5,43.5,43.5
2026-07-05 03:00:00+00:00,2026-07-05 04:00:00+00:00,Islamabad,PK,13137731,46.9,µg/m³,100.0,46.9,46.9,46.9
2026-07-05 04:00:00+00:00,2026-07-05 05:00:00+00:00,Islamabad,PK,13137731,50.7,µg/m³,100.0,50.7,50.7,50.7
2026-07-05 05:00:00+00:00,2026-07-05 06:00:00+00:00,Islamabad,PK,13137731,55.9,µg/m³,100.0,55.9,55.9,55.9
2026-07-05 06:00:00+00:00,2026-07-05 07:00:00+00:00,Islamabad,PK,13137731,60.2,µg/m³,100.0,60.2,60.2,60.2
2026-07-05 07:00:00+00:00,2026-07-05 08:00:00+00:00,Islamabad,PK,13137731,54.9,µg/m³,100.0,54.9,54.9,54.9
2026-07-05 08:00:00+00:00,2026-07-05 09:00:00+00:00,Islamabad,PK,13137731,60.6,µg/m³,100.0,60.6,60.6,60.6
2026-07-05 09:00:00+00:00,2026-07-05 10:00:00+00:00,Islamabad,PK,13137731,46.0,µg/m³,100.0,46.0,46.0,46.0
2026-07-05 10:00:00+00:00,2026-07-05 11:00:00+00:00,Islamabad,PK,13137731,43.7,µg/m³,100.0,43.7,43.7,43.7
2026-07-05 11:00:00+00:00,2026-07-05 12:00:00+00:00,Islamabad,PK,13137731,48.5,µg/m³,100.0,48.5,48.5,48.5
2026-07-05 12:00:00+00:00,2026-07-05 13:00:00+00:00,Islamabad,PK,13137731,53.4,µg/m³,100.0,53.4,53.4,53.4
2026-07-05 13:00:00+00:00,2026-07-05 14:00:00+00:00,Islamabad,PK,13137731,53.0,µg/m³,100.0,53.0,53.0,53.0
2026-07-05 14:00:00+00:00,2026-07-05 15:00:00+00:00,Islamabad,PK,13137731,52.4,µg/m³,100.0,52.4,52.4,52.4
2026-07-05 15:00:00+00:00,2026-07-05 16:00:00+00:00,Islamabad,PK,13137731,62.0,µg/m³,100.0,62.0,62.0,62.0
2026-07-05 16:00:00+00:00,2026-07-05 17:00:00+00:00,Islamabad,PK,13137731,64.8,µg/m³,100.0,64.8,64.8,64.8
2026-07-05 17:00:00+00:00,2026-07-05 18:00:00+00:00,Islamabad,PK,13137731,87.3,µg/m³,100.0,87.3,87.3,87.3
2026-07-05 18:00:00+00:00,2026-07-05 19:00:00+00:00,Islamabad,PK,13137731,62.5,µg/m³,100.0,62.5,62.5,62.5
2026-07-05 19:00:00+00:00,2026-07-05 20:00:00+00:00,Islamabad,PK,13137731,67.8,µg/m³,100.0,67.8,67.8,67.8
2026-07-05 20:00:00+00:00,2026-07-05 21:00:00+00:00,Islamabad,PK,13137731,72.6,µg/m³,100.0,72.6,72.6,72.6
2026-07-05 21:00:00+00:00,2026-07-05 22:00:00+00:00,Islamabad,PK,13137731,71.8,µg/m³,100.0,71.8,71.8,71.8
2026-07-05 22:00:00+00:00,2026-07-05 23:00:00+00:00,Islamabad,PK,13137731,67.0,µg/m³,100.0,67.0,67.0,67.0
2026-07-05 23:00:00+00:00,2026-07-06 00:00:00+00:00,Islamabad,PK,13137731,66.3,µg/m³,100.0,66.3,66.3,66.3
2026-07-06 00:00:00+00:00,2026-07-06 01:00:00+00:00,Islamabad,PK,13137731,66.1,µg/m³,100.0,66.1,66.1,66.1
2026-07-06 01:00:00+00:00,2026-07-06 02:00:00+00:00,Islamabad,PK,13137731,68.4,µg/m³,100.0,68.4,68.4,68.4
2026-07-06 02:00:00+00:00,2026-07-06 03:00:00+00:00,Islamabad,PK,13137731,74.7,µg/m³,100.0,74.7,74.7,74.7
2026-07-06 03:00:00+00:00,2026-07-06 04:00:00+00:00,Islamabad,PK,13137731,93.7,µg/m³,100.0,93.7,93.7,93.7
2026-07-06 04:00:00+00:00,2026-07-06 05:00:00+00:00,Islamabad,PK,13137731,70.3,µg/m³,100.0,70.3,70.3,70.3
2026-07-06 05:00:00+00:00,2026-07-06 06:00:00+00:00,Islamabad,PK,13137731,63.6,µg/m³,100.0,63.6,63.6,63.6
2026-07-06 06:00:00+00:00,2026-07-06 07:00:00+00:00,Islamabad,PK,13137731,62.2,µg/m³,100.0,62.2,62.2,62.2
2026-07-06 07:00:00+00:00,2026-07-06 08:00:00+00:00,Islamabad,PK,13137731,68.7,µg/m³,100.0,68.7,68.7,68.7
2026-07-06 08:00:00+00:00,2026-07-06 09:00:00+00:00,Islamabad,PK,13137731,64.6,µg/m³,100.0,64.6,64.6,64.6
2026-07-06 09:00:00+00:00,2026-07-06 10:00:00+00:00,Islamabad,PK,13137731,64.9,µg/m³,100.0,64.9,64.9,64.9
2026-07-06 10:00:00+00:00,2026-07-06 11:00:00+00:00,Islamabad,PK,13137731,61.8,µg/m³,100.0,61.8,61.8,61.8
2026-07-06 11:00:00+00:00,2026-07-06 12:00:00+00:00,Islamabad,PK,13137731,40.1,µg/m³,100.0,40.1,40.1,40.1
2026-07-06 12:00:00+00:00,2026-07-06 13:00:00+00:00,Islamabad,PK,13137731,45.1,µg/m³,100.0,45.1,45.1,45.1
2026-07-06 13:00:00+00:00,2026-07-06 14:00:00+00:00,Islamabad,PK,13137731,41.1,µg/m³,100.0,41.1,41.1,41.1
2026-07-06 14:00:00+00:00,2026-07-06 15:00:00+00:00,Islamabad,PK,13137731,32.8,µg/m³,100.0,32.8,32.8,32.8
2026-07-06 15:00:00+00:00,2026-07-06 16:00:00+00:00,Islamabad,PK,13137731,28.4,µg/m³,100.0,28.4,28.4,28.4
2026-07-06 16:00:00+00:00,2026-07-06 17:00:00+00:00,Islamabad,PK,13137731,34.4,µg/m³,100.0,34.4,34.4,34.4
2026-07-06 17:00:00+00:00,2026-07-06 18:00:00+00:00,Islamabad,PK,13137731,38.8,µg/m³,100.0,38.8,38.8,38.8
2026-07-06 18:00:00+00:00,2026-07-06 19:00:00+00:00,Islamabad,PK,13137731,37.2,µg/m³,100.0,37.2,37.2,37.2
2026-07-06 19:00:00+00:00,2026-07-06 20:00:00+00:00,Islamabad,PK,13137731,37.1,µg/m³,100.0,37.1,37.1,37.1
2026-07-06 20:00:00+00:00,2026-07-06 21:00:00+00:00,Islamabad,PK,13137731,37.1,µg/m³,100.0,37.1,37.1,37.1
2026-07-06 21:00:00+00:00,2026-07-06 22:00:00+00:00,Islamabad,PK,13137731,37.1,µg/m³,100.0,37.1,37.1,37.1
2026-07-06 22:00:00+00:00,2026-07-06 23:00:00+00:00,Islamabad,PK,13137731,36.7,µg/m³,100.0,36.7,36.7,36.7
2026-07-06 23:00:00+00:00,2026-07-07 00:00:00+00:00,Islamabad,PK,13137731,36.6,µg/m³,100.0,36.6,36.6,36.6
2026-07-07 00:00:00+00:00,2026-07-07 01:00:00+00:00,Islamabad,PK,13137731,37.9,µg/m³,100.0,37.9,37.9,37.9
2026-07-07 01:00:00+00:00,2026-07-07 02:00:00+00:00,Islamabad,PK,13137731,45.1,µg/m³,100.0,45.1,45.1,45.1
2026-07-07 02:00:00+00:00,2026-07-07 03:00:00+00:00,Islamabad,PK,13137731,41.1,µg/m³,100.0,41.1,41.1,41.1
2026-07-07 03:00:00+00:00,2026-07-07 04:00:00+00:00,Islamabad,PK,13137731,39.5,µg/m³,100.0,39.5,39.5,39.5
2026-07-07 04:00:00+00:00,2026-07-07 05:00:00+00:00,Islamabad,PK,13137731,40.2,µg/m³,100.0,40.2,40.2,40.2
2026-07-07 05:00:00+00:00,2026-07-07 06:00:00+00:00,Islamabad,PK,13137731,42.0,µg/m³,100.0,42.0,42.0,42.0
2026-07-07 06:00:00+00:00,2026-07-07 07:00:00+00:00,Islamabad,PK,13137731,42.1,µg/m³,100.0,42.1,42.1,42.1
2026-07-07 07:00:00+00:00,2026-07-07 08:00:00+00:00,Islamabad,PK,13137731,41.3,µg/m³,100.0,41.3,41.3,41.3
2026-07-07 08:00:00+00:00,2026-07-07 09:00:00+00:00,Islamabad,PK,13137731,47.4,µg/m³,100.0,47.4,47.4,47.4
2026-07-07 09:00:00+00:00,2026-07-07 10:00:00+00:00,Islamabad,PK,13137731,36.7,µg/m³,100.0,36.7,36.7,36.7
2026-07-07 10:00:00+00:00,2026-07-07 11:00:00+00:00,Islamabad,PK,13137731,36.0,µg/m³,100.0,36.0,36.0,36.0
2026-07-07 11:00:00+00:00,2026-07-07 12:00:00+00:00,Islamabad,PK,13137731,34.2,µg/m³,100.0,34.2,34.2,34.2
2026-07-07 12:00:00+00:00,2026-07-07 13:00:00+00:00,Islamabad,PK,13137731,37.1,µg/m³,100.0,37.1,37.1,37.1
2026-07-07 13:00:00+00:00,2026-07-07 14:00:00+00:00,Islamabad,PK,13137731,37.4,µg/m³,100.0,37.4,37.4,37.4
2026-07-07 14:00:00+00:00,2026-07-07 15:00:00+00:00,Islamabad,PK,13137731,34.6,µg/m³,100.0,34.6,34.6,34.6
2026-07-07 15:00:00+00:00,2026-07-07 16:00:00+00:00,Islamabad,PK,13137731,35.5,µg/m³,100.0,35.5,35.5,35.5
2026-07-07 16:00:00+00:00,2026-07-07 17:00:00+00:00,Islamabad,PK,13137731,40.6,µg/m³,100.0,40.6,40.6,40.6
2026-07-07 17:00:00+00:00,2026-07-07 18:00:00+00:00,Islamabad,PK,13137731,41.6,µg/m³,100.0,41.6,41.6,41.6
2026-07-07 18:00:00+00:00,2026-07-07 19:00:00+00:00,Islamabad,PK,13137731,39.8,µg/m³,100.0,39.8,39.8,39.8
2026-07-07 19:00:00+00:00,2026-07-07 20:00:00+00:00,Islamabad,PK,13137731,41.6,µg/m³,100.0,41.6,41.6,41.6
2026-07-07 20:00:00+00:00,2026-07-07 21:00:00+00:00,Islamabad,PK,13137731,40.3,µg/m³,100.0,40.3,40.3,40.3
2026-07-07 21:00:00+00:00,2026-07-07 22:00:00+00:00,Islamabad,PK,13137731,38.2,µg/m³,100.0,38.2,38.2,38.2
2026-07-07 22:00:00+00:00,2026-07-07 23:00:00+00:00,Islamabad,PK,13137731,39.1,µg/m³,100.0,39.1,39.1,39.1
2026-07-07 23:00:00+00:00,2026-07-08 00:00:00+00:00,Islamabad,PK,13137731,42.5,µg/m³,100.0,42.5,42.5,42.5
2026-07-08 00:00:00+00:00,2026-07-08 01:00:00+00:00,Islamabad,PK,13137731,46.5,µg/m³,100.0,46.5,46.5,46.5
2026-07-08 01:00:00+00:00,2026-07-08 02:00:00+00:00,Islamabad,PK,13137731,49.2,µg/m³,100.0,49.2,49.2,49.2
2026-07-08 02:00:00+00:00,2026-07-08 03:00:00+00:00,Islamabad,PK,13137731,50.5,µg/m³,100.0,50.5,50.5,50.5
2026-07-08 03:00:00+00:00,2026-07-08 04:00:00+00:00,Islamabad,PK,13137731,48.5,µg/m³,100.0,48.5,48.5,48.5
2026-07-08 04:00:00+00:00,2026-07-08 05:00:00+00:00,Islamabad,PK,13137731,49.9,µg/m³,100.0,49.9,49.9,49.9
2026-07-08 05:00:00+00:00,2026-07-08 06:00:00+00:00,Islamabad,PK,13137731,45.6,µg/m³,100.0,45.6,45.6,45.6
2026-07-08 06:00:00+00:00,2026-07-08 07:00:00+00:00,Islamabad,PK,13137731,49.4,µg/m³,100.0,49.4,49.4,49.4
2026-07-08 07:00:00+00:00,2026-07-08 08:00:00+00:00,Islamabad,PK,13137731,50.7,µg/m³,100.0,50.7,50.7,50.7
2026-07-08 08:00:00+00:00,2026-07-08 09:00:00+00:00,Islamabad,PK,13137731,51.5,µg/m³,100.0,51.5,51.5,51.5
2026-07-08 09:00:00+00:00,2026-07-08 10:00:00+00:00,Islamabad,PK,13137731,48.4,µg/m³,100.0,48.4,48.4,48.4
2026-07-08 10:00:00+00:00,2026-07-08 11:00:00+00:00,Islamabad,PK,13137731,49.8,µg/m³,100.0,49.8,49.8,49.8
2026-07-08 11:00:00+00:00,2026-07-08 12:00:00+00:00,Islamabad,PK,13137731,46.9,µg/m³,100.0,46.9,46.9,46.9
2026-07-08 12:00:00+00:00,2026-07-08 13:00:00+00:00,Islamabad,PK,13137731,39.2,µg/m³,100.0,39.2,39.2,39.2
2026-07-08 13:00:00+00:00,2026-07-08 14:00:00+00:00,Islamabad,PK,13137731,35.6,µg/m³,100.0,35.6,35.6,35.6
2026-07-08 14:00:00+00:00,2026-07-08 15:00:00+00:00,Islamabad,PK,13137731,38.1,µg/m³,100.0,38.1,38.1,38.1
2026-07-08 15:00:00+00:00,2026-07-08 16:00:00+00:00,Islamabad,PK,13137731,34.0,µg/m³,100.0,34.0,34.0,34.0
2026-07-08 16:00:00+00:00,2026-07-08 17:00:00+00:00,Islamabad,PK,13137731,34.8,µg/m³,100.0,34.8,34.8,34.8
2026-07-08 17:00:00+00:00,2026-07-08 18:00:00+00:00,Islamabad,PK,13137731,32.2,µg/m³,100.0,32.2,32.2,32.2
2026-07-08 18:00:00+00:00,2026-07-08 19:00:00+00:00,Islamabad,PK,13137731,30.7,µg/m³,100.0,30.7,30.7,30.7
2026-07-08 19:00:00+00:00,2026-07-08 20:00:00+00:00,Islamabad,PK,13137731,29.2,µg/m³,100.0,29.2,29.2,29.2
2026-07-08 20:00:00+00:00,2026-07-08 21:00:00+00:00,Islamabad,PK,13137731,29.6,µg/m³,100.0,29.6,29.6,29.6
2026-07-08 21:00:00+00:00,2026-07-08 22:00:00+00:00,Islamabad,PK,13137731,27.2,µg/m³,100.0,27.2,27.2,27.2
2026-07-08 22:00:00+00:00,2026-07-08 23:00:00+00:00,Islamabad,PK,13137731,27.7,µg/m³,100.0,27.7,27.7,27.7
2026-07-08 23:00:00+00:00,2026-07-09 00:00:00+00:00,Islamabad,PK,13137731,28.2,µg/m³,100.0,28.2,28.2,28.2
2026-07-09 00:00:00+00:00,2026-07-09 01:00:00+00:00,Islamabad,PK,13137731,29.4,µg/m³,100.0,29.4,29.4,29.4
2026-07-09 01:00:00+00:00,2026-07-09 02:00:00+00:00,Islamabad,PK,13137731,30.5,µg/m³,100.0,30.5,30.5,30.5
2026-07-09 02:00:00+00:00,2026-07-09 03:00:00+00:00,Islamabad,PK,13137731,32.2,µg/m³,100.0,32.2,32.2,32.2
2026-07-09 03:00:00+00:00,2026-07-09 04:00:00+00:00,Islamabad,PK,13137731,32.7,µg/m³,100.0,32.7,32.7,32.7
2026-07-09 04:00:00+00:00,2026-07-09 05:00:00+00:00,Islamabad,PK,13137731,32.9,µg/m³,100.0,32.9,32.9,32.9
2026-07-09 05:00:00+00:00,2026-07-09 06:00:00+00:00,Islamabad,PK,13137731,36.6,µg/m³,100.0,36.6,36.6,36.6
2026-07-09 06:00:00+00:00,2026-07-09 07:00:00+00:00,Islamabad,PK,13137731,34.8,µg/m³,100.0,34.8,34.8,34.8
2026-07-09 07:00:00+00:00,2026-07-09 08:00:00+00:00,Islamabad,PK,13137731,35.0,µg/m³,100.0,35.0,35.0,35.0
2026-07-09 08:00:00+00:00,2026-07-09 09:00:00+00:00,Islamabad,PK,13137731,48.9,µg/m³,100.0,48.9,48.9,48.9
2026-07-09 09:00:00+00:00,2026-07-09 10:00:00+00:00,Islamabad,PK,13137731,34.2,µg/m³,100.0,34.2,34.2,34.2
2026-07-09 10:00:00+00:00,2026-07-09 11:00:00+00:00,Islamabad,PK,13137731,32.4,µg/m³,100.0,32.4,32.4,32.4
2026-07-09 11:00:00+00:00,2026-07-09 12:00:00+00:00,Islamabad,PK,13137731,32.1,µg/m³,100.0,32.1,32.1,32.1
2026-07-09 12:00:00+00:00,2026-07-09 13:00:00+00:00,Islamabad,PK,13137731,30.3,µg/m³,100.0,30.3,30.3,30.3
2026-07-09 13:00:00+00:00,2026-07-09 14:00:00+00:00,Islamabad,PK,13137731,29.8,µg/m³,100.0,29.8,29.8,29.8
2026-07-09 14:00:00+00:00,2026-07-09 15:00:00+00:00,Islamabad,PK,13137731,32.2,µg/m³,100.0,32.2,32.2,32.2
2026-07-09 15:00:00+00:00,2026-07-09 16:00:00+00:00,Islamabad,PK,13137731,31.0,µg/m³,100.0,31.0,31.0,31.0
2026-07-09 16:00:00+00:00,2026-07-09 17:00:00+00:00,Islamabad,PK,13137731,44.3,µg/m³,100.0,44.3,44.3,44.3
2026-07-09 17:00:00+00:00,2026-07-09 18:00:00+00:00,Islamabad,PK,13137731,40.5,µg/m³,100.0,40.5,40.5,40.5
2026-07-09 18:00:00+00:00,2026-07-09 19:00:00+00:00,Islamabad,PK,13137731,39.0,µg/m³,100.0,39.0,39.0,39.0
2026-07-09 19:00:00+00:00,2026-07-09 20:00:00+00:00,Islamabad,PK,13137731,40.0,µg/m³,100.0,40.0,40.0,40.0
2026-07-09 20:00:00+00:00,2026-07-09 21:00:00+00:00,Islamabad,PK,13137731,42.5,µg/m³,100.0,42.5,42.5,42.5
2026-07-09 21:00:00+00:00,2026-07-09 22:00:00+00:00,Islamabad,PK,13137731,43.3,µg/m³,100.0,43.3,43.3,43.3
2026-07-09 22:00:00+00:00,2026-07-09 23:00:00+00:00,Islamabad,PK,13137731,44.6,µg/m³,100.0,44.6,44.6,44.6
2026-07-09 23:00:00+00:00,2026-07-10 00:00:00+00:00,Islamabad,PK,13137731,40.9,µg/m³,100.0,40.9,40.9,40.9
2026-07-10 00:00:00+00:00,2026-07-10 01:00:00+00:00,Islamabad,PK,13137731,38.5,µg/m³,100.0,38.5,38.5,38.5
2026-07-10 01:00:00+00:00,2026-07-10 02:00:00+00:00,Islamabad,PK,13137731,38.6,µg/m³,100.0,38.6,38.6,38.6
2026-07-10 02:00:00+00:00,2026-07-10 03:00:00+00:00,Islamabad,PK,13137731,42.3,µg/m³,100.0,42.3,42.3,42.3
2026-07-10 03:00:00+00:00,2026-07-10 04:00:00+00:00,Islamabad,PK,13137731,50.1,µg/m³,100.0,50.1,50.1,50.1
2026-07-10 04:00:00+00:00,2026-07-10 05:00:00+00:00,Islamabad,PK,13137731,52.2,µg/m³,100.0,52.2,52.2,52.2
2026-07-10 05:00:00+00:00,2026-07-10 06:00:00+00:00,Islamabad,PK,13137731,56.0,µg/m³,100.0,56.0,56.0,56.0
2026-07-10 06:00:00+00:00,2026-07-10 07:00:00+00:00,Islamabad,PK,13137731,53.9,µg/m³,100.0,53.9,53.9,53.9
2026-07-10 07:00:00+00:00,2026-07-10 08:00:00+00:00,Islamabad,PK,13137731,54.3,µg/m³,100.0,54.3,54.3,54.3
2026-07-10 08:00:00+00:00,2026-07-10 09:00:00+00:00,Islamabad,PK,13137731,49.6,µg/m³,100.0,49.6,49.6,49.6
2026-07-10 09:00:00+00:00,2026-07-10 10:00:00+00:00,Islamabad,PK,13137731,48.9,µg/m³,100.0,48.9,48.9,48.9
2026-07-10 10:00:00+00:00,2026-07-10 11:00:00+00:00,Islamabad,PK,13137731,46.7,µg/m³,100.0,46.7,46.7,46.7
2026-07-10 11:00:00+00:00,2026-07-10 12:00:00+00:00,Islamabad,PK,13137731,42.7,µg/m³,100.0,42.7,42.7,42.7
2026-07-10 12:00:00+00:00,2026-07-10 13:00:00+00:00,Islamabad,PK,13137731,37.5,µg/m³,100.0,37.5,37.5,37.5
2026-07-10 13:00:00+00:00,2026-07-10 14:00:00+00:00,Islamabad,PK,13137731,37.4,µg/m³,100.0,37.4,37.4,37.4
2026-07-10 14:00:00+00:00,2026-07-10 15:00:00+00:00,Islamabad,PK,13137731,38.0,µg/m³,100.0,38.0,38.0,38.0
2026-07-10 15:00:00+00:00,2026-07-10 16:00:00+00:00,Islamabad,PK,13137731,39.2,µg/m³,100.0,39.2,39.2,39.2
2026-07-10 16:00:00+00:00,2026-07-10 17:00:00+00:00,Islamabad,PK,13137731,43.0,µg/m³,100.0,43.0,43.0,43.0
2026-07-10 17:00:00+00:00,2026-07-10 18:00:00+00:00,Islamabad,PK,13137731,47.0,µg/m³,100.0,47.0,47.0,47.0
2026-07-10 18:00:00+00:00,2026-07-10 19:00:00+00:00,Islamabad,PK,13137731,46.9,µg/m³,100.0,46.9,46.9,46.9
2026-07-10 19:00:00+00:00,2026-07-10 20:00:00+00:00,Islamabad,PK,13137731,41.1,µg/m³,100.0,41.1,41.1,41.1
2026-07-10 20:00:00+00:00,2026-07-10 21:00:00+00:00,Islamabad,PK,13137731,25.8,µg/m³,100.0,25.8,25.8,25.8
2026-07-10 21:00:00+00:00,2026-07-10 22:00:00+00:00,Islamabad,PK,13137731,6.9,µg/m³,100.0,6.9,6.9,6.9
2026-07-10 22:00:00+00:00,2026-07-10 23:00:00+00:00,Islamabad,PK,13137731,7.6,µg/m³,100.0,7.6,7.6,7.6
2026-07-10 23:00:00+00:00,2026-07-11 00:00:00+00:00,Islamabad,PK,13137731,9.0,µg/m³,100.0,9.0,9.0,9.0
2026-07-11 00:00:00+00:00,2026-07-11 01:00:00+00:00,Islamabad,PK,13137731,12.9,µg/m³,100.0,12.9,12.9,12.9
2026-07-11 01:00:00+00:00,2026-07-11 02:00:00+00:00,Islamabad,PK,13137731,18.1,µg/m³,100.0,18.1,18.1,18.1
2026-07-11 02:00:00+00:00,2026-07-11 03:00:00+00:00,Islamabad,PK,13137731,19.8,µg/m³,100.0,19.8,19.8,19.8
2026-07-11 03:00:00+00:00,2026-07-11 04:00:00+00:00,Islamabad,PK,13137731,23.8,µg/m³,100.0,23.8,23.8,23.8
2026-07-11 04:00:00+00:00,2026-07-11 05:00:00+00:00,Islamabad,PK,13137731,25.6,µg/m³,100.0,25.6,25.6,25.6
2026-07-11 05:00:00+00:00,2026-07-11 06:00:00+00:00,Islamabad,PK,13137731,30.1,µg/m³,100.0,30.1,30.1,30.1
2026-07-11 06:00:00+00:00,2026-07-11 07:00:00+00:00,Islamabad,PK,13137731,23.4,µg/m³,100.0,23.4,23.4,23.4
2026-07-11 07:00:00+00:00,2026-07-11 08:00:00+00:00,Islamabad,PK,13137731,24.8,µg/m³,100.0,24.8,24.8,24.8
2026-07-11 08:00:00+00:00,2026-07-11 09:00:00+00:00,Islamabad,PK,13137731,24.7,µg/m³,100.0,24.7,24.7,24.7
2026-07-11 09:00:00+00:00,2026-07-11 10:00:00+00:00,Islamabad,PK,13137731,30.7,µg/m³,100.0,30.7,30.7,30.7
2026-07-11 10:00:00+00:00,2026-07-11 11:00:00+00:00,Islamabad,PK,13137731,33.0,µg/m³,100.0,33.0,33.0,33.0
2026-07-11 11:00:00+00:00,2026-07-11 12:00:00+00:00,Islamabad,PK,13137731,33.9,µg/m³,100.0,33.9,33.9,33.9
2026-07-11 12:00:00+00:00,2026-07-11 13:00:00+00:00,Islamabad,PK,13137731,36.8,µg/m³,100.0,36.8,36.8,36.8
2026-07-11 13:00:00+00:00,2026-07-11 14:00:00+00:00,Islamabad,PK,13137731,37.6,µg/m³,100.0,37.6,37.6,37.6
2026-07-11 14:00:00+00:00,2026-07-11 15:00:00+00:00,Islamabad,PK,13137731,39.6,µg/m³,100.0,39.6,39.6,39.6
2026-07-11 15:00:00+00:00,2026-07-11 16:00:00+00:00,Islamabad,PK,13137731,50.0,µg/m³,100.0,50.0,50.0,50.0
2026-07-11 16:00:00+00:00,2026-07-11 17:00:00+00:00,Islamabad,PK,13137731,40.3,µg/m³,100.0,40.3,40.3,40.3
2026-07-11 17:00:00+00:00,2026-07-11 18:00:00+00:00,Islamabad,PK,13137731,42.9,µg/m³,100.0,42.9,42.9,42.9
2026-07-11 18:00:00+00:00,2026-07-11 19:00:00+00:00,Islamabad,PK,13137731,44.5,µg/m³,100.0,44.5,44.5,44.5
2026-07-11 19:00:00+00:00,2026-07-11 20:00:00+00:00,Islamabad,PK,13137731,42.4,µg/m³,100.0,42.4,42.4,42.4
2026-07-11 20:00:00+00:00,2026-07-11 21:00:00+00:00,Islamabad,PK,13137731,1.3,µg/m³,100.0,1.3,1.3,1.3
2026-07-11 21:00:00+00:00,2026-07-11 22:00:00+00:00,Islamabad,PK,13137731,0.7,µg/m³,100.0,0.7,0.7,0.7
2026-07-11 22:00:00+00:00,2026-07-11 23:00:00+00:00,Islamabad,PK,13137731,1.0,µg/m³,100.0,1.0,1.0,1.0
2026-07-11 23:00:00+00:00,2026-07-12 00:00:00+00:00,Islamabad,PK,13137731,1.5,µg/m³,100.0,1.5,1.5,1.5
2026-07-12 00:00:00+00:00,2026-07-12 01:00:00+00:00,Islamabad,PK,13137731,3.5,µg/m³,100.0,3.5,3.5,3.5
2026-07-12 01:00:00+00:00,2026-07-12 02:00:00+00:00,Islamabad,PK,13137731,16.6,µg/m³,100.0,16.6,16.6,16.6
2026-07-12 02:00:00+00:00,2026-07-12 03:00:00+00:00,Islamabad,PK,13137731,12.1,µg/m³,100.0,12.1,12.1,12.1
2026-07-12 03:00:00+00:00,2026-07-12 04:00:00+00:00,Islamabad,PK,13137731,12.7,µg/m³,100.0,12.7,12.7,12.7
2026-07-12 04:00:00+00:00,2026-07-12 05:00:00+00:00,Islamabad,PK,13137731,20.1,µg/m³,100.0,20.1,20.1,20.1
2026-07-12 05:00:00+00:00,2026-07-12 06:00:00+00:00,Islamabad,PK,13137731,7.6,µg/m³,100.0,7.6,7.6,7.6
2026-07-12 06:00:00+00:00,2026-07-12 07:00:00+00:00,Islamabad,PK,13137731,8.6,µg/m³,100.0,8.6,8.6,8.6
2026-07-12 07:00:00+00:00,2026-07-12 08:00:00+00:00,Islamabad,PK,13137731,24.3,µg/m³,100.0,24.3,24.3,24.3
2026-07-12 08:00:00+00:00,2026-07-12 09:00:00+00:00,Islamabad,PK,13137731,17.7,µg/m³,100.0,17.7,17.7,17.7
2026-07-12 09:00:00+00:00,2026-07-12 10:00:00+00:00,Islamabad,PK,13137731,12.5,µg/m³,100.0,12.5,12.5,12.5
2026-07-12 10:00:00+00:00,2026-07-12 11:00:00+00:00,Islamabad,PK,13137731,12.3,µg/m³,100.0,12.3,12.3,12.3
2026-07-12 11:00:00+00:00,2026-07-12 12:00:00+00:00,Islamabad,PK,13137731,9.1,µg/m³,100.0,9.1,9.1,9.1
2026-07-12 12:00:00+00:00,2026-07-12 13:00:00+00:00,Islamabad,PK,13137731,10.2,µg/m³,100.0,10.2,10.2,10.2
2026-07-12 13:00:00+00:00,2026-07-12 14:00:00+00:00,Islamabad,PK,13137731,10.4,µg/m³,100.0,10.4,10.4,10.4
2026-07-12 14:00:00+00:00,2026-07-12 15:00:00+00:00,Islamabad,PK,13137731,14.2,µg/m³,100.0,14.2,14.2,14.2
2026-07-12 15:00:00+00:00,2026-07-12 16:00:00+00:00,Islamabad,PK,13137731,26.3,µg/m³,100.0,26.3,26.3,26.3
2026-07-12 16:00:00+00:00,2026-07-12 17:00:00+00:00,Islamabad,PK,13137731,41.2,µg/m³,100.0,41.2,41.2,41.2
2026-07-12 17:00:00+00:00,2026-07-12 18:00:00+00:00,Islamabad,PK,13137731,25.1,µg/m³,100.0,25.1,25.1,25.1
2026-07-12 18:00:00+00:00,2026-07-12 19:00:00+00:00,Islamabad,PK,13137731,24.7,µg/m³,100.0,24.7,24.7,24.7
2026-07-12 19:00:00+00:00,2026-07-12 20:00:00+00:00,Islamabad,PK,13137731,29.4,µg/m³,100.0,29.4,29.4,29.4
2026-07-12 20:00:00+00:00,2026-07-12 21:00:00+00:00,Islamabad,PK,13137731,29.5,µg/m³,100.0,29.5,29.5,29.5
2026-07-12 21:00:00+00:00,2026-07-12 22:00:00+00:00,Islamabad,PK,13137731,25.9,µg/m³,100.0,25.9,25.9,25.9
2026-07-12 22:00:00+00:00,2026-07-12 23:00:00+00:00,Islamabad,PK,13137731,29.3,µg/m³,100.0,29.3,29.3,29.3
2026-07-12 23:00:00+00:00,2026-07-13 00:00:00+00:00,Islamabad,PK,13137731,34.6,µg/m³,100.0,34.6,34.6,34.6
2026-07-13 00:00:00+00:00,2026-07-13 01:00:00+00:00,Islamabad,PK,13137731,32.7,µg/m³,100.0,32.7,32.7,32.7
2026-07-13 01:00:00+00:00,2026-07-13 02:00:00+00:00,Islamabad,PK,13137731,33.8,µg/m³,100.0,33.8,33.8,33.8
2026-07-13 02:00:00+00:00,2026-07-13 03:00:00+00:00,Islamabad,PK,13137731,33.3,µg/m³,100.0,33.3,33.3,33.3
2026-07-13 03:00:00+00:00,2026-07-13 04:00:00+00:00,Islamabad,PK,13137731,33.7,µg/m³,100.0,33.7,33.7,33.7
2026-07-13 04:00:00+00:00,2026-07-13 05:00:00+00:00,Islamabad,PK,13137731,35.4,µg/m³,100.0,35.4,35.4,35.4
2026-07-13 05:00:00+00:00,2026-07-13 06:00:00+00:00,Islamabad,PK,13137731,37.9,µg/m³,100.0,37.9,37.9,37.9
2026-07-13 06:00:00+00:00,2026-07-13 07:00:00+00:00,Islamabad,PK,13137731,42.0,µg/m³,100.0,42.0,42.0,42.0
2026-07-13 07:00:00+00:00,2026-07-13 08:00:00+00:00,Islamabad,PK,13137731,44.3,µg/m³,100.0,44.3,44.3,44.3
2026-07-13 08:00:00+00:00,2026-07-13 09:00:00+00:00,Islamabad,PK,13137731,47.8,µg/m³,100.0,47.8,47.8,47.8
2026-07-13 09:00:00+00:00,2026-07-13 10:00:00+00:00,Islamabad,PK,13137731,42.1,µg/m³,100.0,42.1,42.1,42.1
2026-07-13 10:00:00+00:00,2026-07-13 11:00:00+00:00,Islamabad,PK,13137731,34.6,µg/m³,100.0,34.6,34.6,34.6
2026-07-13 11:00:00+00:00,2026-07-13 12:00:00+00:00,Islamabad,PK,13137731,35.7,µg/m³,100.0,35.7,35.7,35.7
2026-07-13 12:00:00+00:00,2026-07-13 13:00:00+00:00,Islamabad,PK,13137731,52.1,µg/m³,100.0,52.1,52.1,52.1
2026-07-13 13:00:00+00:00,2026-07-13 14:00:00+00:00,Islamabad,PK,13137731,30.9,µg/m³,100.0,30.9,30.9,30.9
2026-07-13 14:00:00+00:00,2026-07-13 15:00:00+00:00,Islamabad,PK,13137731,32.0,µg/m³,100.0,32.0,32.0,32.0
2026-07-13 15:00:00+00:00,2026-07-13 16:00:00+00:00,Islamabad,PK,13137731,28.1,µg/m³,100.0,28.1,28.1,28.1
2026-07-13 16:00:00+00:00,2026-07-13 17:00:00+00:00,Islamabad,PK,13137731,16.1,µg/m³,100.0,16.1,16.1,16.1
2026-07-13 17:00:00+00:00,2026-07-13 18:00:00+00:00,Islamabad,PK,13137731,15.9,µg/m³,100.0,15.9,15.9,15.9
2026-07-13 18:00:00+00:00,2026-07-13 19:00:00+00:00,Islamabad,PK,13137731,23.4,µg/m³,100.0,23.4,23.4,23.4
2026-07-13 19:00:00+00:00,2026-07-13 20:00:00+00:00,Islamabad,PK,13137731,26.6,µg/m³,100.0,26.6,26.6,26.6
2026-07-13 20:00:00+00:00,2026-07-13 21:00:00+00:00,Islamabad,PK,13137731,25.8,µg/m³,100.0,25.8,25.8,25.8
2026-07-13 21:00:00+00:00,2026-07-13 22:00:00+00:00,Islamabad,PK,13137731,23.2,µg/m³,100.0,23.2,23.2,23.2
2026-07-13 22:00:00+00:00,2026-07-13 23:00:00+00:00,Islamabad,PK,13137731,22.7,µg/m³,100.0,22.7,22.7,22.7
2026-07-13 23:00:00+00:00,2026-07-14 00:00:00+00:00,Islamabad,PK,13137731,25.4,µg/m³,100.0,25.4,25.4,25.4
2026-07-14 00:00:00+00:00,2026-07-14 01:00:00+00:00,Islamabad,PK,13137731,21.8,µg/m³,100.0,21.8,21.8,21.8
2026-07-14 01:00:00+00:00,2026-07-14 02:00:00+00:00,Islamabad,PK,13137731,29.6,µg/m³,100.0,29.6,29.6,29.6
2026-07-14 02:00:00+00:00,2026-07-14 03:00:00+00:00,Islamabad,PK,13137731,20.7,µg/m³,100.0,20.7,20.7,20.7
2026-07-14 03:00:00+00:00,2026-07-14 04:00:00+00:00,Islamabad,PK,13137731,21.7,µg/m³,100.0,21.7,21.7,21.7
2026-07-14 04:00:00+00:00,2026-07-14 05:00:00+00:00,Islamabad,PK,13137731,14.1,µg/m³,100.0,14.1,14.1,14.1
2026-07-14 05:00:00+00:00,2026-07-14 06:00:00+00:00,Islamabad,PK,13137731,15.0,µg/m³,100.0,15.0,15.0,15.0
2026-07-14 06:00:00+00:00,2026-07-14 07:00:00+00:00,Islamabad,PK,13137731,19.1,µg/m³,100.0,19.1,19.1,19.1
2026-07-14 07:00:00+00:00,2026-07-14 08:00:00+00:00,Islamabad,PK,13137731,29.0,µg/m³,100.0,29.0,29.0,29.0
2026-07-14 08:00:00+00:00,2026-07-14 09:00:00+00:00,Islamabad,PK,13137731,29.2,µg/m³,100.0,29.2,29.2,29.2
2026-07-14 13:00:00+00:00,2026-07-14 14:00:00+00:00,Islamabad,PK,13137731,29.1,µg/m³,100.0,29.1,29.1,29.1
2026-07-14 14:00:00+00:00,2026-07-14 15:00:00+00:00,Islamabad,PK,13137731,29.6,µg/m³,100.0,29.6,29.6,29.6
2026-07-14 15:00:00+00:00,2026-07-14 16:00:00+00:00,Islamabad,PK,13137731,27.4,µg/m³,100.0,27.4,27.4,27.4
2026-07-14 16:00:00+00:00,2026-07-14 17:00:00+00:00,Islamabad,PK,13137731,23.0,µg/m³,100.0,23.0,23.0,23.0
2026-07-14 17:00:00+00:00,2026-07-14 18:00:00+00:00,Islamabad,PK,13137731,28.5,µg/m³,100.0,28.5,28.5,28.5
2026-07-14 18:00:00+00:00,2026-07-14 19:00:00+00:00,Islamabad,PK,13137731,31.0,µg/m³,100.0,31.0,31.0,31.0
2026-07-14 19:00:00+00:00,2026-07-14 20:00:00+00:00,Islamabad,PK,13137731,27.8,µg/m³,100.0,27.8,27.8,27.8
2026-07-14 20:00:00+00:00,2026-07-14 21:00:00+00:00,Islamabad,PK,13137731,24.4,µg/m³,100.0,24.4,24.4,24.4
2026-07-14 21:00:00+00:00,2026-07-14 22:00:00+00:00,Islamabad,PK,13137731,28.1,µg/m³,100.0,28.1,28.1,28.1
2026-07-14 22:00:00+00:00,2026-07-14 23:00:00+00:00,Islamabad,PK,13137731,30.2,µg/m³,100.0,30.2,30.2,30.2
2026-07-14 23:00:00+00:00,2026-07-15 00:00:00+00:00,Islamabad,PK,13137731,31.5,µg/m³,100.0,31.5,31.5,31.5
2026-07-15 00:00:00+00:00,2026-07-15 01:00:00+00:00,Islamabad,PK,13137731,31.6,µg/m³,100.0,31.6,31.6,31.6
2026-07-15 01:00:00+00:00,2026-07-15 02:00:00+00:00,Islamabad,PK,13137731,31.4,µg/m³,100.0,31.4,31.4,31.4
2026-07-15 02:00:00+00:00,2026-07-15 03:00:00+00:00,Islamabad,PK,13137731,34.3,µg/m³,100.0,34.3,34.3,34.3
2026-07-15 03:00:00+00:00,2026-07-15 04:00:00+00:00,Islamabad,PK,13137731,35.2,µg/m³,100.0,35.2,35.2,35.2
2026-07-15 04:00:00+00:00,2026-07-15 05:00:00+00:00,Islamabad,PK,13137731,33.2,µg/m³,100.0,33.2,33.2,33.2
2026-07-15 05:00:00+00:00,2026-07-15 06:00:00+00:00,Islamabad,PK,13137731,31.6,µg/m³,100.0,31.6,31.6,31.6
2026-07-15 06:00:00+00:00,2026-07-15 07:00:00+00:00,Islamabad,PK,13137731,33.0,µg/m³,100.0,33.0,33.0,33.0
2026-07-15 07:00:00+00:00,2026-07-15 08:00:00+00:00,Islamabad,PK,13137731,34.7,µg/m³,100.0,34.7,34.7,34.7
2026-07-15 08:00:00+00:00,2026-07-15 09:00:00+00:00,Islamabad,PK,13137731,36.9,µg/m³,100.0,36.9,36.9,36.9
2026-07-15 09:00:00+00:00,2026-07-15 10:00:00+00:00,Islamabad,PK,13137731,32.2,µg/m³,100.0,32.2,32.2,32.2
2026-07-15 10:00:00+00:00,2026-07-15 11:00:00+00:00,Islamabad,PK,13137731,28.6,µg/m³,100.0,28.6,28.6,28.6
2026-07-15 11:00:00+00:00,2026-07-15 12:00:00+00:00,Islamabad,PK,13137731,30.4,µg/m³,100.0,30.4,30.4,30.4
2026-07-15 12:00:00+00:00,2026-07-15 13:00:00+00:00,Islamabad,PK,13137731,26.5,µg/m³,100.0,26.5,26.5,26.5
2026-07-15 13:00:00+00:00,2026-07-15 14:00:00+00:00,Islamabad,PK,13137731,20.7,µg/m³,100.0,20.7,20.7,20.7
2026-07-15 14:00:00+00:00,2026-07-15 15:00:00+00:00,Islamabad,PK,13137731,22.1,µg/m³,100.0,22.1,22.1,22.1
2026-07-15 15:00:00+00:00,2026-07-15 16:00:00+00:00,Islamabad,PK,13137731,28.4,µg/m³,100.0,28.4,28.4,28.4
2026-07-15 16:00:00+00:00,2026-07-15 17:00:00+00:00,Islamabad,PK,13137731,34.6,µg/m³,100.0,34.6,34.6,34.6
2026-07-15 17:00:00+00:00,2026-07-15 18:00:00+00:00,Islamabad,PK,13137731,32.8,µg/m³,100.0,32.8,32.8,32.8
2026-07-15 18:00:00+00:00,2026-07-15 19:00:00+00:00,Islamabad,PK,13137731,25.3,µg/m³,100.0,25.3,25.3,25.3
2026-07-15 19:00:00+00:00,2026-07-15 20:00:00+00:00,Islamabad,PK,13137731,26.0,µg/m³,100.0,26.0,26.0,26.0
2026-07-15 20:00:00+00:00,2026-07-15 21:00:00+00:00,Islamabad,PK,13137731,29.3,µg/m³,100.0,29.3,29.3,29.3
2026-07-15 21:00:00+00:00,2026-07-15 22:00:00+00:00,Islamabad,PK,13137731,30.0,µg/m³,100.0,30.0,30.0,30.0
2026-07-15 22:00:00+00:00,2026-07-15 23:00:00+00:00,Islamabad,PK,13137731,29.8,µg/m³,100.0,29.8,29.8,29.8
2026-07-15 23:00:00+00:00,2026-07-16 00:00:00+00:00,Islamabad,PK,13137731,28.5,µg/m³,100.0,28.5,28.5,28.5
2026-07-16 00:00:00+00:00,2026-07-16 01:00:00+00:00,Islamabad,PK,13137731,29.0,µg/m³,100.0,29.0,29.0,29.0
2026-07-16 01:00:00+00:00,2026-07-16 02:00:00+00:00,Islamabad,PK,13137731,33.1,µg/m³,100.0,33.1,33.1,33.1
2026-07-16 02:00:00+00:00,2026-07-16 03:00:00+00:00,Islamabad,PK,13137731,32.3,µg/m³,100.0,32.3,32.3,32.3
2026-07-16 03:00:00+00:00,2026-07-16 04:00:00+00:00,Islamabad,PK,13137731,34.8,µg/m³,100.0,34.8,34.8,34.8
2026-07-16 04:00:00+00:00,2026-07-16 05:00:00+00:00,Islamabad,PK,13137731,38.4,µg/m³,100.0,38.4,38.4,38.4
2026-07-16 05:00:00+00:00,2026-07-16 06:00:00+00:00,Islamabad,PK,13137731,39.1,µg/m³,100.0,39.1,39.1,39.1
2026-07-16 06:00:00+00:00,2026-07-16 07:00:00+00:00,Islamabad,PK,13137731,40.1,µg/m³,100.0,40.1,40.1,40.1
2026-07-16 07:00:00+00:00,2026-07-16 08:00:00+00:00,Islamabad,PK,13137731,39.1,µg/m³,100.0,39.1,39.1,39.1
2026-07-16 08:00:00+00:00,2026-07-16 09:00:00+00:00,Islamabad,PK,13137731,41.7,µg/m³,100.0,41.7,41.7,41.7
2026-07-16 09:00:00+00:00,2026-07-16 10:00:00+00:00,Islamabad,PK,13137731,40.3,µg/m³,100.0,40.3,40.3,40.3
2026-07-16 10:00:00+00:00,2026-07-16 11:00:00+00:00,Islamabad,PK,13137731,38.7,µg/m³,100.0,38.7,38.7,38.7
2026-07-16 11:00:00+00:00,2026-07-16 12:00:00+00:00,Islamabad,PK,13137731,36.9,µg/m³,100.0,36.9,36.9,36.9
2026-07-16 12:00:00+00:00,2026-07-16 13:00:00+00:00,Islamabad,PK,13137731,37.9,µg/m³,100.0,37.9,37.9,37.9
2026-07-16 13:00:00+00:00,2026-07-16 14:00:00+00:00,Islamabad,PK,13137731,39.9,µg/m³,100.0,39.9,39.9,39.9
2026-07-16 14:00:00+00:00,2026-07-16 15:00:00+00:00,Islamabad,PK,13137731,34.5,µg/m³,100.0,34.5,34.5,34.5
2026-07-16 15:00:00+00:00,2026-07-16 16:00:00+00:00,Islamabad,PK,13137731,39.8,µg/m³,100.0,39.8,39.8,39.8
2026-07-16 16:00:00+00:00,2026-07-16 17:00:00+00:00,Islamabad,PK,13137731,39.5,µg/m³,100.0,39.5,39.5,39.5
2026-07-16 17:00:00+00:00,2026-07-16 18:00:00+00:00,Islamabad,PK,13137731,39.8,µg/m³,100.0,39.8,39.8,39.8
2026-07-16 18:00:00+00:00,2026-07-16 19:00:00+00:00,Islamabad,PK,13137731,36.3,µg/m³,100.0,36.3,36.3,36.3
2026-07-16 19:00:00+00:00,2026-07-16 20:00:00+00:00,Islamabad,PK,13137731,36.1,µg/m³,100.0,36.1,36.1,36.1
2026-07-16 20:00:00+00:00,2026-07-16 21:00:00+00:00,Islamabad,PK,13137731,35.8,µg/m³,100.0,35.8,35.8,35.8
2026-07-16 21:00:00+00:00,2026-07-16 22:00:00+00:00,Islamabad,PK,13137731,35.8,µg/m³,100.0,35.8,35.8,35.8
2026-07-16 22:00:00+00:00,2026-07-16 23:00:00+00:00,Islamabad,PK,13137731,35.2,µg/m³,100.0,35.2,35.2,35.2
2026-07-16 23:00:00+00:00,2026-07-17 00:00:00+00:00,Islamabad,PK,13137731,35.4,µg/m³,100.0,35.4,35.4,35.4
2026-07-17 00:00:00+00:00,2026-07-17 01:00:00+00:00,Islamabad,PK,13137731,34.8,µg/m³,100.0,34.8,34.8,34.8
2026-07-17 01:00:00+00:00,2026-07-17 02:00:00+00:00,Islamabad,PK,13137731,36.1,µg/m³,100.0,36.1,36.1,36.1
2026-07-17 02:00:00+00:00,2026-07-17 03:00:00+00:00,Islamabad,PK,13137731,37.1,µg/m³,100.0,37.1,37.1,37.1
2026-07-17 03:00:00+00:00,2026-07-17 04:00:00+00:00,Islamabad,PK,13137731,35.8,µg/m³,100.0,35.8,35.8,35.8
2026-07-17 04:00:00+00:00,2026-07-17 05:00:00+00:00,Islamabad,PK,13137731,35.3,µg/m³,100.0,35.3,35.3,35.3
2026-07-17 05:00:00+00:00,2026-07-17 06:00:00+00:00,Islamabad,PK,13137731,34.8,µg/m³,100.0,34.8,34.8,34.8
2026-07-17 06:00:00+00:00,2026-07-17 07:00:00+00:00,Islamabad,PK,13137731,39.2,µg/m³,100.0,39.2,39.2,39.2
2026-07-17 07:00:00+00:00,2026-07-17 08:00:00+00:00,Islamabad,PK,13137731,39.0,µg/m³,100.0,39.0,39.0,39.0
2026-07-17 08:00:00+00:00,2026-07-17 09:00:00+00:00,Islamabad,PK,13137731,40.7,µg/m³,100.0,40.7,40.7,40.7
2026-07-17 09:00:00+00:00,2026-07-17 10:00:00+00:00,Islamabad,PK,13137731,37.4,µg/m³,100.0,37.4,37.4,37.4
2026-07-17 10:00:00+00:00,2026-07-17 11:00:00+00:00,Islamabad,PK,13137731,37.4,µg/m³,100.0,37.4,37.4,37.4
2026-07-17 11:00:00+00:00,2026-07-17 12:00:00+00:00,Islamabad,PK,13137731,35.8,µg/m³,100.0,35.8,35.8,35.8
2026-07-17 12:00:00+00:00,2026-07-17 13:00:00+00:00,Islamabad,PK,13137731,38.2,µg/m³,100.0,38.2,38.2,38.2
2026-07-17 13:00:00+00:00,2026-07-17 14:00:00+00:00,Islamabad,PK,13137731,42.9,µg/m³,100.0,42.9,42.9,42.9
2026-07-17 14:00:00+00:00,2026-07-17 15:00:00+00:00,Islamabad,PK,13137731,44.6,µg/m³,100.0,44.6,44.6,44.6
2026-07-17 15:00:00+00:00,2026-07-17 16:00:00+00:00,Islamabad,PK,13137731,46.2,µg/m³,100.0,46.2,46.2,46.2
2026-07-17 16:00:00+00:00,2026-07-17 17:00:00+00:00,Islamabad,PK,13137731,47.7,µg/m³,100.0,47.7,47.7,47.7
2026-07-17 17:00:00+00:00,2026-07-17 18:00:00+00:00,Islamabad,PK,13137731,44.1,µg/m³,100.0,44.1,44.1,44.1
2026-07-17 18:00:00+00:00,2026-07-17 19:00:00+00:00,Islamabad,PK,13137731,44.9,µg/m³,100.0,44.9,44.9,44.9
2026-07-17 19:00:00+00:00,2026-07-17 20:00:00+00:00,Islamabad,PK,13137731,41.2,µg/m³,100.0,41.2,41.2,41.2
2026-07-17 20:00:00+00:00,2026-07-17 21:00:00+00:00,Islamabad,PK,13137731,40.4,µg/m³,100.0,40.4,40.4,40.4
2026-07-17 21:00:00+00:00,2026-07-17 22:00:00+00:00,Islamabad,PK,13137731,39.8,µg/m³,100.0,39.8,39.8,39.8
2026-07-17 22:00:00+00:00,2026-07-17 23:00:00+00:00,Islamabad,PK,13137731,37.7,µg/m³,100.0,37.7,37.7,37.7
2026-07-17 23:00:00+00:00,2026-07-18 00:00:00+00:00,Islamabad,PK,13137731,35.8,µg/m³,100.0,35.8,35.8,35.8
2026-07-18 00:00:00+00:00,2026-07-18 01:00:00+00:00,Islamabad,PK,13137731,35.3,µg/m³,100.0,35.3,35.3,35.3
2026-07-18 01:00:00+00:00,2026-07-18 02:00:00+00:00,Islamabad,PK,13137731,36.3,µg/m³,100.0,36.3,36.3,36.3
2026-07-18 02:00:00+00:00,2026-07-18 03:00:00+00:00,Islamabad,PK,13137731,33.9,µg/m³,100.0,33.9,33.9,33.9
2026-07-18 03:00:00+00:00,2026-07-18 04:00:00+00:00,Islamabad,PK,13137731,38.1,µg/m³,100.0,38.1,38.1,38.1
2026-07-18 04:00:00+00:00,2026-07-18 05:00:00+00:00,Islamabad,PK,13137731,37.1,µg/m³,100.0,37.1,37.1,37.1
2026-07-18 05:00:00+00:00,2026-07-18 06:00:00+00:00,Islamabad,PK,13137731,35.4,µg/m³,100.0,35.4,35.4,35.4
2026-07-18 06:00:00+00:00,2026-07-18 07:00:00+00:00,Islamabad,PK,13137731,36.8,µg/m³,100.0,36.8,36.8,36.8
2026-07-18 07:00:00+00:00,2026-07-18 08:00:00+00:00,Islamabad,PK,13137731,39.6,µg/m³,100.0,39.6,39.6,39.6
2026-07-18 08:00:00+00:00,2026-07-18 09:00:00+00:00,Islamabad,PK,13137731,40.8,µg/m³,100.0,40.8,40.8,40.8
2026-07-18 09:00:00+00:00,2026-07-18 10:00:00+00:00,Islamabad,PK,13137731,35.7,µg/m³,100.0,35.7,35.7,35.7
2026-07-18 10:00:00+00:00,2026-07-18 11:00:00+00:00,Islamabad,PK,13137731,36.1,µg/m³,100.0,36.1,36.1,36.1
2026-07-18 11:00:00+00:00,2026-07-18 12:00:00+00:00,Islamabad,PK,13137731,37.7,µg/m³,100.0,37.7,37.7,37.7
2026-07-18 12:00:00+00:00,2026-07-18 13:00:00+00:00,Islamabad,PK,13137731,40.6,µg/m³,100.0,40.6,40.6,40.6
2026-07-18 13:00:00+00:00,2026-07-18 14:00:00+00:00,Islamabad,PK,13137731,41.5,µg/m³,100.0,41.5,41.5,41.5
2026-07-18 14:00:00+00:00,2026-07-18 15:00:00+00:00,Islamabad,PK,13137731,42.6,µg/m³,100.0,42.6,42.6,42.6
2026-07-18 15:00:00+00:00,2026-07-18 16:00:00+00:00,Islamabad,PK,13137731,45.5,µg/m³,100.0,45.5,45.5,45.5
2026-07-18 16:00:00+00:00,2026-07-18 17:00:00+00:00,Islamabad,PK,13137731,44.7,µg/m³,100.0,44.7,44.7,44.7
2026-07-18 17:00:00+00:00,2026-07-18 18:00:00+00:00,Islamabad,PK,13137731,43.0,µg/m³,100.0,43.0,43.0,43.0
2026-07-18 18:00:00+00:00,2026-07-18 19:00:00+00:00,Islamabad,PK,13137731,41.1,µg/m³,100.0,41.1,41.1,41.1
2026-07-18 19:00:00+00:00,2026-07-18 20:00:00+00:00,Islamabad,PK,13137731,41.2,µg/m³,100.0,41.2,41.2,41.2
2026-07-18 20:00:00+00:00,2026-07-18 21:00:00+00:00,Islamabad,PK,13137731,43.4,µg/m³,100.0,43.4,43.4,43.4
2026-07-18 21:00:00+00:00,2026-07-18 22:00:00+00:00,Islamabad,PK,13137731,43.3,µg/m³,100.0,43.3,43.3,43.3
2026-07-18 22:00:00+00:00,2026-07-18 23:00:00+00:00,Islamabad,PK,13137731,43.3,µg/m³,100.0,43.3,43.3,43.3
2026-07-18 23:00:00+00:00,2026-07-19 00:00:00+00:00,Islamabad,PK,13137731,42.9,µg/m³,100.0,42.9,42.9,42.9
2026-07-19 00:00:00+00:00,2026-07-19 01:00:00+00:00,Islamabad,PK,13137731,41.8,µg/m³,100.0,41.8,41.8,41.8
2026-07-19 01:00:00+00:00,2026-07-19 02:00:00+00:00,Islamabad,PK,13137731,42.6,µg/m³,100.0,42.6,42.6,42.6
2026-07-19 02:00:00+00:00,2026-07-19 03:00:00+00:00,Islamabad,PK,13137731,41.7,µg/m³,100.0,41.7,41.7,41.7
2026-07-19 03:00:00+00:00,2026-07-19 04:00:00+00:00,Islamabad,PK,13137731,41.9,µg/m³,100.0,41.9,41.9,41.9
2026-07-19 04:00:00+00:00,2026-07-19 05:00:00+00:00,Islamabad,PK,13137731,41.1,µg/m³,100.0,41.1,41.1,41.1
2026-07-19 05:00:00+00:00,2026-07-19 06:00:00+00:00,Islamabad,PK,13137731,37.6,µg/m³,100.0,37.6,37.6,37.6
2026-07-19 06:00:00+00:00,2026-07-19 07:00:00+00:00,Islamabad,PK,13137731,32.7,µg/m³,100.0,32.7,32.7,32.7
2026-07-19 07:00:00+00:00,2026-07-19 08:00:00+00:00,Islamabad,PK,13137731,32.6,µg/m³,100.0,32.6,32.6,32.6
2026-07-19 08:00:00+00:00,2026-07-19 09:00:00+00:00,Islamabad,PK,13137731,34.3,µg/m³,100.0,34.3,34.3,34.3
2026-07-19 09:00:00+00:00,2026-07-19 10:00:00+00:00,Islamabad,PK,13137731,34.9,µg/m³,100.0,34.9,34.9,34.9
2026-07-19 10:00:00+00:00,2026-07-19 11:00:00+00:00,Islamabad,PK,13137731,32.4,µg/m³,100.0,32.4,32.4,32.4
2026-07-19 11:00:00+00:00,2026-07-19 12:00:00+00:00,Islamabad,PK,13137731,30.5,µg/m³,100.0,30.5,30.5,30.5
2026-07-19 12:00:00+00:00,2026-07-19 13:00:00+00:00,Islamabad,PK,13137731,31.9,µg/m³,100.0,31.9,31.9,31.9
2026-07-19 13:00:00+00:00,2026-07-19 14:00:00+00:00,Islamabad,PK,13137731,33.5,µg/m³,100.0,33.5,33.5,33.5
2026-07-19 14:00:00+00:00,2026-07-19 15:00:00+00:00,Islamabad,PK,13137731,37.8,µg/m³,100.0,37.8,37.8,37.8
2026-07-19 15:00:00+00:00,2026-07-19 16:00:00+00:00,Islamabad,PK,13137731,43.7,µg/m³,100.0,43.7,43.7,43.7
2026-07-19 16:00:00+00:00,2026-07-19 17:00:00+00:00,Islamabad,PK,13137731,43.4,µg/m³,100.0,43.4,43.4,43.4
2026-07-19 17:00:00+00:00,2026-07-19 18:00:00+00:00,Islamabad,PK,13137731,47.6,µg/m³,100.0,47.6,47.6,47.6
2026-07-19 18:00:00+00:00,2026-07-19 19:00:00+00:00,Islamabad,PK,13137731,47.5,µg/m³,100.0,47.5,47.5,47.5
2026-07-19 19:00:00+00:00,2026-07-19 20:00:00+00:00,Islamabad,PK,13137731,43.0,µg/m³,100.0,43.0,43.0,43.0
2026-07-19 20:00:00+00:00,2026-07-19 21:00:00+00:00,Islamabad,PK,13137731,42.1,µg/m³,100.0,42.1,42.1,42.1
2026-07-19 21:00:00+00:00,2026-07-19 22:00:00+00:00,Islamabad,PK,13137731,41.4,µg/m³,100.0,41.4,41.4,41.4
2026-07-19 22:00:00+00:00,2026-07-19 23:00:00+00:00,Islamabad,PK,13137731,42.5,µg/m³,100.0,42.5,42.5,42.5
2026-07-19 23:00:00+00:00,2026-07-20 00:00:00+00:00,Islamabad,PK,13137731,39.6,µg/m³,100.0,39.6,39.6,39.6
2026-07-20 00:00:00+00:00,2026-07-20 01:00:00+00:00,Islamabad,PK,13137731,3.8,µg/m³,100.0,3.8,3.8,3.8
2026-07-20 01:00:00+00:00,2026-07-20 02:00:00+00:00,Islamabad,PK,13137731,6.7,µg/m³,100.0,6.7,6.7,6.7
2026-07-20 02:00:00+00:00,2026-07-20 03:00:00+00:00,Islamabad,PK,13137731,27.2,µg/m³,100.0,27.2,27.2,27.2
2026-07-20 03:00:00+00:00,2026-07-20 04:00:00+00:00,Islamabad,PK,13137731,30.9,µg/m³,100.0,30.9,30.9,30.9
2026-07-20 04:00:00+00:00,2026-07-20 05:00:00+00:00,Islamabad,PK,13137731,31.0,µg/m³,100.0,31.0,31.0,31.0
2026-07-20 05:00:00+00:00,2026-07-20 06:00:00+00:00,Islamabad,PK,13137731,32.5,µg/m³,100.0,32.5,32.5,32.5
2026-07-20 06:00:00+00:00,2026-07-20 07:00:00+00:00,Islamabad,PK,13137731,32.7,µg/m³,100.0,32.7,32.7,32.7
2026-07-20 07:00:00+00:00,2026-07-20 08:00:00+00:00,Islamabad,PK,13137731,31.0,µg/m³,100.0,31.0,31.0,31.0
2026-07-20 08:00:00+00:00,2026-07-20 09:00:00+00:00,Islamabad,PK,13137731,34.0,µg/m³,100.0,34.0,34.0,34.0
2026-07-20 09:00:00+00:00,2026-07-20 10:00:00+00:00,Islamabad,PK,13137731,32.2,µg/m³,100.0,32.2,32.2,32.2
2026-07-20 10:00:00+00:00,2026-07-20 11:00:00+00:00,Islamabad,PK,13137731,25.9,µg/m³,100.0,25.9,25.9,25.9
2026-07-20 11:00:00+00:00,2026-07-20 12:00:00+00:00,Islamabad,PK,13137731,26.2,µg/m³,100.0,26.2,26.2,26.2
2026-07-20 12:00:00+00:00,2026-07-20 13:00:00+00:00,Islamabad,PK,13137731,25.8,µg/m³,100.0,25.8,25.8,25.8
2026-07-20 13:00:00+00:00,2026-07-20 14:00:00+00:00,Islamabad,PK,13137731,25.2,µg/m³,100.0,25.2,25.2,25.2
2026-07-20 14:00:00+00:00,2026-07-20 15:00:00+00:00,Islamabad,PK,13137731,26.7,µg/m³,100.0,26.7,26.7,26.7
2026-07-20 15:00:00+00:00,2026-07-20 16:00:00+00:00,Islamabad,PK,13137731,27.2,µg/m³,100.0,27.2,27.2,27.2
2026-07-20 16:00:00+00:00,2026-07-20 17:00:00+00:00,Islamabad,PK,13137731,28.3,µg/m³,100.0,28.3,28.3,28.3
2026-07-20 17:00:00+00:00,2026-07-20 18:00:00+00:00,Islamabad,PK,13137731,32.2,µg/m³,100.0,32.2,32.2,32.2
2026-07-20 18:00:00+00:00,2026-07-20 19:00:00+00:00,Islamabad,PK,13137731,34.4,µg/m³,100.0,34.4,34.4,34.4
2026-07-20 19:00:00+00:00,2026-07-20 20:00:00+00:00,Islamabad,PK,13137731,42.4,µg/m³,100.0,42.4,42.4,42.4
2026-07-20 20:00:00+00:00,2026-07-20 21:00:00+00:00,Islamabad,PK,13137731,29.7,µg/m³,100.0,29.7,29.7,29.7
2026-07-20 21:00:00+00:00,2026-07-20 22:00:00+00:00,Islamabad,PK,13137731,16.5,µg/m³,100.0,16.5,16.5,16.5
2026-07-20 22:00:00+00:00,2026-07-20 23:00:00+00:00,Islamabad,PK,13137731,2.5,µg/m³,100.0,2.5,2.5,2.5
2026-07-20 23:00:00+00:00,2026-07-21 00:00:00+00:00,Islamabad,PK,13137731,2.9,µg/m³,100.0,2.9,2.9,2.9
2026-07-21 00:00:00+00:00,2026-07-21 01:00:00+00:00,Islamabad,PK,13137731,2.2,µg/m³,100.0,2.2,2.2,2.2
2026-07-21 01:00:00+00:00,2026-07-21 02:00:00+00:00,Islamabad,PK,13137731,1.5,µg/m³,100.0,1.5,1.5,1.5
2026-07-21 02:00:00+00:00,2026-07-21 03:00:00+00:00,Islamabad,PK,13137731,1.2,µg/m³,100.0,1.2,1.2,1.2
2026-07-21 03:00:00+00:00,2026-07-21 04:00:00+00:00,Islamabad,PK,13137731,1.3,µg/m³,100.0,1.3,1.3,1.3
2026-07-21 04:00:00+00:00,2026-07-21 05:00:00+00:00,Islamabad,PK,13137731,9.1,µg/m³,100.0,9.1,9.1,9.1
2026-07-21 05:00:00+00:00,2026-07-21 06:00:00+00:00,Islamabad,PK,13137731,9.7,µg/m³,100.0,9.7,9.7,9.7
2026-07-21 06:00:00+00:00,2026-07-21 07:00:00+00:00,Islamabad,PK,13137731,1.0,µg/m³,100.0,1.0,1.0,1.0
2026-07-21 07:00:00+00:00,2026-07-21 08:00:00+00:00,Islamabad,PK,13137731,12.9,µg/m³,100.0,12.9,12.9,12.9
2026-07-21 08:00:00+00:00,2026-07-21 09:00:00+00:00,Islamabad,PK,13137731,11.6,µg/m³,100.0,11.6,11.6,11.6
2026-07-21 09:00:00+00:00,2026-07-21 10:00:00+00:00,Islamabad,PK,13137731,5.3,µg/m³,100.0,5.3,5.3,5.3
2026-07-21 10:00:00+00:00,2026-07-21 11:00:00+00:00,Islamabad,PK,13137731,3.2,µg/m³,100.0,3.2,3.2,3.2
2026-07-21 11:00:00+00:00,2026-07-21 12:00:00+00:00,Islamabad,PK,13137731,0.7,µg/m³,100.0,0.7,0.7,0.7
2026-07-21 12:00:00+00:00,2026-07-21 13:00:00+00:00,Islamabad,PK,13137731,0.9,µg/m³,100.0,0.9,0.9,0.9
2026-07-21 13:00:00+00:00,2026-07-21 14:00:00+00:00,Islamabad,PK,13137731,0.5,µg/m³,100.0,0.5,0.5,0.5
2026-07-21 14:00:00+00:00,2026-07-21 15:00:00+00:00,Islamabad,PK,13137731,0.1,µg/m³,100.0,0.1,0.1,0.1
2026-07-21 15:00:00+00:00,2026-07-21 16:00:00+00:00,Islamabad,PK,13137731,3.8,µg/m³,100.0,3.8,3.8,3.8
2026-07-21 16:00:00+00:00,2026-07-21 17:00:00+00:00,Islamabad,PK,13137731,8.6,µg/m³,100.0,8.6,8.6,8.6
2026-07-21 17:00:00+00:00,2026-07-21 18:00:00+00:00,Islamabad,PK,13137731,8.2,µg/m³,100.0,8.2,8.2,8.2
2026-07-21 18:00:00+00:00,2026-07-21 19:00:00+00:00,Islamabad,PK,13137731,2.4,µg/m³,100.0,2.4,2.4,2.4
2026-07-21 19:00:00+00:00,2026-07-21 20:00:00+00:00,Islamabad,PK,13137731,2.7,µg/m³,100.0,2.7,2.7,2.7
2026-07-21 20:00:00+00:00,2026-07-21 21:00:00+00:00,Islamabad,PK,13137731,2.9,µg/m³,100.0,2.9,2.9,2.9
2026-07-21 21:00:00+00:00,2026-07-21 22:00:00+00:00,Islamabad,PK,13137731,0.3,µg/m³,100.0,0.3,0.3,0.3
2026-07-21 22:00:00+00:00,2026-07-21 23:00:00+00:00,Islamabad,PK,13137731,0.2,µg/m³,100.0,0.2,0.2,0.2
2026-07-21 23:00:00+00:00,2026-07-22 00:00:00+00:00,Islamabad,PK,13137731,0.0,µg/m³,100.0,0.0,0.0,0.0
2026-07-22 00:00:00+00:00,2026-07-22 01:00:00+00:00,Islamabad,PK,13137731,0.1,µg/m³,100.0,0.1,0.1,0.1
2026-07-22 01:00:00+00:00,2026-07-22 02:00:00+00:00,Islamabad,PK,13137731,1.1,µg/m³,100.0,1.1,1.1,1.1
2026-07-22 02:00:00+00:00,2026-07-22 03:00:00+00:00,Islamabad,PK,13137731,3.2,µg/m³,100.0,3.2,3.2,3.2
2026-07-22 03:00:00+00:00,2026-07-22 04:00:00+00:00,Islamabad,PK,13137731,3.6,µg/m³,100.0,3.6,3.6,3.6
2026-07-22 04:00:00+00:00,2026-07-22 05:00:00+00:00,Islamabad,PK,13137731,2.8,µg/m³,100.0,2.8,2.8,2.8
2026-07-22 05:00:00+00:00,2026-07-22 06:00:00+00:00,Islamabad,PK,13137731,4.4,µg/m³,100.0,4.4,4.4,4.4
2026-07-22 06:00:00+00:00,2026-07-22 07:00:00+00:00,Islamabad,PK,13137731,3.6,µg/m³,100.0,3.6,3.6,3.6
2026-07-22 07:00:00+00:00,2026-07-22 08:00:00+00:00,Islamabad,PK,13137731,5.6,µg/m³,100.0,5.6,5.6,5.6
2026-07-22 08:00:00+00:00,2026-07-22 09:00:00+00:00,Islamabad,PK,13137731,0.1,µg/m³,100.0,0.1,0.1,0.1
2026-07-22 09:00:00+00:00,2026-07-22 10:00:00+00:00,Islamabad,PK,13137731,2.8,µg/m³,100.0,2.8,2.8,2.8
2026-07-22 10:00:00+00:00,2026-07-22 11:00:00+00:00,Islamabad,PK,13137731,3.7,µg/m³,100.0,3.7,3.7,3.7
2026-07-22 11:00:00+00:00,2026-07-22 12:00:00+00:00,Islamabad,PK,13137731,5.9,µg/m³,100.0,5.9,5.9,5.9
2026-07-22 12:00:00+00:00,2026-07-22 13:00:00+00:00,Islamabad,PK,13137731,6.2,µg/m³,100.0,6.2,6.2,6.2
2026-07-22 13:00:00+00:00,2026-07-22 14:00:00+00:00,Islamabad,PK,13137731,8.1,µg/m³,100.0,8.1,8.1,8.1
2026-07-22 14:00:00+00:00,2026-07-22 15:00:00+00:00,Islamabad,PK,13137731,14.8,µg/m³,100.0,14.8,14.8,14.8
2026-07-22 15:00:00+00:00,2026-07-22 16:00:00+00:00,Islamabad,PK,13137731,18.7,µg/m³,100.0,18.7,18.7,18.7
2026-07-22 16:00:00+00:00,2026-07-22 17:00:00+00:00,Islamabad,PK,13137731,18.3,µg/m³,100.0,18.3,18.3,18.3
2026-07-22 17:00:00+00:00,2026-07-22 18:00:00+00:00,Islamabad,PK,13137731,25.4,µg/m³,100.0,25.4,25.4,25.4
2026-07-22 18:00:00+00:00,2026-07-22 19:00:00+00:00,Islamabad,PK,13137731,11.1,µg/m³,100.0,11.1,11.1,11.1
2026-07-22 19:00:00+00:00,2026-07-22 20:00:00+00:00,Islamabad,PK,13137731,12.1,µg/m³,100.0,12.1,12.1,12.1
2026-07-22 20:00:00+00:00,2026-07-22 21:00:00+00:00,Islamabad,PK,13137731,4.3,µg/m³,100.0,4.3,4.3,4.3
2026-07-22 21:00:00+00:00,2026-07-22 22:00:00+00:00,Islamabad,PK,13137731,4.0,µg/m³,100.0,4.0,4.0,4.0
2026-07-22 22:00:00+00:00,2026-07-22 23:00:00+00:00,Islamabad,PK,13137731,3.0,µg/m³,100.0,3.0,3.0,3.0
2026-07-22 23:00:00+00:00,2026-07-23 00:00:00+00:00,Islamabad,PK,13137731,4.3,µg/m³,100.0,4.3,4.3,4.3
2026-07-23 00:00:00+00:00,2026-07-23 01:00:00+00:00,Islamabad,PK,13137731,5.0,µg/m³,100.0,5.0,5.0,5.0
2026-07-23 01:00:00+00:00,2026-07-23 02:00:00+00:00,Islamabad,PK,13137731,4.7,µg/m³,100.0,4.7,4.7,4.7
2026-07-23 02:00:00+00:00,2026-07-23 03:00:00+00:00,Islamabad,PK,13137731,19.3,µg/m³,100.0,19.3,19.3,19.3
2026-07-23 03:00:00+00:00,2026-07-23 04:00:00+00:00,Islamabad,PK,13137731,23.9,µg/m³,100.0,23.9,23.9,23.9
2026-07-23 04:00:00+00:00,2026-07-23 05:00:00+00:00,Islamabad,PK,13137731,24.4,µg/m³,100.0,24.4,24.4,24.4
2026-07-23 05:00:00+00:00,2026-07-23 06:00:00+00:00,Islamabad,PK,13137731,2.7,µg/m³,100.0,2.7,2.7,2.7
2026-07-23 06:00:00+00:00,2026-07-23 07:00:00+00:00,Islamabad,PK,13137731,8.1,µg/m³,100.0,8.1,8.1,8.1
2026-07-23 07:00:00+00:00,2026-07-23 08:00:00+00:00,Islamabad,PK,13137731,10.4,µg/m³,100.0,10.4,10.4,10.4
2026-07-23 08:00:00+00:00,2026-07-23 09:00:00+00:00,Islamabad,PK,13137731,22.8,µg/m³,100.0,22.8,22.8,22.8
2026-07-23 09:00:00+00:00,2026-07-23 10:00:00+00:00,Islamabad,PK,13137731,20.9,µg/m³,100.0,20.9,20.9,20.9
2026-07-23 10:00:00+00:00,2026-07-23 11:00:00+00:00,Islamabad,PK,13137731,7.4,µg/m³,100.0,7.4,7.4,7.4
2026-07-23 11:00:00+00:00,2026-07-23 12:00:00+00:00,Islamabad,PK,13137731,0.8,µg/m³,100.0,0.8,0.8,0.8
2026-07-23 12:00:00+00:00,2026-07-23 13:00:00+00:00,Islamabad,PK,13137731,2.7,µg/m³,100.0,2.7,2.7,2.7
2026-07-23 13:00:00+00:00,2026-07-23 14:00:00+00:00,Islamabad,PK,13137731,4.0,µg/m³,100.0,4.0,4.0,4.0
2026-07-23 14:00:00+00:00,2026-07-23 15:00:00+00:00,Islamabad,PK,13137731,11.1,µg/m³,100.0,11.1,11.1,11.1
2026-07-23 15:00:00+00:00,2026-07-23 16:00:00+00:00,Islamabad,PK,13137731,13.5,µg/m³,100.0,13.5,13.5,13.5
2026-07-23 16:00:00+00:00,2026-07-23 17:00:00+00:00,Islamabad,PK,13137731,5.9,µg/m³,100.0,5.9,5.9,5.9
2026-07-23 17:00:00+00:00,2026-07-23 18:00:00+00:00,Islamabad,PK,13137731,5.2,µg/m³,100.0,5.2,5.2,5.2
2026-07-23 18:00:00+00:00,2026-07-23 19:00:00+00:00,Islamabad,PK,13137731,7.5,µg/m³,100.0,7.5,7.5,7.5
2026-07-23 19:00:00+00:00,2026-07-23 20:00:00+00:00,Islamabad,PK,13137731,6.8,µg/m³,100.0,6.8,6.8,6.8
2026-07-23 20:00:00+00:00,2026-07-23 21:00:00+00:00,Islamabad,PK,13137731,10.3,µg/m³,100.0,10.3,10.3,10.3
2026-07-23 21:00:00+00:00,2026-07-23 22:00:00+00:00,Islamabad,PK,13137731,7.4,µg/m³,100.0,7.4,7.4,7.4
2026-07-23 22:00:00+00:00,2026-07-23 23:00:00+00:00,Islamabad,PK,13137731,7.7,µg/m³,100.0,7.7,7.7,7.7
2026-07-23 23:00:00+00:00,2026-07-24 00:00:00+00:00,Islamabad,PK,13137731,7.2,µg/m³,100.0,7.2,7.2,7.2
2026-07-24 00:00:00+00:00,2026-07-24 01:00:00+00:00,Islamabad,PK,13137731,5.0,µg/m³,100.0,5.0,5.0,5.0
2026-07-24 01:00:00+00:00,2026-07-24 02:00:00+00:00,Islamabad,PK,13137731,4.0,µg/m³,100.0,4.0,4.0,4.0
2026-07-24 02:00:00+00:00,2026-07-24 03:00:00+00:00,Islamabad,PK,13137731,10.6,µg/m³,100.0,10.6,10.6,10.6
2026-07-24 03:00:00+00:00,2026-07-24 04:00:00+00:00,Islamabad,PK,13137731,16.0,µg/m³,100.0,16.0,16.0,16.0
2026-07-24 04:00:00+00:00,2026-07-24 05:00:00+00:00,Islamabad,PK,13137731,7.4,µg/m³,100.0,7.4,7.4,7.4
2026-07-24 05:00:00+00:00,2026-07-24 06:00:00+00:00,Islamabad,PK,13137731,13.0,µg/m³,100.0,13.0,13.0,13.0
2026-07-24 06:00:00+00:00,2026-07-24 07:00:00+00:00,Islamabad,PK,13137731,24.2,µg/m³,100.0,24.2,24.2,24.2
2026-07-24 07:00:00+00:00,2026-07-24 08:00:00+00:00,Islamabad,PK,13137731,21.4,µg/m³,100.0,21.4,21.4,21.4
2026-07-24 08:00:00+00:00,2026-07-24 09:00:00+00:00,Islamabad,PK,13137731,7.8,µg/m³,100.0,7.8,7.8,7.8
2026-07-24 09:00:00+00:00,2026-07-24 10:00:00+00:00,Islamabad,PK,13137731,9.1,µg/m³,100.0,9.1,9.1,9.1
2026-07-24 10:00:00+00:00,2026-07-24 11:00:00+00:00,Islamabad,PK,13137731,25.4,µg/m³,100.0,25.4,25.4,25.4
2026-07-24 11:00:00+00:00,2026-07-24 12:00:00+00:00,Islamabad,PK,13137731,12.8,µg/m³,100.0,12.8,12.8,12.8
2026-07-24 12:00:00+00:00,2026-07-24 13:00:00+00:00,Islamabad,PK,13137731,11.7,µg/m³,100.0,11.7,11.7,11.7
2026-07-24 13:00:00+00:00,2026-07-24 14:00:00+00:00,Islamabad,PK,13137731,25.0,µg/m³,100.0,25.0,25.0,25.0
2026-07-24 14:00:00+00:00,2026-07-24 15:00:00+00:00,Islamabad,PK,13137731,15.6,µg/m³,100.0,15.6,15.6,15.6
2026-07-24 15:00:00+00:00,2026-07-24 16:00:00+00:00,Islamabad,PK,13137731,18.2,µg/m³,100.0,18.2,18.2,18.2
2026-07-24 16:00:00+00:00,2026-07-24 17:00:00+00:00,Islamabad,PK,13137731,24.2,µg/m³,100.0,24.2,24.2,24.2
2026-07-24 17:00:00+00:00,2026-07-24 18:00:00+00:00,Islamabad,PK,13137731,29.7,µg/m³,100.0,29.7,29.7,29.7
2026-07-24 18:00:00+00:00,2026-07-24 19:00:00+00:00,Islamabad,PK,13137731,31.1,µg/m³,100.0,31.1,31.1,31.1
2026-07-24 19:00:00+00:00,2026-07-24 20:00:00+00:00,Islamabad,PK,13137731,33.2,µg/m³,100.0,33.2,33.2,33.2
2026-07-24 20:00:00+00:00,2026-07-24 21:00:00+00:00,Islamabad,PK,13137731,22.8,µg/m³,100.0,22.8,22.8,22.8
2026-07-24 21:00:00+00:00,2026-07-24 22:00:00+00:00,Islamabad,PK,13137731,14.9,µg/m³,100.0,14.9,14.9,14.9
2026-07-24 22:00:00+00:00,2026-07-24 23:00:00+00:00,Islamabad,PK,13137731,11.7,µg/m³,100.0,11.7,11.7,11.7
2026-07-24 23:00:00+00:00,2026-07-25 00:00:00+00:00,Islamabad,PK,13137731,10.1,µg/m³,100.0,10.1,10.1,10.1
2026-07-25 00:00:00+00:00,2026-07-25 01:00:00+00:00,Islamabad,PK,13137731,8.7,µg/m³,100.0,8.7,8.7,8.7
2026-07-25 01:00:00+00:00,2026-07-25 02:00:00+00:00,Islamabad,PK,13137731,11.9,µg/m³,100.0,11.9,11.9,11.9
2026-07-25 02:00:00+00:00,2026-07-25 03:00:00+00:00,Islamabad,PK,13137731,20.4,µg/m³,100.0,20.4,20.4,20.4
2026-07-25 03:00:00+00:00,2026-07-25 04:00:00+00:00,Islamabad,PK,13137731,26.2,µg/m³,100.0,26.2,26.2,26.2
2026-07-25 04:00:00+00:00,2026-07-25 05:00:00+00:00,Islamabad,PK,13137731,33.2,µg/m³,100.0,33.2,33.2,33.2
2026-07-25 05:00:00+00:00,2026-07-25 06:00:00+00:00,Islamabad,PK,13137731,17.0,µg/m³,100.0,17.0,17.0,17.0
2026-07-25 06:00:00+00:00,2026-07-25 07:00:00+00:00,Islamabad,PK,13137731,14.6,µg/m³,100.0,14.6,14.6,14.6
2026-07-25 07:00:00+00:00,2026-07-25 08:00:00+00:00,Islamabad,PK,13137731,25.4,µg/m³,100.0,25.4,25.4,25.4
2026-07-25 08:00:00+00:00,2026-07-25 09:00:00+00:00,Islamabad,PK,13137731,27.3,µg/m³,100.0,27.3,27.3,27.3
2026-07-25 09:00:00+00:00,2026-07-25 10:00:00+00:00,Islamabad,PK,13137731,26.4,µg/m³,100.0,26.4,26.4,26.4
2026-07-25 10:00:00+00:00,2026-07-25 11:00:00+00:00,Islamabad,PK,13137731,28.7,µg/m³,100.0,28.7,28.7,28.7
2026-07-25 11:00:00+00:00,2026-07-25 12:00:00+00:00,Islamabad,PK,13137731,34.7,µg/m³,100.0,34.7,34.7,34.7
2026-07-25 12:00:00+00:00,2026-07-25 13:00:00+00:00,Islamabad,PK,13137731,26.9,µg/m³,100.0,26.9,26.9,26.9
2026-07-25 13:00:00+00:00,2026-07-25 14:00:00+00:00,Islamabad,PK,13137731,23.6,µg/m³,100.0,23.6,23.6,23.6
2026-07-25 14:00:00+00:00,2026-07-25 15:00:00+00:00,Islamabad,PK,13137731,26.9,µg/m³,100.0,26.9,26.9,26.9
2026-07-25 15:00:00+00:00,2026-07-25 16:00:00+00:00,Islamabad,PK,13137731,27.1,µg/m³,100.0,27.1,27.1,27.1
2026-07-25 16:00:00+00:00,2026-07-25 17:00:00+00:00,Islamabad,PK,13137731,31.0,µg/m³,100.0,31.0,31.0,31.0
2026-07-25 17:00:00+00:00,2026-07-25 18:00:00+00:00,Islamabad,PK,13137731,31.4,µg/m³,100.0,31.4,31.4,31.4
2026-07-25 18:00:00+00:00,2026-07-25 19:00:00+00:00,Islamabad,PK,13137731,20.6,µg/m³,100.0,20.6,20.6,20.6
2026-07-25 19:00:00+00:00,2026-07-25 20:00:00+00:00,Islamabad,PK,13137731,22.5,µg/m³,100.0,22.5,22.5,22.5
2026-07-25 20:00:00+00:00,2026-07-25 21:00:00+00:00,Islamabad,PK,13137731,22.5,µg/m³,100.0,22.5,22.5,22.5
2026-07-25 21:00:00+00:00,2026-07-25 22:00:00+00:00,Islamabad,PK,13137731,11.7,µg/m³,100.0,11.7,11.7,11.7
2026-07-25 22:00:00+00:00,2026-07-25 23:00:00+00:00,Islamabad,PK,13137731,11.9,µg/m³,100.0,11.9,11.9,11.9
2026-07-25 23:00:00+00:00,2026-07-26 00:00:00+00:00,Islamabad,PK,13137731,8.4,µg/m³,100.0,8.4,8.4,8.4
2026-07-26 00:00:00+00:00,2026-07-26 01:00:00+00:00,Islamabad,PK,13137731,6.0,µg/m³,100.0,6.0,6.0,6.0
2026-07-26 01:00:00+00:00,2026-07-26 02:00:00+00:00,Islamabad,PK,13137731,7.5,µg/m³,100.0,7.5,7.5,7.5
2026-07-26 02:00:00+00:00,2026-07-26 03:00:00+00:00,Islamabad,PK,13137731,9.1,µg/m³,100.0,9.1,9.1,9.1
2026-07-26 03:00:00+00:00,2026-07-26 04:00:00+00:00,Islamabad,PK,13137731,12.1,µg/m³,100.0,12.1,12.1,12.1
2026-07-26 04:00:00+00:00,2026-07-26 05:00:00+00:00,Islamabad,PK,13137731,25.5,µg/m³,100.0,25.5,25.5,25.5
2026-07-26 05:00:00+00:00,2026-07-26 06:00:00+00:00,Islamabad,PK,13137731,24.7,µg/m³,100.0,24.7,24.7,24.7
2026-07-26 06:00:00+00:00,2026-07-26 07:00:00+00:00,Islamabad,PK,13137731,27.2,µg/m³,100.0,27.2,27.2,27.2
2026-07-26 07:00:00+00:00,2026-07-26 08:00:00+00:00,Islamabad,PK,13137731,39.8,µg/m³,100.0,39.8,39.8,39.8
2026-07-26 08:00:00+00:00,2026-07-26 09:00:00+00:00,Islamabad,PK,13137731,34.8,µg/m³,100.0,34.8,34.8,34.8
2026-07-26 09:00:00+00:00,2026-07-26 10:00:00+00:00,Islamabad,PK,13137731,28.0,µg/m³,100.0,28.0,28.0,28.0
2026-07-26 10:00:00+00:00,2026-07-26 11:00:00+00:00,Islamabad,PK,13137731,23.5,µg/m³,100.0,23.5,23.5,23.5
2026-07-26 11:00:00+00:00,2026-07-26 12:00:00+00:00,Islamabad,PK,13137731,23.1,µg/m³,100.0,23.1,23.1,23.1
2026-07-26 12:00:00+00:00,2026-07-26 13:00:00+00:00,Islamabad,PK,13137731,27.1,µg/m³,100.0,27.1,27.1,27.1
2026-07-26 13:00:00+00:00,2026-07-26 14:00:00+00:00,Islamabad,PK,13137731,20.8,µg/m³,100.0,20.8,20.8,20.8
2026-07-26 14:00:00+00:00,2026-07-26 15:00:00+00:00,Islamabad,PK,13137731,17.9,µg/m³,100.0,17.9,17.9,17.9
2026-07-26 15:00:00+00:00,2026-07-26 16:00:00+00:00,Islamabad,PK,13137731,20.1,µg/m³,100.0,20.1,20.1,20.1
2026-07-26 16:00:00+00:00,2026-07-26 17:00:00+00:00,Islamabad,PK,13137731,20.9,µg/m³,100.0,20.9,20.9,20.9
2026-07-26 17:00:00+00:00,2026-07-26 18:00:00+00:00,Islamabad,PK,13137731,22.9,µg/m³,100.0,22.9,22.9,22.9
2026-07-26 18:00:00+00:00,2026-07-26 19:00:00+00:00,Islamabad,PK,13137731,26.1,µg/m³,100.0,26.1,26.1,26.1
2026-07-26 19:00:00+00:00,2026-07-26 20:00:00+00:00,Islamabad,PK,13137731,30.4,µg/m³,100.0,30.4,30.4,30.4
2026-07-26 20:00:00+00:00,2026-07-26 21:00:00+00:00,Islamabad,PK,13137731,26.4,µg/m³,100.0,26.4,26.4,26.4
2026-07-26 21:00:00+00:00,2026-07-26 22:00:00+00:00,Islamabad,PK,13137731,25.1,µg/m³,100.0,25.1,25.1,25.1
2026-07-26 22:00:00+00:00,2026-07-26 23:00:00+00:00,Islamabad,PK,13137731,21.4,µg/m³,100.0,21.4,21.4,21.4
2026-07-26 23:00:00+00:00,2026-07-27 00:00:00+00:00,Islamabad,PK,13137731,22.2,µg/m³,100.0,22.2,22.2,22.2
2026-07-27 00:00:00+00:00,2026-07-27 01:00:00+00:00,Islamabad,PK,13137731,24.4,µg/m³,100.0,24.4,24.4,24.4
2026-07-27 01:00:00+00:00,2026-07-27 02:00:00+00:00,Islamabad,PK,13137731,28.4,µg/m³,100.0,28.4,28.4,28.4
2026-07-27 02:00:00+00:00,2026-07-27 03:00:00+00:00,Islamabad,PK,13137731,32.0,µg/m³,100.0,32.0,32.0,32.0
2026-07-27 03:00:00+00:00,2026-07-27 04:00:00+00:00,Islamabad,PK,13137731,37.0,µg/m³,100.0,37.0,37.0,37.0
2026-07-27 04:00:00+00:00,2026-07-27 05:00:00+00:00,Islamabad,PK,13137731,43.3,µg/m³,100.0,43.3,43.3,43.3
2026-07-27 05:00:00+00:00,2026-07-27 06:00:00+00:00,Islamabad,PK,13137731,42.7,µg/m³,100.0,42.7,42.7,42.7
2026-07-27 06:00:00+00:00,2026-07-27 07:00:00+00:00,Islamabad,PK,13137731,32.9,µg/m³,100.0,32.9,32.9,32.9
2026-07-27 07:00:00+00:00,2026-07-27 08:00:00+00:00,Islamabad,PK,13137731,30.8,µg/m³,100.0,30.8,30.8,30.8
2026-07-27 08:00:00+00:00,2026-07-27 09:00:00+00:00,Islamabad,PK,13137731,29.9,µg/m³,100.0,29.9,29.9,29.9
2026-07-27 09:00:00+00:00,2026-07-27 10:00:00+00:00,Islamabad,PK,13137731,33.1,µg/m³,100.0,33.1,33.1,33.1
2026-07-27 10:00:00+00:00,2026-07-27 11:00:00+00:00,Islamabad,PK,13137731,31.8,µg/m³,100.0,31.8,31.8,31.8
2026-07-27 11:00:00+00:00,2026-07-27 12:00:00+00:00,Islamabad,PK,13137731,28.4,µg/m³,100.0,28.4,28.4,28.4
2026-07-27 12:00:00+00:00,2026-07-27 13:00:00+00:00,Islamabad,PK,13137731,28.2,µg/m³,100.0,28.2,28.2,28.2
2026-07-27 13:00:00+00:00,2026-07-27 14:00:00+00:00,Islamabad,PK,13137731,27.3,µg/m³,100.0,27.3,27.3,27.3
2026-07-27 14:00:00+00:00,2026-07-27 15:00:00+00:00,Islamabad,PK,13137731,27.8,µg/m³,100.0,27.8,27.8,27.8
2026-07-27 15:00:00+00:00,2026-07-27 16:00:00+00:00,Islamabad,PK,13137731,27.8,µg/m³,100.0,27.8,27.8,27.8
2026-07-27 16:00:00+00:00,2026-07-27 17:00:00+00:00,Islamabad,PK,13137731,33.5,µg/m³,100.0,33.5,33.5,33.5
2026-07-27 17:00:00+00:00,2026-07-27 18:00:00+00:00,Islamabad,PK,13137731,33.0,µg/m³,100.0,33.0,33.0,33.0
2026-07-27 18:00:00+00:00,2026-07-27 19:00:00+00:00,Islamabad,PK,13137731,34.4,µg/m³,100.0,34.4,34.4,34.4
2026-07-27 19:00:00+00:00,2026-07-27 20:00:00+00:00,Islamabad,PK,13137731,31.9,µg/m³,100.0,31.9,31.9,31.9
2026-07-27 20:00:00+00:00,2026-07-27 21:00:00+00:00,Islamabad,PK,13137731,29.9,µg/m³,100.0,29.9,29.9,29.9
2026-07-27 21:00:00+00:00,2026-07-27 22:00:00+00:00,Islamabad,PK,13137731,32.4,µg/m³,100.0,32.4,32.4,32.4
2026-07-27 22:00:00+00:00,2026-07-27 23:00:00+00:00,Islamabad,PK,13137731,35.2,µg/m³,100.0,35.2,35.2,35.2
2026-07-27 23:00:00+00:00,2026-07-28 00:00:00+00:00,Islamabad,PK,13137731,35.4,µg/m³,100.0,35.4,35.4,35.4
2026-07-28 00:00:00+00:00,2026-07-28 01:00:00+00:00,Islamabad,PK,13137731,35.5,µg/m³,100.0,35.5,35.5,35.5
2026-07-28 01:00:00+00:00,2026-07-28 02:00:00+00:00,Islamabad,PK,13137731,39.1,µg/m³,100.0,39.1,39.1,39.1
2026-07-28 02:00:00+00:00,2026-07-28 03:00:00+00:00,Islamabad,PK,13137731,37.9,µg/m³,100.0,37.9,37.9,37.9
2026-07-28 03:00:00+00:00,2026-07-28 04:00:00+00:00,Islamabad,PK,13137731,43.1,µg/m³,100.0,43.1,43.1,43.1
2026-07-28 04:00:00+00:00,2026-07-28 05:00:00+00:00,Islamabad,PK,13137731,44.4,µg/m³,100.0,44.4,44.4,44.4
2026-07-28 05:00:00+00:00,2026-07-28 06:00:00+00:00,Islamabad,PK,13137731,45.7,µg/m³,100.0,45.7,45.7,45.7
2026-07-28 06:00:00+00:00,2026-07-28 07:00:00+00:00,Islamabad,PK,13137731,49.1,µg/m³,100.0,49.1,49.1,49.1
2026-07-28 07:00:00+00:00,2026-07-28 08:00:00+00:00,Islamabad,PK,13137731,59.8,µg/m³,100.0,59.8,59.8,59.8
2026-07-28 08:00:00+00:00,2026-07-28 09:00:00+00:00,Islamabad,PK,13137731,49.8,µg/m³,100.0,49.8,49.8,49.8
2026-07-28 09:00:00+00:00,2026-07-28 10:00:00+00:00,Islamabad,PK,13137731,41.7,µg/m³,100.0,41.7,41.7,41.7
2026-07-28 10:00:00+00:00,2026-07-28 11:00:00+00:00,Islamabad,PK,13137731,38.8,µg/m³,100.0,38.8,38.8,38.8
2026-07-28 11:00:00+00:00,2026-07-28 12:00:00+00:00,Islamabad,PK,13137731,40.4,µg/m³,100.0,40.4,40.4,40.4
2026-07-28 12:00:00+00:00,2026-07-28 13:00:00+00:00,Islamabad,PK,13137731,36.2,µg/m³,100.0,36.2,36.2,36.2
2026-07-28 13:00:00+00:00,2026-07-28 14:00:00+00:00,Islamabad,PK,13137731,40.1,µg/m³,100.0,40.1,40.1,40.1
2026-07-28 14:00:00+00:00,2026-07-28 15:00:00+00:00,Islamabad,PK,13137731,30.1,µg/m³,100.0,30.1,30.1,30.1
2026-07-28 15:00:00+00:00,2026-07-28 16:00:00+00:00,Islamabad,PK,13137731,16.7,µg/m³,100.0,16.7,16.7,16.7
2026-07-28 16:00:00+00:00,2026-07-28 17:00:00+00:00,Islamabad,PK,13137731,17.7,µg/m³,100.0,17.7,17.7,17.7
2026-07-28 17:00:00+00:00,2026-07-28 18:00:00+00:00,Islamabad,PK,13137731,21.1,µg/m³,100.0,21.1,21.1,21.1
2026-07-28 18:00:00+00:00,2026-07-28 19:00:00+00:00,Islamabad,PK,13137731,27.0,µg/m³,100.0,27.0,27.0,27.0
2026-07-28 19:00:00+00:00,2026-07-28 20:00:00+00:00,Islamabad,PK,13137731,26.4,µg/m³,100.0,26.4,26.4,26.4
2026-07-28 20:00:00+00:00,2026-07-28 21:00:00+00:00,Islamabad,PK,13137731,29.6,µg/m³,100.0,29.6,29.6,29.6
2026-07-28 21:00:00+00:00,2026-07-28 22:00:00+00:00,Islamabad,PK,13137731,20.3,µg/m³,100.0,20.3,20.3,20.3
2026-07-28 22:00:00+00:00,2026-07-28 23:00:00+00:00,Islamabad,PK,13137731,7.7,µg/m³,100.0,7.7,7.7,7.7
2026-07-28 23:00:00+00:00,2026-07-29 00:00:00+00:00,Islamabad,PK,13137731,8.3,µg/m³,100.0,8.3,8.3,8.3
2026-07-29 00:00:00+00:00,2026-07-29 01:00:00+00:00,Islamabad,PK,13137731,14.3,µg/m³,100.0,14.3,14.3,14.3
2026-07-29 01:00:00+00:00,2026-07-29 02:00:00+00:00,Islamabad,PK,13137731,19.5,µg/m³,100.0,19.5,19.5,19.5
2026-07-29 02:00:00+00:00,2026-07-29 03:00:00+00:00,Islamabad,PK,13137731,23.1,µg/m³,100.0,23.1,23.1,23.1
2026-07-29 03:00:00+00:00,2026-07-29 04:00:00+00:00,Islamabad,PK,13137731,26.4,µg/m³,100.0,26.4,26.4,26.4
2026-07-29 04:00:00+00:00,2026-07-29 05:00:00+00:00,Islamabad,PK,13137731,31.7,µg/m³,100.0,31.7,31.7,31.7
2026-07-29 05:00:00+00:00,2026-07-29 06:00:00+00:00,Islamabad,PK,13137731,31.3,µg/m³,100.0,31.3,31.3,31.3
2026-07-29 06:00:00+00:00,2026-07-29 07:00:00+00:00,Islamabad,PK,13137731,35.7,µg/m³,100.0,35.7,35.7,35.7
2026-07-29 07:00:00+00:00,2026-07-29 08:00:00+00:00,Islamabad,PK,13137731,34.3,µg/m³,100.0,34.3,34.3,34.3
2026-07-29 08:00:00+00:00,2026-07-29 09:00:00+00:00,Islamabad,PK,13137731,39.7,µg/m³,100.0,39.7,39.7,39.7
2026-07-29 09:00:00+00:00,2026-07-29 10:00:00+00:00,Islamabad,PK,13137731,35.0,µg/m³,100.0,35.0,35.0,35.0
2026-07-29 10:00:00+00:00,2026-07-29 11:00:00+00:00,Islamabad,PK,13137731,34.4,µg/m³,100.0,34.4,34.4,34.4
2026-07-29 11:00:00+00:00,2026-07-29 12:00:00+00:00,Islamabad,PK,13137731,33.6,µg/m³,100.0,33.6,33.6,33.6
2026-07-29 12:00:00+00:00,2026-07-29 13:00:00+00:00,Islamabad,PK,13137731,37.1,µg/m³,100.0,37.1,37.1,37.1
2026-07-29 13:00:00+00:00,2026-07-29 14:00:00+00:00,Islamabad,PK,13137731,50.0,µg/m³,100.0,50.0,50.0,50.0
2026-07-29 14:00:00+00:00,2026-07-29 15:00:00+00:00,Islamabad,PK,13137731,39.3,µg/m³,100.0,39.3,39.3,39.3
2026-07-29 15:00:00+00:00,2026-07-29 16:00:00+00:00,Islamabad,PK,13137731,39.1,µg/m³,100.0,39.1,39.1,39.1
2026-07-29 16:00:00+00:00,2026-07-29 17:00:00+00:00,Islamabad,PK,13137731,37.6,µg/m³,100.0,37.6,37.6,37.6
2026-07-29 17:00:00+00:00,2026-07-29 18:00:00+00:00,Islamabad,PK,13137731,31.5,µg/m³,100.0,31.5,31.5,31.5
2026-07-29 18:00:00+00:00,2026-07-29 19:00:00+00:00,Islamabad,PK,13137731,32.2,µg/m³,100.0,32.2,32.2,32.2
2026-07-29 19:00:00+00:00,2026-07-29 20:00:00+00:00,Islamabad,PK,13137731,34.1,µg/m³,100.0,34.1,34.1,34.1
2026-07-29 20:00:00+00:00,2026-07-29 21:00:00+00:00,Islamabad,PK,13137731,34.3,µg/m³,100.0,34.3,34.3,34.3
2026-07-29 21:00:00+00:00,2026-07-29 22:00:00+00:00,Islamabad,PK,13137731,35.6,µg/m³,100.0,35.6,35.6,35.6
2026-07-29 22:00:00+00:00,2026-07-29 23:00:00+00:00,Islamabad,PK,13137731,34.4,µg/m³,100.0,34.4,34.4,34.4
2026-07-29 23:00:00+00:00,2026-07-30 00:00:00+00:00,Islamabad,PK,13137731,32.9,µg/m³,100.0,32.9,32.9,32.9
2026-07-30 00:00:00+00:00,2026-07-30 01:00:00+00:00,Islamabad,PK,13137731,31.1,µg/m³,100.0,31.1,31.1,31.1
2026-07-30 01:00:00+00:00,2026-07-30 02:00:00+00:00,Islamabad,PK,13137731,30.5,µg/m³,100.0,30.5,30.5,30.5
2026-07-30 02:00:00+00:00,2026-07-30 03:00:00+00:00,Islamabad,PK,13137731,33.8,µg/m³,100.0,33.8,33.8,33.8
2026-07-30 03:00:00+00:00,2026-07-30 04:00:00+00:00,Islamabad,PK,13137731,38.1,µg/m³,100.0,38.1,38.1,38.1
2026-07-30 04:00:00+00:00,2026-07-30 05:00:00+00:00,Islamabad,PK,13137731,38.4,µg/m³,100.0,38.4,38.4,38.4
2026-07-30 05:00:00+00:00,2026-07-30 06:00:00+00:00,Islamabad,PK,13137731,37.9,µg/m³,100.0,37.9,37.9,37.9
2026-07-30 06:00:00+00:00,2026-07-30 07:00:00+00:00,Islamabad,PK,13137731,38.0,µg/m³,100.0,38.0,38.0,38.0
2026-07-30 07:00:00+00:00,2026-07-30 08:00:00+00:00,Islamabad,PK,13137731,49.1,µg/m³,100.0,49.1,49.1,49.1
2026-07-30 08:00:00+00:00,2026-07-30 09:00:00+00:00,Islamabad,PK,13137731,47.4,µg/m³,100.0,47.4,47.4,47.4
2026-07-30 09:00:00+00:00,2026-07-30 10:00:00+00:00,Islamabad,PK,13137731,44.9,µg/m³,100.0,44.9,44.9,44.9
2026-07-30 10:00:00+00:00,2026-07-30 11:00:00+00:00,Islamabad,PK,13137731,45.7,µg/m³,100.0,45.7,45.7,45.7
2026-07-30 11:00:00+00:00,2026-07-30 12:00:00+00:00,Islamabad,PK,13137731,45.3,µg/m³,100.0,45.3,45.3,45.3
2026-07-30 12:00:00+00:00,2026-07-30 13:00:00+00:00,Islamabad,PK,13137731,46.3,µg/m³,100.0,46.3,46.3,46.3
2026-07-30 13:00:00+00:00,2026-07-30 14:00:00+00:00,Islamabad,PK,13137731,46.7,µg/m³,100.0,46.7,46.7,46.7
2026-07-30 14:00:00+00:00,2026-07-30 15:00:00+00:00,Islamabad,PK,13137731,46.7,µg/m³,100.0,46.7,46.7,46.7
2026-07-30 15:00:00+00:00,2026-07-30 16:00:00+00:00,Islamabad,PK,13137731,45.4,µg/m³,100.0,45.4,45.4,45.4
2026-07-30 16:00:00+00:00,2026-07-30 17:00:00+00:00,Islamabad,PK,13137731,45.0,µg/m³,100.0,45.0,45.0,45.0
2026-07-30 17:00:00+00:00,2026-07-30 18:00:00+00:00,Islamabad,PK,13137731,44.2,µg/m³,100.0,44.2,44.2,44.2
2026-07-30 18:00:00+00:00,2026-07-30 19:00:00+00:00,Islamabad,PK,13137731,45.3,µg/m³,100.0,45.3,45.3,45.3
2026-07-30 19:00:00+00:00,2026-07-30 20:00:00+00:00,Islamabad,PK,13137731,42.8,µg/m³,100.0,42.8,42.8,42.8
2026-07-30 20:00:00+00:00,2026-07-30 21:00:00+00:00,Islamabad,PK,13137731,41.0,µg/m³,100.0,41.0,41.0,41.0
2026-07-30 21:00:00+00:00,2026-07-30 22:00:00+00:00,Islamabad,PK,13137731,38.2,µg/m³,100.0,38.2,38.2,38.2
2026-07-30 22:00:00+00:00,2026-07-30 23:00:00+00:00,Islamabad,PK,13137731,34.2,µg/m³,100.0,34.2,34.2,34.2
2026-07-30 23:00:00+00:00,2026-07-31 00:00:00+00:00,Islamabad,PK,13137731,35.0,µg/m³,100.0,35.0,35.0,35.0
2026-07-31 00:00:00+00:00,2026-07-31 01:00:00+00:00,Islamabad,PK,13137731,37.4,µg/m³,100.0,37.4,37.4,37.4
2026-07-31 01:00:00+00:00,2026-07-31 02:00:00+00:00,Islamabad,PK,13137731,38.7,µg/m³,100.0,38.7,38.7,38.7
2026-07-31 02:00:00+00:00,2026-07-31 03:00:00+00:00,Islamabad,PK,13137731,45.8,µg/m³,100.0,45.8,45.8,45.8
2026-07-31 03:00:00+00:00,2026-07-31 04:00:00+00:00,Islamabad,PK,13137731,48.9,µg/m³,100.0,48.9,48.9,48.9
2026-07-31 04:00:00+00:00,2026-07-31 05:00:00+00:00,Islamabad,PK,13137731,49.1,µg/m³,100.0,49.1,49.1,49.1
2026-07-31 05:00:00+00:00,2026-07-31 06:00:00+00:00,Islamabad,PK,13137731,47.1,µg/m³,100.0,47.1,47.1,47.1
2026-07-31 06:00:00+00:00,2026-07-31 07:00:00+00:00,Islamabad,PK,13137731,46.0,µg/m³,100.0,46.0,46.0,46.0
2026-07-31 07:00:00+00:00,2026-07-31 08:00:00+00:00,Islamabad,PK,13137731,26.1,µg/m³,100.0,26.1,26.1,26.1
2026-07-31 08:00:00+00:00,2026-07-31 09:00:00+00:00,Islamabad,PK,13137731,12.7,µg/m³,100.0,12.7,12.7,12.7
2026-07-31 09:00:00+00:00,2026-07-31 10:00:00+00:00,Islamabad,PK,13137731,23.1,µg/m³,100.0,23.1,23.1,23.1
2026-07-31 10:00:00+00:00,2026-07-31 11:00:00+00:00,Islamabad,PK,13137731,37.9,µg/m³,100.0,37.9,37.9,37.9
2026-07-31 11:00:00+00:00,2026-07-31 12:00:00+00:00,Islamabad,PK,13137731,37.9,µg/m³,100.0,37.9,37.9,37.9
2026-07-31 12:00:00+00:00,2026-07-31 13:00:00+00:00,Islamabad,PK,13137731,41.2,µg/m³,100.0,41.2,41.2,41.2
2026-07-31 13:00:00+00:00,2026-07-31 14:00:00+00:00,Islamabad,PK,13137731,43.9,µg/m³,100.0,43.9,43.9,43.9
2026-07-31 14:00:00+00:00,2026-07-31 15:00:00+00:00,Islamabad,PK,13137731,40.1,µg/m³,100.0,40.1,40.1,40.1
2026-07-31 15:00:00+00:00,2026-07-31 16:00:00+00:00,Islamabad,PK,13137731,40.7,µg/m³,100.0,40.7,40.7,40.7
2026-07-31 16:00:00+00:00,2026-07-31 17:00:00+00:00,Islamabad,PK,13137731,42.4,µg/m³,100.0,42.4,42.4,42.4
2026-07-31 17:00:00+00:00,2026-07-31 18:00:00+00:00,Islamabad,PK,13137731,33.1,µg/m³,100.0,33.1,33.1,33.1
2026-07-31 18:00:00+00:00,2026-07-31 19:00:00+00:00,Islamabad,PK,13137731,22.9,µg/m³,100.0,22.9,22.9,22.9
2026-07-31 19:00:00+00:00,2026-07-31 20:00:00+00:00,Islamabad,PK,13137731,22.7,µg/m³,100.0,22.7,22.7,22.7
2026-07-31 20:00:00+00:00,2026-07-31 21:00:00+00:00,Islamabad,PK,13137731,21.7,µg/m³,100.0,21.7,21.7,21.7
2026-07-31 21:00:00+00:00,2026-07-31 22:00:00+00:00,Islamabad,PK,13137731,23.2,µg/m³,100.0,23.2,23.2,23.2
2026-07-31 22:00:00+00:00,2026-07-31 23:00:00+00:00,Islamabad,PK,13137731,22.3,µg/m³,100.0,22.3,22.3,22.3
2026-07-31 23:00:00+00:00,2026-08-01 00:00:00+00:00,Islamabad,PK,13137731,19.9,µg/m³,100.0,19.9,19.9,19.9
2026-08-01 00:00:00+00:00,2026-08-01 01:00:00+00:00,Islamabad,PK,13137731,20.1,µg/m³,100.0,20.1,20.1,20.1
2026-08-01 01:00:00+00:00,2026-08-01 02:00:00+00:00,Islamabad,PK,13137731,21.8,µg/m³,100.0,21.8,21.8,21.8
2026-08-01 02:00:00+00:00,2026-08-01 03:00:00+00:00,Islamabad,PK,13137731,21.0,µg/m³,100.0,21.0,21.0,21.0
2026-08-01 03:00:00+00:00,2026-08-01 04:00:00+00:00,Islamabad,PK,13137731,21.4,µg/m³,100.0,21.4,21.4,21.4
2026-08-01 04:00:00+00:00,2026-08-01 05:00:00+00:00,Islamabad,PK,13137731,19.2,µg/m³,100.0,19.2,19.2,19.2
2026-08-01 05:00:00+00:00,2026-08-01 06:00:00+00:00,Islamabad,PK,13137731,9.8,µg/m³,100.0,9.8,9.8,9.8
2026-08-01 06:00:00+00:00,2026-08-01 07:00:00+00:00,Islamabad,PK,13137731,13.3,µg/m³,100.0,13.3,13.3,13.3
2026-08-01 07:00:00+00:00,2026-08-01 08:00:00+00:00,Islamabad,PK,13137731,17.3,µg/m³,100.0,17.3,17.3,17.3
2026-08-01 08:00:00+00:00,2026-08-01 09:00:00+00:00,Islamabad,PK,13137731,36.2,µg/m³,100.0,36.2,36.2,36.2
2026-08-01 09:00:00+00:00,2026-08-01 10:00:00+00:00,Islamabad,PK,13137731,36.8,µg/m³,100.0,36.8,36.8,36.8
2026-08-01 10:00:00+00:00,2026-08-01 11:00:00+00:00,Islamabad,PK,13137731,28.8,µg/m³,100.0,28.8,28.8,28.8
2026-08-01 11:00:00+00:00,2026-08-01 12:00:00+00:00,Islamabad,PK,13137731,31.2,µg/m³,100.0,31.2,31.2,31.2
2026-08-01 12:00:00+00:00,2026-08-01 13:00:00+00:00,Islamabad,PK,13137731,29.6,µg/m³,100.0,29.6,29.6,29.6
2026-08-01 13:00:00+00:00,2026-08-01 14:00:00+00:00,Islamabad,PK,13137731,32.1,µg/m³,100.0,32.1,32.1,32.1
2026-08-01 14:00:00+00:00,2026-08-01 15:00:00+00:00,Islamabad,PK,13137731,34.9,µg/m³,100.0,34.9,34.9,34.9
2026-08-01 15:00:00+00:00,2026-08-01 16:00:00+00:00,Islamabad,PK,13137731,37.7,µg/m³,100.0,37.7,37.7,37.7
2026-08-01 16:00:00+00:00,2026-08-01 17:00:00+00:00,Islamabad,PK,13137731,37.2,µg/m³,100.0,37.2,37.2,37.2
2026-08-01 17:00:00+00:00,2026-08-01 18:00:00+00:00,Islamabad,PK,13137731,33.0,µg/m³,100.0,33.0,33.0,33.0
2026-08-01 18:00:00+00:00,2026-08-01 19:00:00+00:00,Islamabad,PK,13137731,28.9,µg/m³,100.0,28.9,28.9,28.9
2026-08-01 19:00:00+00:00,2026-08-01 20:00:00+00:00,Islamabad,PK,13137731,26.5,µg/m³,100.0,26.5,26.5,26.5
2026-08-01 20:00:00+00:00,2026-08-01 21:00:00+00:00,Islamabad,PK,13137731,25.6,µg/m³,100.0,25.6,25.6,25.6
2026-08-01 21:00:00+00:00,2026-08-01 22:00:00+00:00,Islamabad,PK,13137731,26.1,µg/m³,100.0,26.1,26.1,26.1
2026-08-01 22:00:00+00:00,2026-08-01 23:00:00+00:00,Islamabad,PK,13137731,24.3,µg/m³,100.0,24.3,24.3,24.3
2026-08-01 23:00:00+00:00,2026-08-02 00:00:00+00:00,Islamabad,PK,13137731,24.8,µg/m³,100.0,24.8,24.8,24.8
2026-08-02 00:00:00+00:00,2026-08-02 01:00:00+00:00,Islamabad,PK,13137731,29.1,µg/m³,100.0,29.1,29.1,29.1
2026-08-02 01:00:00+00:00,2026-08-02 02:00:00+00:00,Islamabad,PK,13137731,27.6,µg/m³,100.0,27.6,27.6,27.6
2026-08-02 02:00:00+00:00,2026-08-02 03:00:00+00:00,Islamabad,PK,13137731,32.0,µg/m³,100.0,32.0,32.0,32.0
2026-08-02 03:00:00+00:00,2026-08-02 04:00:00+00:00,Islamabad,PK,13137731,31.0,µg/m³,100.0,31.0,31.0,31.0
2026-08-02 04:00:00+00:00,2026-08-02 05:00:00+00:00,Islamabad,PK,13137731,29.0,µg/m³,100.0,29.0,29.0,29.0
2026-08-02 05:00:00+00:00,2026-08-02 06:00:00+00:00,Islamabad,PK,13137731,22.5,µg/m³,100.0,22.5,22.5,22.5
2026-08-02 06:00:00+00:00,2026-08-02 07:00:00+00:00,Islamabad,PK,13137731,25.4,µg/m³,100.0,25.4,25.4,25.4
2026-08-02 07:00:00+00:00,2026-08-02 08:00:00+00:00,Islamabad,PK,13137731,28.7,µg/m³,100.0,28.7,28.7,28.7
2026-08-02 08:00:00+00:00,2026-08-02 09:00:00+00:00,Islamabad,PK,13137731,41.0,µg/m³,100.0,41.0,41.0,41.0
2026-08-02 09:00:00+00:00,2026-08-02 10:00:00+00:00,Islamabad,PK,13137731,37.5,µg/m³,100.0,37.5,37.5,37.5
2026-08-02 10:00:00+00:00,2026-08-02 11:00:00+00:00,Islamabad,PK,13137731,34.7,µg/m³,100.0,34.7,34.7,34.7
2026-08-02 11:00:00+00:00,2026-08-02 12:00:00+00:00,Islamabad,PK,13137731,35.3,µg/m³,100.0,35.3,35.3,35.3
2026-08-02 12:00:00+00:00,2026-08-02 13:00:00+00:00,Islamabad,PK,13137731,40.7,µg/m³,100.0,40.7,40.7,40.7
2026-08-02 13:00:00+00:00,2026-08-02 14:00:00+00:00,Islamabad,PK,13137731,46.7,µg/m³,100.0,46.7,46.7,46.7
2026-08-02 14:00:00+00:00,2026-08-02 15:00:00+00:00,Islamabad,PK,13137731,39.9,µg/m³,100.0,39.9,39.9,39.9
2026-08-02 15:00:00+00:00,2026-08-02 16:00:00+00:00,Islamabad,PK,13137731,38.3,µg/m³,100.0,38.3,38.3,38.3
2026-08-02 16:00:00+00:00,2026-08-02 17:00:00+00:00,Islamabad,PK,13137731,35.1,µg/m³,100.0,35.1,35.1,35.1
2026-08-02 17:00:00+00:00,2026-08-02 18:00:00+00:00,Islamabad,PK,13137731,30.7,µg/m³,100.0,30.7,30.7,30.7
2026-08-02 18:00:00+00:00,2026-08-02 19:00:00+00:00,Islamabad,PK,13137731,26.7,µg/m³,100.0,26.7,26.7,26.7
2026-08-02 19:00:00+00:00,2026-08-02 20:00:00+00:00,Islamabad,PK,13137731,26.4,µg/m³,100.0,26.4,26.4,26.4
2026-08-02 20:00:00+00:00,2026-08-02 21:00:00+00:00,Islamabad,PK,13137731,29.6,µg/m³,100.0,29.6,29.6,29.6
2026-08-02 21:00:00+00:00,2026-08-02 22:00:00+00:00,Islamabad,PK,13137731,32.0,µg/m³,100.0,32.0,32.0,32.0
2026-08-02 22:00:00+00:00,2026-08-02 23:00:00+00:00,Islamabad,PK,13137731,33.7,µg/m³,100.0,33.7,33.7,33.7
2026-08-02 23:00:00+00:00,2026-08-03 00:00:00+00:00,Islamabad,PK,13137731,34.3,µg/m³,100.0,34.3,34.3,34.3
2026-08-03 00:00:00+00:00,2026-08-03 01:00:00+00:00,Islamabad,PK,13137731,34.3,µg/m³,100.0,34.3,34.3,34.3
2026-08-03 01:00:00+00:00,2026-08-03 02:00:00+00:00,Islamabad,PK,13137731,33.0,µg/m³,100.0,33.0,33.0,33.0
2026-08-03 02:00:00+00:00,2026-08-03 03:00:00+00:00,Islamabad,PK,13137731,34.3,µg/m³,100.0,34.3,34.3,34.3
2026-08-03 03:00:00+00:00,2026-08-03 04:00:00+00:00,Islamabad,PK,13137731,33.3,µg/m³,100.0,33.3,33.3,33.3
2026-08-03 04:00:00+00:00,2026-08-03 05:00:00+00:00,Islamabad,PK,13137731,38.6,µg/m³,100.0,38.6,38.6,38.6
2026-08-03 05:00:00+00:00,2026-08-03 06:00:00+00:00,Islamabad,PK,13137731,40.8,µg/m³,100.0,40.8,40.8,40.8
2026-08-03 06:00:00+00:00,2026-08-03 07:00:00+00:00,Islamabad,PK,13137731,26.3,µg/m³,100.0,26.3,26.3,26.3
2026-08-03 07:00:00+00:00,2026-08-03 08:00:00+00:00,Islamabad,PK,13137731,24.8,µg/m³,100.0,24.8,24.8,24.8
2026-08-03 08:00:00+00:00,2026-08-03 09:00:00+00:00,Islamabad,PK,13137731,32.7,µg/m³,100.0,32.7,32.7,32.7
2026-08-03 09:00:00+00:00,2026-08-03 10:00:00+00:00,Islamabad,PK,13137731,34.9,µg/m³,100.0,34.9,34.9,34.9
2026-08-03 10:00:00+00:00,2026-08-03 11:00:00+00:00,Islamabad,PK,13137731,32.7,µg/m³,100.0,32.7,32.7,32.7
2026-08-03 11:00:00+00:00,2026-08-03 12:00:00+00:00,Islamabad,PK,13137731,29.5,µg/m³,100.0,29.5,29.5,29.5
2026-08-03 12:00:00+00:00,2026-08-03 13:00:00+00:00,Islamabad,PK,13137731,34.3,µg/m³,100.0,34.3,34.3,34.3
2026-08-03 13:00:00+00:00,2026-08-03 14:00:00+00:00,Islamabad,PK,13137731,40.0,µg/m³,100.0,40.0,40.0,40.0
2026-08-03 14:00:00+00:00,2026-08-03 15:00:00+00:00,Islamabad,PK,13137731,37.6,µg/m³,100.0,37.6,37.6,37.6
2026-08-03 15:00:00+00:00,2026-08-03 16:00:00+00:00,Islamabad,PK,13137731,37.6,µg/m³,100.0,37.6,37.6,37.6
2026-08-03 16:00:00+00:00,2026-08-03 17:00:00+00:00,Islamabad,PK,13137731,38.5,µg/m³,100.0,38.5,38.5,38.5
2026-08-03 17:00:00+00:00,2026-08-03 18:00:00+00:00,Islamabad,PK,13137731,36.1,µg/m³,100.0,36.1,36.1,36.1
2026-08-03 18:00:00+00:00,2026-08-03 19:00:00+00:00,Islamabad,PK,13137731,33.5,µg/m³,100.0,33.5,33.5,33.5
2026-08-03 19:00:00+00:00,2026-08-03 20:00:00+00:00,Islamabad,PK,13137731,39.0,µg/m³,100.0,39.0,39.0,39.0
2026-08-03 20:00:00+00:00,2026-08-03 21:00:00+00:00,Islamabad,PK,13137731,47.5,µg/m³,100.0,47.5,47.5,47.5
2026-08-03 21:00:00+00:00,2026-08-03 22:00:00+00:00,Islamabad,PK,13137731,41.9,µg/m³,100.0,41.9,41.9,41.9
2026-08-03 22:00:00+00:00,2026-08-03 23:00:00+00:00,Islamabad,PK,13137731,41.5,µg/m³,100.0,41.5,41.5,41.5
2026-08-03 23:00:00+00:00,2026-08-04 00:00:00+00:00,Islamabad,PK,13137731,39.2,µg/m³,100.0,39.2,39.2,39.2
2026-08-04 00:00:00+00:00,2026-08-04 01:00:00+00:00,Islamabad,PK,13137731,41.7,µg/m³,100.0,41.7,41.7,41.7
2026-08-04 01:00:00+00:00,2026-08-04 02:00:00+00:00,Islamabad,PK,13137731,41.7,µg/m³,100.0,41.7,41.7,41.7
2026-08-04 02:00:00+00:00,2026-08-04 03:00:00+00:00,Islamabad,PK,13137731,45.9,µg/m³,100.0,45.9,45.9,45.9
2026-08-04 03:00:00+00:00,2026-08-04 04:00:00+00:00,Islamabad,PK,13137731,49.6,µg/m³,100.0,49.6,49.6,49.6
2026-08-04 04:00:00+00:00,2026-08-04 05:00:00+00:00,Islamabad,PK,13137731,51.2,µg/m³,100.0,51.2,51.2,51.2
2026-08-04 05:00:00+00:00,2026-08-04 06:00:00+00:00,Islamabad,PK,13137731,52.1,µg/m³,100.0,52.1,52.1,52.1
2026-08-04 06:00:00+00:00,2026-08-04 07:00:00+00:00,Islamabad,PK,13137731,50.2,µg/m³,100.0,50.2,50.2,50.2
2026-08-04 07:00:00+00:00,2026-08-04 08:00:00+00:00,Islamabad,PK,13137731,49.9,µg/m³,100.0,49.9,49.9,49.9
2026-08-04 08:00:00+00:00,2026-08-04 09:00:00+00:00,Islamabad,PK,13137731,35.8,µg/m³,100.0,35.8,35.8,35.8
2026-08-04 09:00:00+00:00,2026-08-04 10:00:00+00:00,Islamabad,PK,13137731,34.5,µg/m³,100.0,34.5,34.5,34.5
2026-08-04 10:00:00+00:00,2026-08-04 11:00:00+00:00,Islamabad,PK,13137731,33.1,µg/m³,100.0,33.1,33.1,33.1
2026-08-04 11:00:00+00:00,2026-08-04 12:00:00+00:00,Islamabad,PK,13137731,38.1,µg/m³,100.0,38.1,38.1,38.1
2026-08-04 12:00:00+00:00,2026-08-04 13:00:00+00:00,Islamabad,PK,13137731,30.5,µg/m³,100.0,30.5,30.5,30.5
2026-08-04 13:00:00+00:00,2026-08-04 14:00:00+00:00,Islamabad,PK,13137731,33.2,µg/m³,100.0,33.2,33.2,33.2
2026-08-04 14:00:00+00:00,2026-08-04 15:00:00+00:00,Islamabad,PK,13137731,34.9,µg/m³,100.0,34.9,34.9,34.9
2026-08-04 15:00:00+00:00,2026-08-04 16:00:00+00:00,Islamabad,PK,13137731,35.0,µg/m³,100.0,35.0,35.0,35.0
2026-08-04 16:00:00+00:00,2026-08-04 17:00:00+00:00,Islamabad,PK,13137731,32.7,µg/m³,100.0,32.7,32.7,32.7
2026-08-04 17:00:00+00:00,2026-08-04 18:00:00+00:00,Islamabad,PK,13137731,32.6,µg/m³,100.0,32.6,32.6,32.6
2026-08-04 18:00:00+00:00,2026-08-04 19:00:00+00:00,Islamabad,PK,13137731,33.4,µg/m³,100.0,33.4,33.4,33.4
2026-08-04 19:00:00+00:00,2026-08-04 20:00:00+00:00,Islamabad,PK,13137731,33.9,µg/m³,100.0,33.9,33.9,33.9
2026-08-04 20:00:00+00:00,2026-08-04 21:00:00+00:00,Islamabad,PK,13137731,30.8,µg/m³,100.0,30.8,30.8,30.8
2026-08-04 21:00:00+00:00,2026-08-04 22:00:00+00:00,Islamabad,PK,13137731,35.7,µg/m³,100.0,35.7,35.7,35.7
2026-08-04 22:00:00+00:00,2026-08-04 23:00:00+00:00,Islamabad,PK,13137731,36.6,µg/m³,100.0,36.6,36.6,36.6
2026-08-04 23:00:00+00:00,2026-08-05 00:00:00+00:00,Islamabad,PK,13137731,19.7,µg/m³,100.0,19.7,19.7,19.7
2026-08-05 00:00:00+00:00,2026-08-05 01:00:00+00:00,Islamabad,PK,13137731,8.1,µg/m³,100.0,8.1,8.1,8.1
2026-08-05 01:00:00+00:00,2026-08-05 02:00:00+00:00,Islamabad,PK,13137731,12.2,µg/m³,100.0,12.2,12.2,12.2
2026-08-05 02:00:00+00:00,2026-08-05 03:00:00+00:00,Islamabad,PK,13137731,17.8,µg/m³,100.0,17.8,17.8,17.8
2026-08-05 03:00:00+00:00,2026-08-05 04:00:00+00:00,Islamabad,PK,13137731,22.6,µg/m³,100.0,22.6,22.6,22.6
2026-08-05 04:00:00+00:00,2026-08-05 05:00:00+00:00,Islamabad,PK,13137731,17.5,µg/m³,100.0,17.5,17.5,17.5
2026-08-05 05:00:00+00:00,2026-08-05 06:00:00+00:00,Islamabad,PK,13137731,24.0,µg/m³,100.0,24.0,24.0,24.0
2026-08-05 06:00:00+00:00,2026-08-05 07:00:00+00:00,Islamabad,PK,13137731,32.5,µg/m³,100.0,32.5,32.5,32.5
2026-08-05 07:00:00+00:00,2026-08-05 08:00:00+00:00,Islamabad,PK,13137731,36.4,µg/m³,100.0,36.4,36.4,36.4
2026-08-05 08:00:00+00:00,2026-08-05 09:00:00+00:00,Islamabad,PK,13137731,34.5,µg/m³,100.0,34.5,34.5,34.5
2026-08-05 09:00:00+00:00,2026-08-05 10:00:00+00:00,Islamabad,PK,13137731,35.2,µg/m³,100.0,35.2,35.2,35.2
2026-08-05 10:00:00+00:00,2026-08-05 11:00:00+00:00,Islamabad,PK,13137731,34.6,µg/m³,100.0,34.6,34.6,34.6
2026-08-05 11:00:00+00:00,2026-08-05 12:00:00+00:00,Islamabad,PK,13137731,33.4,µg/m³,100.0,33.4,33.4,33.4
2026-08-05 12:00:00+00:00,2026-08-05 13:00:00+00:00,Islamabad,PK,13137731,34.0,µg/m³,100.0,34.0,34.0,34.0
2026-08-05 13:00:00+00:00,2026-08-05 14:00:00+00:00,Islamabad,PK,13137731,34.8,µg/m³,100.0,34.8,34.8,34.8
2026-08-05 14:00:00+00:00,2026-08-05 15:00:00+00:00,Islamabad,PK,13137731,48.8,µg/m³,100.0,48.8,48.8,48.8
2026-08-05 15:00:00+00:00,2026-08-05 16:00:00+00:00,Islamabad,PK,13137731,56.1,µg/m³,100.0,56.1,56.1,56.1
2026-08-05 16:00:00+00:00,2026-08-05 17:00:00+00:00,Islamabad,PK,13137731,55.5,µg/m³,100.0,55.5,55.5,55.5
2026-08-05 17:00:00+00:00,2026-08-05 18:00:00+00:00,Islamabad,PK,13137731,51.5,µg/m³,100.0,51.5,51.5,51.5
2026-08-05 18:00:00+00:00,2026-08-05 19:00:00+00:00,Islamabad,PK,13137731,49.0,µg/m³,100.0,49.0,49.0,49.0
2026-08-05 19:00:00+00:00,2026-08-05 20:00:00+00:00,Islamabad,PK,13137731,46.5,µg/m³,100.0,46.5,46.5,46.5
2026-08-05 20:00:00+00:00,2026-08-05 21:00:00+00:00,Islamabad,PK,13137731,38.5,µg/m³,100.0,38.5,38.5,38.5
2026-08-05 21:00:00+00:00,2026-08-05 22:00:00+00:00,Islamabad,PK,13137731,25.8,µg/m³,100.0,25.8,25.8,25.8
2026-08-05 22:00:00+00:00,2026-08-05 23:00:00+00:00,Islamabad,PK,13137731,16.3,µg/m³,100.0,16.3,16.3,16.3
2026-08-05 23:00:00+00:00,2026-08-06 00:00:00+00:00,Islamabad,PK,13137731,5.9,µg/m³,100.0,5.9,5.9,5.9
2026-08-06 00:00:00+00:00,2026-08-06 01:00:00+00:00,Islamabad,PK,13137731,5.7,µg/m³,100.0,5.7,5.7,5.7
2026-08-06 01:00:00+00:00,2026-08-06 02:00:00+00:00,Islamabad,PK,13137731,12.6,µg/m³,100.0,12.6,12.6,12.6
2026-08-06 02:00:00+00:00,2026-08-06 03:00:00+00:00,Islamabad,PK,13137731,9.9,µg/m³,100.0,9.9,9.9,9.9
2026-08-06 03:00:00+00:00,2026-08-06 04:00:00+00:00,Islamabad,PK,13137731,11.0,µg/m³,100.0,11.0,11.0,11.0
2026-08-06 04:00:00+00:00,2026-08-06 05:00:00+00:00,Islamabad,PK,13137731,6.0,µg/m³,100.0,6.0,6.0,6.0
2026-08-06 05:00:00+00:00,2026-08-06 06:00:00+00:00,Islamabad,PK,13137731,7.5,µg/m³,100.0,7.5,7.5,7.5
2026-08-06 06:00:00+00:00,2026-08-06 07:00:00+00:00,Islamabad,PK,13137731,25.2,µg/m³,100.0,25.2,25.2,25.2
2026-08-06 07:00:00+00:00,2026-08-06 08:00:00+00:00,Islamabad,PK,13137731,30.1,µg/m³,100.0,30.1,30.1,30.1
2026-08-06 08:00:00+00:00,2026-08-06 09:00:00+00:00,Islamabad,PK,13137731,38.6,µg/m³,100.0,38.6,38.6,38.6
2026-08-06 09:00:00+00:00,2026-08-06 10:00:00+00:00,Islamabad,PK,13137731,34.7,µg/m³,100.0,34.7,34.7,34.7
2026-08-06 10:00:00+00:00,2026-08-06 11:00:00+00:00,Islamabad,PK,13137731,32.6,µg/m³,100.0,32.6,32.6,32.6
2026-08-06 11:00:00+00:00,2026-08-06 12:00:00+00:00,Islamabad,PK,13137731,32.1,µg/m³,100.0,32.1,32.1,32.1
2026-08-06 12:00:00+00:00,2026-08-06 13:00:00+00:00,Islamabad,PK,13137731,36.4,µg/m³,100.0,36.4,36.4,36.4
2026-08-06 13:00:00+00:00,2026-08-06 14:00:00+00:00,Islamabad,PK,13137731,34.8,µg/m³,100.0,34.8,34.8,34.8
2026-08-06 14:00:00+00:00,2026-08-06 15:00:00+00:00,Islamabad,PK,13137731,31.8,µg/m³,100.0,31.8,31.8,31.8
2026-08-06 15:00:00+00:00,2026-08-06 16:00:00+00:00,Islamabad,PK,13137731,32.5,µg/m³,100.0,32.5,32.5,32.5
2026-08-06 16:00:00+00:00,2026-08-06 17:00:00+00:00,Islamabad,PK,13137731,33.4,µg/m³,100.0,33.4,33.4,33.4
2026-08-06 17:00:00+00:00,2026-08-06 18:00:00+00:00,Islamabad,PK,13137731,33.3,µg/m³,100.0,33.3,33.3,33.3
2026-08-06 18:00:00+00:00,2026-08-06 19:00:00+00:00,Islamabad,PK,13137731,34.2,µg/m³,100.0,34.2,34.2,34.2
2026-08-06 19:00:00+00:00,2026-08-06 20:00:00+00:00,Islamabad,PK,13137731,31.6,µg/m³,100.0,31.6,31.6,31.6
2026-08-06 20:00:00+00:00,2026-08-06 21:00:00+00:00,Islamabad,PK,13137731,31.1,µg/m³,100.0,31.1,31.1,31.1
2026-08-06 21:00:00+00:00,2026-08-06 22:00:00+00:00,Islamabad,PK,13137731,31.1,µg/m³,100.0,31.1,31.1,31.1
2026-08-06 22:00:00+00:00,2026-08-06 23:00:00+00:00,Islamabad,PK,13137731,31.1,µg/m³,100.0,31.1,31.1,31.1
2026-08-06 23:00:00+00:00,2026-08-07 00:00:00+00:00,Islamabad,PK,13137731,29.7,µg/m³,100.0,29.7,29.7,29.7
2026-08-07 00:00:00+00:00,2026-08-07 01:00:00+00:00,Islamabad,PK,13137731,21.4,µg/m³,100.0,21.4,21.4,21.4
2026-08-07 01:00:00+00:00,2026-08-07 02:00:00+00:00,Islamabad,PK,13137731,19.2,µg/m³,100.0,19.2,19.2,19.2
2026-08-07 02:00:00+00:00,2026-08-07 03:00:00+00:00,Islamabad,PK,13137731,20.7,µg/m³,100.0,20.7,20.7,20.7
2026-08-07 03:00:00+00:00,2026-08-07 04:00:00+00:00,Islamabad,PK,13137731,20.5,µg/m³,100.0,20.5,20.5,20.5
2026-08-07 04:00:00+00:00,2026-08-07 05:00:00+00:00,Islamabad,PK,13137731,24.9,µg/m³,100.0,24.9,24.9,24.9
2026-08-07 05:00:00+00:00,2026-08-07 06:00:00+00:00,Islamabad,PK,13137731,25.9,µg/m³,100.0,25.9,25.9,25.9
2026-08-07 06:00:00+00:00,2026-08-07 07:00:00+00:00,Islamabad,PK,13137731,32.4,µg/m³,100.0,32.4,32.4,32.4
2026-08-07 07:00:00+00:00,2026-08-07 08:00:00+00:00,Islamabad,PK,13137731,38.8,µg/m³,100.0,38.8,38.8,38.8
2026-08-07 08:00:00+00:00,2026-08-07 09:00:00+00:00,Islamabad,PK,13137731,46.8,µg/m³,100.0,46.8,46.8,46.8
2026-08-07 09:00:00+00:00,2026-08-07 10:00:00+00:00,Islamabad,PK,13137731,37.2,µg/m³,100.0,37.2,37.2,37.2
2026-08-07 10:00:00+00:00,2026-08-07 11:00:00+00:00,Islamabad,PK,13137731,25.2,µg/m³,100.0,25.2,25.2,25.2
2026-08-07 11:00:00+00:00,2026-08-07 12:00:00+00:00,Islamabad,PK,13137731,23.1,µg/m³,100.0,23.1,23.1,23.1
2026-08-07 12:00:00+00:00,2026-08-07 13:00:00+00:00,Islamabad,PK,13137731,16.6,µg/m³,100.0,16.6,16.6,16.6
2026-08-07 13:00:00+00:00,2026-08-07 14:00:00+00:00,Islamabad,PK,13137731,14.0,µg/m³,100.0,14.0,14.0,14.0
2026-08-07 14:00:00+00:00,2026-08-07 15:00:00+00:00,Islamabad,PK,13137731,17.7,µg/m³,100.0,17.7,17.7,17.7
2026-08-07 15:00:00+00:00,2026-08-07 16:00:00+00:00,Islamabad,PK,13137731,22.5,µg/m³,100.0,22.5,22.5,22.5
2026-08-07 16:00:00+00:00,2026-08-07 17:00:00+00:00,Islamabad,PK,13137731,28.4,µg/m³,100.0,28.4,28.4,28.4
2026-08-07 17:00:00+00:00,2026-08-07 18:00:00+00:00,Islamabad,PK,13137731,30.8,µg/m³,100.0,30.8,30.8,30.8
2026-08-07 18:00:00+00:00,2026-08-07 19:00:00+00:00,Islamabad,PK,13137731,34.7,µg/m³,100.0,34.7,34.7,34.7
2026-08-07 19:00:00+00:00,2026-08-07 20:00:00+00:00,Islamabad,PK,13137731,32.3,µg/m³,100.0,32.3,32.3,32.3
2026-08-07 20:00:00+00:00,2026-08-07 21:00:00+00:00,Islamabad,PK,13137731,27.4,µg/m³,100.0,27.4,27.4,27.4
2026-08-07 21:00:00+00:00,2026-08-07 22:00:00+00:00,Islamabad,PK,13137731,29.1,µg/m³,100.0,29.1,29.1,29.1
2026-08-07 22:00:00+00:00,2026-08-07 23:00:00+00:00,Islamabad,PK,13137731,27.2,µg/m³,100.0,27.2,27.2,27.2
2026-08-07 23:00:00+00:00,2026-08-08 00:00:00+00:00,Islamabad,PK,13137731,31.3,µg/m³,100.0,31.3,31.3,31.3
2026-08-08 00:00:00+00:00,2026-08-08 01:00:00+00:00,Islamabad,PK,13137731,34.2,µg/m³,100.0,34.2,34.2,34.2
2026-08-08 01:00:00+00:00,2026-08-08 02:00:00+00:00,Islamabad,PK,13137731,36.2,µg/m³,100.0,36.2,36.2,36.2
2026-08-08 02:00:00+00:00,2026-08-08 03:00:00+00:00,Islamabad,PK,13137731,36.2,µg/m³,100.0,36.2,36.2,36.2
2026-08-08 03:00:00+00:00,2026-08-08 04:00:00+00:00,Islamabad,PK,13137731,41.9,µg/m³,100.0,41.9,41.9,41.9
2026-08-08 04:00:00+00:00,2026-08-08 05:00:00+00:00,Islamabad,PK,13137731,44.5,µg/m³,100.0,44.5,44.5,44.5
2026-08-08 05:00:00+00:00,2026-08-08 06:00:00+00:00,Islamabad,PK,13137731,45.9,µg/m³,100.0,45.9,45.9,45.9
2026-08-08 06:00:00+00:00,2026-08-08 07:00:00+00:00,Islamabad,PK,13137731,43.3,µg/m³,100.0,43.3,43.3,43.3
2026-08-08 07:00:00+00:00,2026-08-08 08:00:00+00:00,Islamabad,PK,13137731,42.0,µg/m³,100.0,42.0,42.0,42.0
2026-08-08 08:00:00+00:00,2026-08-08 09:00:00+00:00,Islamabad,PK,13137731,31.3,µg/m³,100.0,31.3,31.3,31.3
2026-08-08 09:00:00+00:00,2026-08-08 10:00:00+00:00,Islamabad,PK,13137731,8.1,µg/m³,100.0,8.1,8.1,8.1
2026-08-08 10:00:00+00:00,2026-08-08 11:00:00+00:00,Islamabad,PK,13137731,12.3,µg/m³,100.0,12.3,12.3,12.3
2026-08-08 11:00:00+00:00,2026-08-08 12:00:00+00:00,Islamabad,PK,13137731,17.1,µg/m³,100.0,17.1,17.1,17.1
2026-08-08 12:00:00+00:00,2026-08-08 13:00:00+00:00,Islamabad,PK,13137731,19.1,µg/m³,100.0,19.1,19.1,19.1
2026-08-08 13:00:00+00:00,2026-08-08 14:00:00+00:00,Islamabad,PK,13137731,10.4,µg/m³,100.0,10.4,10.4,10.4
2026-08-08 14:00:00+00:00,2026-08-08 15:00:00+00:00,Islamabad,PK,13137731,8.4,µg/m³,100.0,8.4,8.4,8.4
2026-08-08 15:00:00+00:00,2026-08-08 16:00:00+00:00,Islamabad,PK,13137731,11.6,µg/m³,100.0,11.6,11.6,11.6
2026-08-08 16:00:00+00:00,2026-08-08 17:00:00+00:00,Islamabad,PK,13137731,12.9,µg/m³,100.0,12.9,12.9,12.9
2026-08-08 17:00:00+00:00,2026-08-08 18:00:00+00:00,Islamabad,PK,13137731,6.3,µg/m³,100.0,6.3,6.3,6.3
2026-08-08 18:00:00+00:00,2026-08-08 19:00:00+00:00,Islamabad,PK,13137731,6.3,µg/m³,100.0,6.3,6.3,6.3
2026-08-08 19:00:00+00:00,2026-08-08 20:00:00+00:00,Islamabad,PK,13137731,10.2,µg/m³,100.0,10.2,10.2,10.2
2026-08-08 20:00:00+00:00,2026-08-08 21:00:00+00:00,Islamabad,PK,13137731,6.7,µg/m³,100.0,6.7,6.7,6.7
2026-08-08 21:00:00+00:00,2026-08-08 22:00:00+00:00,Islamabad,PK,13137731,9.3,µg/m³,100.0,9.3,9.3,9.3
2026-08-08 22:00:00+00:00,2026-08-08 23:00:00+00:00,Islamabad,PK,13137731,13.9,µg/m³,100.0,13.9,13.9,13.9
2026-08-08 23:00:00+00:00,2026-08-09 00:00:00+00:00,Islamabad,PK,13137731,13.7,µg/m³,100.0,13.7,13.7,13.7
2026-08-09 00:00:00+00:00,2026-08-09 01:00:00+00:00,Islamabad,PK,13137731,17.5,µg/m³,100.0,17.5,17.5,17.5
2026-08-09 01:00:00+00:00,2026-08-09 02:00:00+00:00,Islamabad,PK,13137731,19.2,µg/m³,100.0,19.2,19.2,19.2
2026-08-09 02:00:00+00:00,2026-08-09 03:00:00+00:00,Islamabad,PK,13137731,21.0,µg/m³,100.0,21.0,21.0,21.0
2026-08-09 03:00:00+00:00,2026-08-09 04:00:00+00:00,Islamabad,PK,13137731,25.8,µg/m³,100.0,25.8,25.8,25.8
2026-08-09 04:00:00+00:00,2026-08-09 05:00:00+00:00,Islamabad,PK,13137731,29.7,µg/m³,100.0,29.7,29.7,29.7
2026-08-09 05:00:00+00:00,2026-08-09 06:00:00+00:00,Islamabad,PK,13137731,30.7,µg/m³,100.0,30.7,30.7,30.7
2026-08-09 06:00:00+00:00,2026-08-09 07:00:00+00:00,Islamabad,PK,13137731,39.3,µg/m³,100.0,39.3,39.3,39.3
2026-08-09 07:00:00+00:00,2026-08-09 08:00:00+00:00,Islamabad,PK,13137731,47.3,µg/m³,100.0,47.3,47.3,47.3
2026-08-09 08:00:00+00:00,2026-08-09 09:00:00+00:00,Islamabad,PK,13137731,49.5,µg/m³,100.0,49.5,49.5,49.5
2026-08-09 09:00:00+00:00,2026-08-09 10:00:00+00:00,Islamabad,PK,13137731,47.6,µg/m³,100.0,47.6,47.6,47.6
2026-08-09 10:00:00+00:00,2026-08-09 11:00:00+00:00,Islamabad,PK,13137731,40.0,µg/m³,100.0,40.0,40.0,40.0
2026-08-09 11:00:00+00:00,2026-08-09 12:00:00+00:00,Islamabad,PK,13137731,31.9,µg/m³,100.0,31.9,31.9,31.9
2026-08-09 12:00:00+00:00,2026-08-09 13:00:00+00:00,Islamabad,PK,13137731,31.5,µg/m³,100.0,31.5,31.5,31.5
2026-08-09 13:00:00+00:00,2026-08-09 14:00:00+00:00,Islamabad,PK,13137731,30.5,µg/m³,100.0,30.5,30.5,30.5
2026-08-09 14:00:00+00:00,2026-08-09 15:00:00+00:00,Islamabad,PK,13137731,30.2,µg/m³,100.0,30.2,30.2,30.2
2026-08-09 15:00:00+00:00,2026-08-09 16:00:00+00:00,Islamabad,PK,13137731,29.3,µg/m³,100.0,29.3,29.3,29.3
2026-08-09 16:00:00+00:00,2026-08-09 17:00:00+00:00,Islamabad,PK,13137731,32.1,µg/m³,100.0,32.1,32.1,32.1
2026-08-09 17:00:00+00:00,2026-08-09 18:00:00+00:00,Islamabad,PK,13137731,32.6,µg/m³,100.0,32.6,32.6,32.6
2026-08-09 18:00:00+00:00,2026-08-09 19:00:00+00:00,Islamabad,PK,13137731,30.4,µg/m³,100.0,30.4,30.4,30.4
2026-08-09 19:00:00+00:00,2026-08-09 20:00:00+00:00,Islamabad,PK,13137731,29.0,µg/m³,100.0,29.0,29.0,29.0
2026-08-09 20:00:00+00:00,2026-08-09 21:00:00+00:00,Islamabad,PK,13137731,26.3,µg/m³,100.0,26.3,26.3,26.3
2026-08-09 21:00:00+00:00,2026-08-09 22:00:00+00:00,Islamabad,PK,13137731,24.3,µg/m³,100.0,24.3,24.3,24.3
2026-08-09 22:00:00+00:00,2026-08-09 23:00:00+00:00,Islamabad,PK,13137731,22.8,µg/m³,100.0,22.8,22.8,22.8
2026-08-09 23:00:00+00:00,2026-08-10 00:00:00+00:00,Islamabad,PK,13137731,21.7,µg/m³,100.0,21.7,21.7,21.7
