timestamp,pm25,rolling_mean_24h,rolling_std_24h
2025-05-24 16:00:00+00:00,0.425,,
2025-05-24 17:00:00+00:00,0.715,,
2025-06-18 18:00:00+00:00,15.0,,
2025-06-18 19:00:00+00:00,11.2,,
2025-06-18 20:00:00+00:00,11.2,,
2025-06-18 21:00:00+00:00,10.8,,
2025-06-18 22:00:00+00:00,10.3,,
2025-06-18 23:00:00+00:00,9.5,,
2025-06-19 00:00:00+00:00,8.63,,
2025-06-19 01:00:00+00:00,10.2,,
2025-06-19 02:00:00+00:00,10.6,,
2025-06-19 03:00:00+00:00,9.47,,
2025-06-19 04:00:00+00:00,8.57,,
2025-06-19 05:00:00+00:00,7.77,,
2025-06-19 06:00:00+00:00,10.8,,
2025-06-19 07:00:00+00:00,13.8,,
2025-06-19 08:00:00+00:00,9.04,,
2025-06-19 09:00:00+00:00,9.17,,
2025-06-19 10:00:00+00:00,9.25,,
2025-06-19 11:00:00+00:00,11.4,,
2025-06-19 12:00:00+00:00,7.13,,
2025-06-19 13:00:00+00:00,8.21,,
2025-06-19 14:00:00+00:00,8.88,,
2025-06-19 15:00:00+00:00,7.69,9.15625,3.206555869383576
2025-06-19 16:00:00+00:00,7.51,9.451458333333333,2.644681898832919
2025-06-19 17:00:00+00:00,7.54,9.735833333333334,1.9365700666870813
2025-06-19 18:00:00+00:00,7.89,9.439583333333333,1.6130755910120398
2025-06-19 19:00:00+00:00,7.5,9.285416666666666,1.6143217155973826
2025-06-19 20:00:00+00:00,7.03,9.111666666666666,1.6236771650275448
2025-06-19 21:00:00+00:00,6.69,8.940416666666666,1.6543184046784862
2025-06-19 22:00:00+00:00,7.26,8.81375,1.6620569040119877
2025-06-19 23:00:00+00:00,7.47,8.729166666666668,1.6771998316725167
2025-06-20 00:00:00+00:00,7.45,8.68,1.697407229968055
2025-06-20 01:00:00+00:00,7.81,8.580416666666666,1.674305772205477
2025-06-20 02:00:00+00:00,7.79,8.463333333333333,1.6244455018269452
2025-06-20 03:00:00+00:00,6.91,8.356666666666667,1.6394502436637939
2025-06-20 04:00:00+00:00,7.33,8.305,1.651926411667667
2025-06-20 05:00:00+00:00,10.6,8.422916666666667,1.7119896362106728
2025-06-20 06:00:00+00:00,6.82,8.257083333333332,1.663805170363265
2025-06-20 07:00:00+00:00,7.03,7.9750000000000005,1.1894792430157044
2025-06-20 08:00:00+00:00,6.34,7.8625,1.2118446234168565
2025-06-20 09:00:00+00:00,6.71,7.760000000000001,1.2004274600976588
2025-06-20 10:00:00+00:00,6.99,7.665833333333334,1.166629916605448
2025-06-20 11:00:00+00:00,7.42,7.5,0.8536367214300857
2025-06-20 12:00:00+00:00,8.86,7.572083333333334,0.8931623308645273
2025-06-20 13:00:00+00:00,9.46,7.6241666666666665,0.9654956675500749
2025-06-20 14:00:00+00:00,10.4,7.6875,1.0929029950191065
2025-06-20 15:00:00+00:00,10.6,7.80875,1.2441491330292305
2025-06-20 16:00:00+00:00,9.77,7.902916666666667,1.3046121501499348
2025-06-20 17:00:00+00:00,11.8,8.080416666666666,1.5243772189970233
2025-06-20 18:00:00+00:00,10.6,8.193333333333333,1.607749349561209
2025-06-20 19:00:00+00:00,11.8,8.3725,1.759553426545942
2025-06-20 20:00:00+00:00,10.1,8.500416666666668,1.7692776201324232
2025-06-20 21:00:00+00:00,9.99,8.637916666666667,1.7505948781874794
2025-06-20 22:00:00+00:00,11.6,8.81875,1.8246603317020298
2025-06-20 23:00:00+00:00,11.9,9.003333333333332,1.904606924336854
2025-06-21 00:00:00+00:00,12.8,9.22625,2.0242267713226054
2025-06-21 01:00:00+00:00,15.4,9.5425,2.358623861860797
2025-06-21 02:00:00+00:00,18.4,9.984583333333333,2.9388329229943264
2025-06-21 03:00:00+00:00,15.9,10.359166666666667,3.098503027994772
2025-06-21 04:00:00+00:00,15.6,10.70375,3.2050053415135604
2025-06-21 05:00:00+00:00,15.4,10.90375,3.3449596247644555
2025-06-21 06:00:00+00:00,22.4,11.552916666666667,3.9711683519727754
2025-06-21 07:00:00+00:00,15.2,11.893333333333333,3.9163943784476376
2025-06-21 08:00:00+00:00,15.2,12.262500000000001,3.7855621028828255
2025-06-21 09:00:00+00:00,12.4,12.499583333333334,3.5961373954100666
2025-06-21 10:00:00+00:00,12.9,12.745833333333335,3.3994256761306407
2025-06-21 11:00:00+00:00,9.93,12.850416666666668,3.2643801984006364
2025-06-21 12:00:00+00:00,10.4,12.914583333333333,3.1969713645569513
2025-06-21 13:00:00+00:00,10.9,12.974583333333333,3.1423640770530805
2025-06-21 14:00:00+00:00,12.6,13.066249999999998,3.0957373392962584
2025-06-21 15:00:00+00:00,14.0,13.207916666666668,3.0555039137050213
2025-06-21 16:00:00+00:00,14.9,13.421666666666667,2.983124517022045
2025-06-21 17:00:00+00:00,14.4,13.530000000000001,2.968848407979979
2025-06-21 18:00:00+00:00,17.3,13.809166666666668,2.996236649193627
2025-06-21 19:00:00+00:00,12.4,13.834166666666667,2.9812091458021746
2025-06-21 20:00:00+00:00,11.9,13.909166666666666,2.9048459012734167
2025-06-21 21:00:00+00:00,12.6,14.017916666666666,2.7986580311574976
2025-06-21 22:00:00+00:00,11.2,14.001249999999999,2.814827684122847
2025-06-21 23:00:00+00:00,12.5,14.02625,2.797967915563326
2025-06-22 00:00:00+00:00,12.1,13.997083333333334,2.8149036266871157
2025-06-22 01:00:00+00:00,14.3,13.951250000000002,2.7999834044539327
2025-06-22 02:00:00+00:00,15.0,13.809583333333334,2.6469399545868906
2025-06-22 03:00:00+00:00,15.1,13.77625,2.6244118388698148
2025-06-22 04:00:00+00:00,16.2,13.801249999999998,2.645314664442226
2025-06-22 05:00:00+00:00,17.5,13.88875,2.7337493166139066
2025-06-22 06:00:00+00:00,13.6,13.522083333333333,2.046239348418101
2025-06-22 07:00:00+00:00,13.1,13.434583333333334,2.016046452118971
2025-06-22 08:00:00+00:00,13.1,13.347083333333332,1.9813664129380213
2025-06-22 09:00:00+00:00,11.205,13.297291666666666,2.0208236478178274
2025-06-22 10:00:00+00:00,9.31,13.147708333333332,2.178246192800372
2025-06-22 11:00:00+00:00,8.72,13.097291666666665,2.268109238975842
2025-06-22 12:00:00+00:00,9.7,13.068125,2.3084451818504883
2025-06-22 13:00:00+00:00,10.6,13.055625000000001,2.3214712878296444
2025-06-22 14:00:00+00:00,11.3,13.001458333333334,2.3475840861759782
2025-06-22 15:00:00+00:00,12.0,12.918125000000002,2.346094262395165
2025-06-22 16:00:00+00:00,10.8,12.747291666666667,2.34478003935786
2025-06-22 17:00:00+00:00,11.7,12.634791666666667,2.326739405059794
2025-06-22 18:00:00+00:00,11.0,12.372291666666667,2.1240864937593864
2025-06-22 19:00:00+00:00,11.0,12.313958333333334,2.142437142889357
2025-06-22 20:00:00+00:00,12.3,12.330625,2.140631922394399
2025-06-22 21:00:00+00:00,13.6,12.372291666666667,2.155781901511395
2025-06-22 22:00:00+00:00,14.9,12.526458333333332,2.200145488848744
2025-06-22 23:00:00+00:00,16.2,12.680625000000001,2.3243373588205154
2025-06-23 00:00:00+00:00,17.5,12.905625,2.5189090601410973
2025-06-23 01:00:00+00:00,19.2,13.109791666666666,2.8177019927464957
2025-06-23 02:00:00+00:00,20.7,13.347291666666665,3.1984496853151834
2025-06-23 03:00:00+00:00,20.2,13.559791666666667,3.477228556332048
2025-06-23 04:00:00+00:00,19.5,13.697291666666667,3.647258344698256
2025-06-23 05:00:00+00:00,18.9,13.755625,3.721168970288077
2025-06-23 06:00:00+00:00,19.6,14.005625,3.9071604591136158
2025-06-23 07:00:00+00:00,17.5,14.188958333333332,3.9656108634014497
2025-06-23 08:00:00+00:00,15.4,14.284791666666665,3.96594182003816
2025-06-23 09:00:00+00:00,15.7,14.472083333333336,3.920047669593333
2025-06-23 10:00:00+00:00,16.4,14.7675,3.778722178772593
2025-06-23 11:00:00+00:00,19.1,15.200000000000001,3.6482276816820765
2025-06-23 12:00:00+00:00,19.2,15.595833333333333,3.539280099566646
2025-06-23 13:00:00+00:00,19.6,15.970833333333331,3.4629064403319996
2025-06-23 14:00:00+00:00,22.7,16.445833333333333,3.574423537185892
2025-06-23 15:00:00+00:00,28.0,17.1125,4.15423435105416
2025-06-23 16:00:00+00:00,23.6,17.645833333333332,4.13016255777219
2025-06-23 17:00:00+00:00,19.8,17.98333333333333,3.950197206597998
2025-06-23 18:00:00+00:00,19.5,18.3375,3.6678168485875564
2025-06-23 19:00:00+00:00,19.2,18.679166666666664,3.320028701639535
2025-06-23 20:00:00+00:00,19.8,18.991666666666667,3.034141475401862
2025-06-23 21:00:00+00:00,20.7,19.287499999999998,2.824475711256592
2025-06-23 22:00:00+00:00,21.4,19.558333333333334,2.694102523252832
2025-06-23 23:00:00+00:00,21.1,19.7625,2.612979725041594
2025-06-24 00:00:00+00:00,22.6,19.974999999999998,2.6283157112989795
2025-06-24 01:00:00+00:00,24.1,20.179166666666664,2.752860830776483
2025-06-24 02:00:00+00:00,23.0,20.275000000000002,2.811196557865836
2025-06-24 03:00:00+00:00,22.5,20.370833333333334,2.8474976301348165
2025-06-24 04:00:00+00:00,22.8,20.508333333333333,2.8830715303779013
2025-06-24 05:00:00+00:00,22.9,20.675,2.9016112465468518
2025-06-24 06:00:00+00:00,25.9,20.9375,3.0796403657909344
2025-06-24 07:00:00+00:00,25.8,21.283333333333335,3.142232198359318
2025-06-24 08:00:00+00:00,25.0,21.683333333333334,2.966870209594609
2025-06-24 09:00:00+00:00,23.0,21.987499999999997,2.687865243128392
2025-06-24 10:00:00+00:00,21.8,22.212500000000002,2.411622672194749
2025-06-24 11:00:00+00:00,22.0,22.333333333333332,2.3197950933999727
2025-06-24 12:00:00+00:00,22.4,22.46666666666667,2.2217632376241725
2025-06-24 13:00:00+00:00,21.8,22.558333333333334,2.142310144125604
2025-06-24 14:00:00+00:00,22.4,22.545833333333334,2.1423228284853693
2025-06-24 15:00:00+00:00,22.7,22.325,1.8017503566882838
2025-06-24 16:00:00+00:00,20.9,22.212499999999995,1.8029715809572258
2025-06-24 17:00:00+00:00,19.9,22.21666666666667,1.7972603950280828
2025-06-24 18:00:00+00:00,20.4,22.254166666666666,1.7467931279588684
2025-06-24 19:00:00+00:00,19.6,22.270833333333332,1.7180573373706196
2025-06-24 20:00:00+00:00,19.7,22.266666666666666,1.7244196671361838
2025-06-24 21:00:00+00:00,19.7,22.224999999999998,1.7752525846004852
2025-06-24 22:00:00+00:00,21.225,22.217708333333334,1.7791436503620095
2025-06-24 23:00:00+00:00,22.75,22.286458333333332,1.765905654557279
2025-06-25 00:00:00+00:00,24.275,22.356250000000003,1.8113508351024548
2025-06-25 01:00:00+00:00,25.8,22.427083333333332,1.912898390825677
2025-06-25 02:00:00+00:00,21.0,22.34375,1.9303391513230796
2025-06-25 03:00:00+00:00,18.2,22.164583333333336,2.1067040591297794
2025-06-25 04:00:00+00:00,20.4,22.06458333333333,2.1320397034534118
2025-06-25 05:00:00+00:00,19.7,21.931250000000002,2.1771072999860235
2025-06-25 06:00:00+00:00,19.3,21.65625,2.0681099594431815
2025-06-25 07:00:00+00:00,22.9,21.535416666666666,1.8927624834724581
2025-06-25 08:00:00+00:00,26.5,21.597916666666666,2.0317977243696954
2025-06-25 09:00:00+00:00,23.1,21.60208333333333,2.0348982009933687
2025-06-25 10:00:00+00:00,22.4,21.62708333333333,2.0411116518609584
2025-06-25 11:00:00+00:00,23.6,21.693749999999998,2.079588300601889
2025-06-25 12:00:00+00:00,23.6,21.743750000000002,2.111488373677243
2025-06-25 13:00:00+00:00,24.5,21.85625,2.1852550592352604
2025-06-25 14:00:00+00:00,23.9,21.91875,2.222614133617615
2025-06-25 15:00:00+00:00,25.0,22.014583333333334,2.3057927603372015
2025-06-25 16:00:00+00:00,24.3,22.15625,2.338550391756157
2025-06-25 17:00:00+00:00,24.5,22.347916666666666,2.334091815128434
2025-06-25 18:00:00+00:00,24.3,22.510416666666668,2.328333475978601
2025-06-25 19:00:00+00:00,23.6,22.677083333333332,2.2528836191533634
2025-06-25 20:00:00+00:00,23.6,22.839583333333334,2.167859551777322
2025-06-25 21:00:00+00:00,24.8,23.052083333333332,2.0954780074509114
2025-06-25 22:00:00+00:00,24.5,23.188541666666666,2.0778853585811943
2025-06-25 23:00:00+00:00,24.5,23.261458333333334,2.0924810939703833
2025-06-26 00:00:00+00:00,24.6,23.275000000000002,2.100362287590105
2025-06-26 01:00:00+00:00,25.6,23.266666666666666,2.090281168244872
2025-06-26 02:00:00+00:00,26.1,23.479166666666668,2.1089826862766814
2025-06-26 03:00:00+00:00,28.0,23.887500000000003,1.9876384283212736
2025-06-26 04:00:00+00:00,26.3,24.133333333333336,1.9004957400560933
2025-06-26 05:00:00+00:00,31.5,24.625,2.2055759377975788
2025-06-26 06:00:00+00:00,28.8,25.02083333333334,2.055740460413253
2025-06-26 07:00:00+00:00,24.3,25.079166666666666,2.0123486530543513
2025-06-26 08:00:00+00:00,23.2,24.941666666666666,2.023753865998854
2025-06-26 09:00:00+00:00,21.4,24.870833333333337,2.118547321544545
2025-06-26 10:00:00+00:00,20.2,24.779166666666665,2.272133486331848
2025-06-26 11:00:00+00:00,20.0,24.629166666666666,2.464086243314775
2025-06-26 12:00:00+00:00,20.8,24.512500000000003,2.578559169634218
2025-06-26 13:00:00+00:00,21.0,24.36666666666667,2.676413347335844
2025-06-26 14:00:00+00:00,22.2,24.295833333333334,2.7115660751142494
2025-06-26 15:00:00+00:00,22.5,24.191666666666666,2.7312867912821295
2025-06-26 16:00:00+00:00,20.8,24.045833333333334,2.817334411887616
2025-06-26 17:00:00+00:00,20.7,23.8875,2.8963714180513316
2025-06-26 18:00:00+00:00,24.0,23.875,2.89516088011348
2025-06-26 19:00:00+00:00,34.8,24.34166666666667,3.652505592254395
2025-06-26 20:00:00+00:00,46.3,25.287499999999998,5.774705902543432
2025-06-26 21:00:00+00:00,55.3,26.558333333333337,8.415147660316364
2025-06-26 22:00:00+00:00,39.2,27.170833333333334,8.785634478420228
2025-06-26 23:00:00+00:00,26.6,27.258333333333336,8.768318299257956
2025-06-27 00:00:00+00:00,23.5,27.212500000000002,8.785675718240883
2025-06-27 01:00:00+00:00,34.8,27.59583333333333,8.912057253673483
2025-06-27 02:00:00+00:00,24.7,27.537499999999998,8.926843373146868
2025-06-27 03:00:00+00:00,41.1,28.083333333333332,9.346967267592724
2025-06-27 04:00:00+00:00,43.7,28.808333333333334,9.863190976143807
2025-06-27 05:00:00+00:00,40.7,29.191666666666666,10.147045689849072
2025-06-27 06:00:00+00:00,48.3,30.004166666666663,10.86932177263614
2025-06-27 07:00:00+00:00,40.4,30.675,10.998033421045573
2025-06-27 08:00:00+00:00,38.6,31.316666666666663,10.992197496274441
2025-06-27 09:00:00+00:00,30.3,31.6875,10.791394014797595
2025-06-27 10:00:00+00:00,36.9,32.38333333333333,10.554276556125913
2025-06-27 11:00:00+00:00,45.2,33.43333333333334,10.522219416514565
2025-06-27 12:00:00+00:00,30.1,33.82083333333333,10.203152929861714
2025-06-27 13:00:00+00:00,22.4,33.87916666666667,10.130409630185893
2025-06-27 14:00:00+00:00,25.1,34.0,10.001521623363589
2025-06-27 15:00:00+00:00,39.5,34.708333333333336,9.750492369581966
2025-06-27 16:00:00+00:00,25.5,34.90416666666666,9.503064913680426
2025-06-27 17:00:00+00:00,23.7,35.02916666666667,9.326189359594586
2025-06-27 18:00:00+00:00,24.2,35.0375,9.31598964380484
2025-06-27 19:00:00+00:00,21.4,34.479166666666664,9.723480284372489
2025-06-27 20:00:00+00:00,20.7,33.4125,9.774381443789492
2025-06-27 21:00:00+00:00,24.7,32.137499999999996,8.73577415001101
2025-06-27 22:00:00+00:00,31.0,31.795833333333334,8.606947606524038
2025-06-27 23:00:00+00:00,37.6,32.25416666666667,8.611114110954789
2025-06-28 00:00:00+00:00,35.3,32.74583333333333,8.424394142409726
2025-06-28 01:00:00+00:00,44.8,33.1625,8.77059377792587
2025-06-28 02:00:00+00:00,61.7,34.704166666666666,10.33139912940233
2025-06-28 03:00:00+00:00,41.7,34.729166666666664,10.348260898488652
2025-06-28 04:00:00+00:00,45.2,34.791666666666664,10.40914801118907
2025-06-28 05:00:00+00:00,32.5,34.449999999999996,10.341137772739678
2025-06-28 06:00:00+00:00,23.7,33.425000000000004,10.125570300632166
2025-06-28 07:00:00+00:00,23.4,32.71666666666666,10.210679263129041
2025-06-28 08:00:00+00:00,22.3,32.0375,10.343568154844519
2025-06-28 09:00:00+00:00,25.1,31.82083333333333,10.435598737709942
2025-06-28 10:00:00+00:00,24.5,31.304166666666664,10.480063025311123
2025-06-28 11:00:00+00:00,24.5,30.441666666666663,10.13276719433015
2025-06-28 21:00:00+00:00,16.0,29.854166666666668,10.55346549991857
2025-06-28 22:00:00+00:00,8.74,29.284999999999997,11.313916401840105
2025-06-28 23:00:00+00:00,7.5,28.551666666666666,12.137390188162799
2025-06-29 00:00:00+00:00,7.3,27.210000000000004,12.643677230657378
2025-06-29 01:00:00+00:00,12.9,26.685000000000002,12.975019812333048
2025-06-29 02:00:00+00:00,8.37,26.04625,13.495269964437309
2025-06-29 03:00:00+00:00,5.56,25.26958333333333,14.127700043336601
2025-06-29 04:00:00+00:00,3.76,24.53458333333333,14.781505771142502
2025-06-29 05:00:00+00:00,5.48,23.90041666666667,15.271539451219223
2025-06-29 06:00:00+00:00,4.2,23.04625,15.789394848249035
2025-06-29 07:00:00+00:00,3.75,21.910833333333333,16.167812606928422
2025-06-29 08:00:00+00:00,3.3000000000000003,20.481666666666666,16.236500122621376
2025-06-29 09:00:00+00:00,2.85,19.129583333333333,16.299864090968914
2025-06-29 10:00:00+00:00,2.4,17.362916666666667,15.68268235684817
2025-06-29 11:00:00+00:00,1.09,14.8375,12.858317304882592
2025-06-29 12:00:00+00:00,1.98,13.1825,11.75976975891145
2025-06-29 13:00:00+00:00,1.07,11.34375,9.827133162609105
2025-06-29 14:00:00+00:00,3.17,10.121666666666666,8.857686746140496
2025-06-29 15:00:00+00:00,4.96,9.340833333333334,8.424051961453864
2025-06-29 16:00:00+00:00,4.95,8.572083333333333,7.9115292751157655
2025-06-29 17:00:00+00:00,7.47,7.954166666666667,7.352071531010884
2025-06-29 18:00:00+00:00,13.2,7.458333333333333,6.49701179919198
2025-06-29 19:00:00+00:00,19.9,7.266666666666666,6.022969559846688
2025-06-29 20:00:00+00:00,19.6,7.0625,5.471168105147366
2025-06-29 21:00:00+00:00,17.4,7.120833333333333,5.577041382284102
2025-06-29 22:00:00+00:00,16.0,7.423333333333335,5.858474847281595
2025-06-29 23:00:00+00:00,13.7,7.6816666666666675,5.9970599076740205
2025-06-30 00:00:00+00:00,11.8,7.8691666666666675,6.0546783325081925
2025-06-30 01:00:00+00:00,12.6,7.8566666666666665,6.044141012559965
2025-06-30 02:00:00+00:00,11.6,7.99125,6.091840810175607
2025-06-30 03:00:00+00:00,12.2,8.267916666666666,6.1273002631250275
2025-06-30 04:00:00+00:00,11.1,8.573749999999999,6.075475155867606
2025-06-30 05:00:00+00:00,9.58,8.744583333333333,6.042253379807604
2025-06-30 06:00:00+00:00,9.22,8.95375,5.964480962512432
2025-06-30 07:00:00+00:00,10.7,9.243333333333332,5.868795644665089
2025-06-30 08:00:00+00:00,11.1,9.568333333333333,5.739915668723482
2025-06-30 09:00:00+00:00,13.7,10.020416666666668,5.613656081507725
2025-06-30 10:00:00+00:00,9.66,10.322916666666666,5.375730873800849
2025-06-30 11:00:00+00:00,4.4,10.460833333333333,5.1669635492076
2025-06-30 12:00:00+00:00,5.48,10.606666666666666,4.962540256471566
2025-06-30 13:00:00+00:00,6.61,10.837499999999999,4.616431192655338
2025-06-30 14:00:00+00:00,5.56,10.937083333333332,4.467206576983958
2025-06-30 15:00:00+00:00,6.53,11.0025,4.38664301676364
2025-06-30 16:00:00+00:00,6.4,11.062916666666666,4.30895576895842
2025-06-30 17:00:00+00:00,6.26,11.012499999999998,4.359603342547036
2025-06-30 18:00:00+00:00,5.46,10.69,4.475489771595017
2025-06-30 19:00:00+00:00,5.54,10.091666666666667,4.137824114893782
2025-06-30 20:00:00+00:00,5.67,9.511249999999999,3.699906358979476
2025-06-30 21:00:00+00:00,5.4,9.01125,3.384902943184922
2025-06-30 22:00:00+00:00,5.0,8.552916666666667,3.1327852299672188
2025-06-30 23:00:00+00:00,4.88,8.185416666666667,3.0179635794134354
2025-07-01 00:00:00+00:00,5.8,7.935416666666666,2.953342953577953
2025-07-01 01:00:00+00:00,5.69,7.6475,2.8122824553545307
2025-07-01 02:00:00+00:00,5.65,7.399583333333333,2.709067670791333
2025-07-01 03:00:00+00:00,5.32,7.112916666666667,2.5375998231238244
2025-07-01 04:00:00+00:00,6.74,6.931250000000001,2.391621811930883
2025-07-01 05:00:00+00:00,5.48,6.760416666666667,2.3400714949437926
2025-07-01 06:00:00+00:00,5.31,6.5975,2.2971026173816878
2025-07-01 07:00:00+00:00,7.16,6.45,2.129782597600671
2025-07-01 08:00:00+00:00,9.22,6.371666666666666,1.9806732861998835
2025-07-01 09:00:00+00:00,6.9,6.088333333333334,1.2314454803253188
2025-07-01 10:00:00+00:00,9.64,6.0874999999999995,1.2289275989566768
2025-07-01 11:00:00+00:00,9.47,6.298750000000001,1.355482627027395
2025-07-01 12:00:00+00:00,10.7,6.51625,1.6127745805986882
2025-07-01 13:00:00+00:00,10.8,6.690833333333333,1.8348579299737635
2025-07-01 14:00:00+00:00,9.46,6.853333333333333,1.90182902049254
2025-07-01 15:00:00+00:00,15.1,7.210416666666666,2.536967513916151
2025-07-01 16:00:00+00:00,9.28,7.3304166666666655,2.5649264404514165
2025-07-01 17:00:00+00:00,9.42,7.462083333333333,2.588586955760899
2025-07-01 18:00:00+00:00,8.4,7.584583333333334,2.559120057952293
2025-07-01 19:00:00+00:00,8.29,7.699166666666667,2.5249311943558275
2025-07-01 20:00:00+00:00,8.38,7.812083333333334,2.490603173262641
2025-07-01 21:00:00+00:00,7.27,7.890000000000001,2.440611113777639
2025-07-01 22:00:00+00:00,6.6,7.956666666666667,2.37931971765878
2025-07-01 23:00:00+00:00,7.78,8.0775,2.288170429195073
2025-07-02 00:00:00+00:00,7.31,8.140416666666667,2.2431411965223056
2025-07-02 01:00:00+00:00,7.23,8.204583333333334,2.1914279227432973
2025-07-02 02:00:00+00:00,7.01,8.261249999999999,2.139466232701246
2025-07-02 03:00:00+00:00,6.92,8.327916666666667,2.067550491821466
2025-07-02 04:00:00+00:00,6.27,8.308333333333332,2.08539364789144
2025-07-02 05:00:00+00:00,6.3,8.3425,2.043333274227315
2025-07-02 06:00:00+00:00,8.71,8.484166666666667,1.9391524743660287
2025-07-02 07:00:00+00:00,7.36,8.4925,1.9336364704874887
2025-07-02 08:00:00+00:00,7.88,8.436666666666667,1.9310611335347683
2025-07-02 09:00:00+00:00,7.19,8.44875,1.9219132507679868
2025-07-02 10:00:00+00:00,6.55,8.32,1.9420361345313297
2025-07-02 11:00:00+00:00,8.78,8.29125,1.929337152450392
2025-07-02 12:00:00+00:00,12.1,8.349583333333333,2.024165913389226
2025-07-02 13:00:00+00:00,11.9,8.395416666666666,2.0933351362724815
2025-07-02 14:00:00+00:00,14.2,8.592916666666667,2.3993739748138077
2025-07-02 15:00:00+00:00,15.2,8.597083333333334,2.4112228165422227
2025-07-02 16:00:00+00:00,17.1,8.922916666666667,2.9709250194196803
2025-07-02 17:00:00+00:00,24.6,9.555416666666666,4.368511814223908
2025-07-02 18:00:00+00:00,24.4,10.222083333333332,5.30500008537196
2025-07-02 19:00:00+00:00,20.1,10.714166666666666,5.654234209223477
2025-07-02 20:00:00+00:00,17.8,11.106666666666667,5.809967946230971
2025-07-02 21:00:00+00:00,17.6,11.537083333333335,5.895388381325367
2025-07-02 22:00:00+00:00,13.7,11.832916666666668,5.814456854641905
2025-07-02 23:00:00+00:00,10.1,11.929583333333333,5.763205991208447
2025-07-03 00:00:00+00:00,14.0,12.208333333333334,5.691395997977702
2025-07-03 01:00:00+00:00,16.9,12.61125,5.665868299471497
2025-07-03 02:00:00+00:00,17.4,13.044166666666667,5.616000369028395
2025-07-03 03:00:00+00:00,18.5,13.526666666666666,5.564174743815089
2025-07-03 04:00:00+00:00,17.4,13.990416666666668,5.3942920550672735
2025-07-03 05:00:00+00:00,14.3,14.323749999999999,5.139571807997707
2025-07-03 06:00:00+00:00,18.5,14.731666666666667,5.062577678774204
2025-07-03 07:00:00+00:00,14.1,15.012500000000001,4.816852887428686
2025-07-03 08:00:00+00:00,9.94,15.098333333333334,4.7011956542681546
2025-07-03 09:00:00+00:00,15.5,15.444583333333334,4.389071387540557
2025-07-03 10:00:00+00:00,8.78,15.537500000000001,4.212644785281117
2025-07-03 11:00:00+00:00,8.32,15.518333333333333,4.245643973959998
2025-07-03 12:00:00+00:00,9.86,15.424999999999999,4.347458027899463
2025-07-03 13:00:00+00:00,9.92,15.3425,4.4351611411340786
2025-07-03 14:00:00+00:00,11.5,15.229999999999999,4.49918253444562
2025-07-03 15:00:00+00:00,20.2,15.438333333333333,4.612078345677394
2025-07-03 16:00:00+00:00,15.4,15.3675,4.598482972913303
2025-07-03 17:00:00+00:00,12.7,14.871666666666668,4.182443291194466
2025-07-03 18:00:00+00:00,11.7,14.3425,3.700088424325246
2025-07-03 19:00:00+00:00,10.2,13.93,3.580216170301247
2025-07-03 20:00:00+00:00,9.59,13.587916666666667,3.586587307524007
2025-07-03 21:00:00+00:00,9.46,13.24875,3.5755514168841342
2025-07-03 22:00:00+00:00,9.12,13.057916666666666,3.671357975471405
2025-07-03 23:00:00+00:00,9.28,13.02375,3.7037546313929512
2025-07-04 00:00:00+00:00,10.1,12.86125,3.74439211122556
2025-07-04 01:00:00+00:00,12.2,12.665416666666665,3.6455821735434064
2025-07-04 02:00:00+00:00,13.1,12.48625,3.505761484607304
2025-07-04 03:00:00+00:00,10.4,12.14875,3.284561134737114
2025-07-04 04:00:00+00:00,11.6,11.907083333333333,3.0889402701821673
2025-07-04 05:00:00+00:00,9.77,11.718333333333334,3.0747338756055864
2025-07-04 06:00:00+00:00,14.8,11.564166666666667,2.8004423822373714
2025-07-04 07:00:00+00:00,15.9,11.639166666666666,2.8938539319926964
2025-07-04 08:00:00+00:00,11.7,11.7125,2.87113407377027
2025-07-04 09:00:00+00:00,13.2,11.616666666666667,2.776027293855615
2025-07-04 10:00:00+00:00,8.9,11.621666666666664,2.770799079007954
2025-07-04 11:00:00+00:00,9.73,11.680416666666666,2.712075218859733
2025-07-04 12:00:00+00:00,10.2,11.694583333333334,2.70302564636871
2025-07-04 13:00:00+00:00,10.1,11.702083333333334,2.6981329763320527
2025-07-04 14:00:00+00:00,12.0,11.722916666666668,2.69843510071172
2025-07-04 15:00:00+00:00,14.8,11.497916666666667,2.1250902367881213
2025-07-04 16:00:00+00:00,15.0,11.481249999999998,2.0945048444626955
2025-07-04 17:00:00+00:00,11.8,11.44375,2.0797403945432924
2025-07-04 18:00:00+00:00,12.5,11.477083333333333,2.090409735510787
2025-07-04 19:00:00+00:00,12.9,11.589583333333335,2.0913454773892677
2025-07-04 20:00:00+00:00,13.5,11.7525,2.0810746596722294
2025-07-04 21:00:00+00:00,12.6,11.883333333333333,2.0287277372490164
2025-07-04 22:00:00+00:00,14.8,12.12,2.023649307992518
2025-07-04 23:00:00+00:00,15.8,12.391666666666667,2.063072142865136
2025-07-05 00:00:00+00:00,14.6,12.579166666666666,2.050189634212253
2025-07-05 01:00:00+00:00,14.0,12.654166666666667,2.068557398320003
2025-07-05 02:00:00+00:00,12.5,12.629166666666665,2.066559662961416
2025-07-05 03:00:00+00:00,10.1,12.616666666666667,2.081482888349612
2025-07-05 04:00:00+00:00,9.08,12.511666666666665,2.195439277955072
2025-07-05 05:00:00+00:00,11.8,12.59625,2.1231330673649773
2025-07-05 06:00:00+00:00,7.96,12.311250000000001,2.2685550131803196
2025-07-05 07:00:00+00:00,11.6,12.132083333333334,2.138896463064449
2025-07-05 08:00:00+00:00,19.5,12.457083333333332,2.610902691085656
2025-07-05 09:00:00+00:00,11.1,12.369583333333333,2.6200953835385565
2025-07-05 10:00:00+00:00,11.6,12.482083333333334,2.5207244975905447
2025-07-05 11:00:00+00:00,13.8,12.651666666666666,2.4637893519970375
2025-07-05 12:00:00+00:00,13.7,12.7975,2.4154741185512214
2025-07-05 13:00:00+00:00,15.8,13.034999999999998,2.4189343683242788
2025-07-05 14:00:00+00:00,15.5,13.180833333333332,2.4589957594365734
2025-07-05 15:00:00+00:00,18.5,13.335,2.671708458450518
2025-07-05 16:00:00+00:00,19.8,13.535000000000002,2.965296377884542
2025-07-05 17:00:00+00:00,20.9,13.914166666666667,3.2970420427837444
2025-07-05 18:00:00+00:00,21.5,14.289166666666667,3.6247409702555085
2025-07-05 19:00:00+00:00,20.5,14.605833333333331,3.824572629340569
2025-07-05 20:00:00+00:00,17.5,14.772499999999999,3.861267250865742
2025-07-05 21:00:00+00:00,19.5,15.06,3.9483711556296606
2025-07-05 22:00:00+00:00,19.3,15.2475,4.041243082539521
2025-07-05 23:00:00+00:00,18.1,15.343333333333334,4.081980195792258
2025-07-06 00:00:00+00:00,18.5,15.505833333333335,4.1284652550697905
2025-07-06 01:00:00+00:00,18.7,15.701666666666668,4.165238827816871
2025-07-06 02:00:00+00:00,19.3,15.985000000000001,4.169259135521572
2025-07-06 03:00:00+00:00,18.1,16.31833333333333,3.9944305429333116
2025-07-06 04:00:00+00:00,16.9,16.644166666666667,3.685298544530487
2025-07-06 05:00:00+00:00,19.3,16.956666666666667,3.5729450362248447
2025-07-06 06:00:00+00:00,20.4,17.474999999999998,3.07927857163636
2025-07-06 07:00:00+00:00,19.9,17.820833333333333,2.848184649404107
2025-07-06 08:00:00+00:00,15.0,17.633333333333333,2.8807708308211333
2025-07-06 09:00:00+00:00,16.7,17.866666666666664,2.5345725420698146
2025-07-06 10:00:00+00:00,16.3,18.0625,2.1870791520635606
2025-07-06 11:00:00+00:00,18.1,18.241666666666667,1.9899566669230901
2025-07-06 12:00:00+00:00,16.7,18.366666666666667,1.7748647631681715
2025-07-06 13:00:00+00:00,17.3,18.429166666666667,1.705612007122476
2025-07-06 14:00:00+00:00,18.6,18.558333333333334,1.5874279625330006
2025-07-06 15:00:00+00:00,19.3,18.591666666666665,1.5945332332328006
2025-07-06 16:00:00+00:00,20.0,18.599999999999998,1.601629604903749
2025-07-06 17:00:00+00:00,18.9,18.51666666666667,1.5270507712485533
2025-07-06 18:00:00+00:00,20.1,18.458333333333332,1.4319086279649145
2025-07-06 19:00:00+00:00,18.3,18.366666666666667,1.3643493963652045
2025-07-06 20:00:00+00:00,5.7,17.875,2.924447179271251
2025-07-06 21:00:00+00:00,4.11,17.23375,4.030701538355831
2025-07-06 22:00:00+00:00,2.91,16.550833333333333,4.949212424536663
2025-07-06 23:00:00+00:00,2.3,15.8925,5.7243296550774945
2025-07-07 00:00:00+00:00,1.58,15.1875,6.392192418336847
2025-07-07 01:00:00+00:00,5.91,14.654583333333333,6.615861033164503
2025-07-07 02:00:00+00:00,16.2,14.525416666666667,6.551167157323033
2025-07-07 03:00:00+00:00,19.5,14.583750000000002,6.590495008458871
2025-07-07 04:00:00+00:00,20.0,14.712916666666667,6.667789855564629
2025-07-07 05:00:00+00:00,21.3,14.796249999999999,6.739721199562015
2025-07-07 06:00:00+00:00,54.4,16.21291666666667,10.495623717061534
2025-07-07 07:00:00+00:00,23.4,16.35875,10.573111636311832
2025-07-07 08:00:00+00:00,10.2,16.15875,10.64508431665505
2025-07-07 09:00:00+00:00,8.18,15.80375,10.767609969557839
2025-07-07 10:00:00+00:00,10.9,15.578750000000001,10.813112536055051
2025-07-07 11:00:00+00:00,19.8,15.649583333333332,10.835890637404786
2025-07-07 12:00:00+00:00,22.4,15.887083333333335,10.922038143595021
2025-07-07 13:00:00+00:00,22.0,16.082916666666666,10.990395205603935
2025-07-07 14:00:00+00:00,21.8,16.21625,11.041551486957351
2025-07-07 15:00:00+00:00,21.2,16.295416666666668,11.071393996973985
2025-07-07 16:00:00+00:00,24.7,16.49125,11.180797324178071
2025-07-07 17:00:00+00:00,20.0,16.53708333333333,11.193348366102398
2025-07-07 18:00:00+00:00,18.6,16.474583333333335,11.176764710060676
2025-07-07 19:00:00+00:00,17.1,16.424583333333334,11.170926153331608
2025-07-07 20:00:00+00:00,14.1,16.774583333333336,10.949702389907042
2025-07-07 21:00:00+00:00,13.3,17.157500000000002,10.643981050748605
2025-07-07 22:00:00+00:00,13.5,17.59875,10.239486363009654
2025-07-07 23:00:00+00:00,12.0,18.002916666666668,9.790982310342976
2025-07-08 00:00:00+00:00,14.5,18.54125,9.185195229990669
2025-07-08 01:00:00+00:00,16.4,18.978333333333335,8.799484009905331
2025-07-08 02:00:00+00:00,16.1,18.974166666666665,8.800880349575042
2025-07-08 03:00:00+00:00,13.4,18.72,8.87282318680744
2025-07-08 04:00:00+00:00,18.8,18.669999999999998,8.868676681836833
2025-07-08 05:00:00+00:00,19.3,18.58666666666667,8.852270976945702
2025-07-08 06:00:00+00:00,21.9,17.232499999999998,4.60016563973986
2025-07-08 07:00:00+00:00,17.4,16.982499999999998,4.409500859064061
2025-07-08 08:00:00+00:00,16.7,17.253333333333334,4.167796484502529
2025-07-08 09:00:00+00:00,15.1,17.541666666666668,3.7290768955270153
2025-07-08 10:00:00+00:00,13.3,17.641666666666666,3.572104076903649
2025-07-08 11:00:00+00:00,17.5,17.545833333333334,3.542411260177404
2025-07-08 12:00:00+00:00,19.8,17.4375,3.42532924472705
2025-07-08 13:00:00+00:00,21.2,17.404166666666665,3.382625577432598
2025-07-08 14:00:00+00:00,23.2,17.4625,3.4726023946464304
2025-07-08 15:00:00+00:00,23.0,17.537499999999998,3.5747681590984515
2025-07-08 16:00:00+00:00,21.7,17.412499999999998,3.359388207759644
2025-07-08 17:00:00+00:00,21.7,17.483333333333334,3.433424791239969
2025-07-08 18:00:00+00:00,20.2,17.55,3.4713736161076754
2025-07-08 19:00:00+00:00,20.5,17.691666666666666,3.5212296106636227
2025-07-08 20:00:00+00:00,19.0,17.895833333333332,3.4451578075380516
2025-07-08 21:00:00+00:00,17.0,18.05,3.310720399734357
2025-07-08 22:00:00+00:00,18.1,18.241666666666664,3.165838945980023
2025-07-08 23:00:00+00:00,18.0,18.491666666666664,2.8750677370722055
2025-07-09 00:00:00+00:00,18.3,18.65,2.7474889721660025
2025-07-09 01:00:00+00:00,18.5,18.7375,2.7058411052677163
2025-07-09 02:00:00+00:00,15.2,18.7,2.749861656599232
2025-07-09 03:00:00+00:00,15.5,18.787499999999998,2.603394523209681
2025-07-09 04:00:00+00:00,18.4,18.770833333333332,2.604591124828642
2025-07-09 05:00:00+00:00,24.0,18.966666666666665,2.8143524495245527
2025-07-09 06:00:00+00:00,35.6,19.537499999999998,4.38582821487969
2025-07-09 07:00:00+00:00,19.9,19.64166666666667,4.3624800153190355
2025-07-09 08:00:00+00:00,13.8,19.520833333333332,4.485917982412019
2025-07-09 09:00:00+00:00,19.7,19.712500000000002,4.385976912645674
2025-07-09 10:00:00+00:00,12.0,19.658333333333335,4.475723567120222
2025-07-09 11:00:00+00:00,13.7,19.5,4.620276671557572
2025-07-09 12:00:00+00:00,14.6,19.283333333333335,4.726306275993201
2025-07-09 13:00:00+00:00,16.0,19.066666666666666,4.753732324657404
2025-07-09 14:00:00+00:00,15.6,18.75,4.719432537738068
2025-07-09 15:00:00+00:00,16.0,18.458333333333332,4.661303854415444
2025-07-09 16:00:00+00:00,15.9,18.21666666666667,4.636215348063874
2025-07-09 17:00:00+00:00,18.7,18.091666666666665,4.578296309922404
2025-07-09 18:00:00+00:00,17.2,17.966666666666665,4.559144338738255
2025-07-09 19:00:00+00:00,13.8,17.6875,4.6022029224198935
2025-07-09 20:00:00+00:00,14.6,17.504166666666666,4.635166069598086
2025-07-09 21:00:00+00:00,12.3,17.308333333333334,4.755126905147506
2025-07-09 22:00:00+00:00,11.6,17.0375,4.891235506761905
2025-07-09 23:00:00+00:00,12.3,16.8,4.980047144878958
2025-07-10 00:00:00+00:00,12.1,16.541666666666668,5.059035538490492
2025-07-10 01:00:00+00:00,13.5,16.333333333333332,5.077800505239853
2025-07-10 02:00:00+00:00,13.6,16.26666666666667,5.103763885320427
2025-07-10 03:00:00+00:00,12.7,16.150000000000002,5.153808216303201
2025-07-10 04:00:00+00:00,12.9,15.920833333333333,5.171660162905069
2025-07-10 05:00:00+00:00,12.6,15.445833333333333,4.914484285975586
2025-07-10 06:00:00+00:00,54.7,16.241666666666667,8.53381593970442
2025-07-10 07:00:00+00:00,20.4,16.2625,8.543739762565009
2025-07-10 08:00:00+00:00,13.3,16.241666666666664,8.55061231810286
2025-07-10 09:00:00+00:00,16.1,16.091666666666665,8.518823998583382
2025-07-10 10:00:00+00:00,10.0,16.008333333333333,8.570217219441139
2025-07-10 11:00:00+00:00,11.5,15.916666666666666,8.607664262619133
2025-07-10 12:00:00+00:00,10.4,15.741666666666665,8.678004011475679
2025-07-10 13:00:00+00:00,12.2,15.583333333333334,8.707701072672053
2025-07-10 14:00:00+00:00,12.3,15.445833333333333,8.733442927180457
2025-07-10 15:00:00+00:00,15.6,15.429166666666667,8.732721034515313
2025-07-10 16:00:00+00:00,24.7,15.795833333333333,8.935735738505551
2025-07-10 17:00:00+00:00,14.1,15.604166666666666,8.920054550752777
2025-07-10 18:00:00+00:00,16.1,15.558333333333332,8.914322460374416
2025-07-10 19:00:00+00:00,13.8,15.558333333333332,8.914322460374416
2025-07-10 20:00:00+00:00,12.1,15.454166666666667,8.940575760404682
2025-07-10 21:00:00+00:00,13.1,15.487500000000002,8.929789544236044
2025-07-10 22:00:00+00:00,11.6,15.487499999999999,8.929789544236044
2025-07-10 23:00:00+00:00,11.1,15.4375,8.951745639817942
2025-07-11 00:00:00+00:00,13.9,15.512500000000001,8.930081673515181
2025-07-11 01:00:00+00:00,15.4,15.591666666666669,8.919880905164508
2025-07-11 02:00:00+00:00,15.4,15.666666666666666,8.909968363124731
2025-07-11 03:00:00+00:00,12.8,15.670833333333334,8.908543977390526
2025-07-11 04:00:00+00:00,9.2,15.516666666666667,8.990220129174482
2025-07-11 05:00:00+00:00,8.65,15.352083333333333,9.081628363453527
2025-07-11 06:00:00+00:00,9.63,13.474166666666667,3.592222173658927
2025-07-11 07:00:00+00:00,16.5,13.311666666666666,3.3450036286021625
2025-07-11 08:00:00+00:00,11.3,13.228333333333333,3.370125357836936
2025-07-11 09:00:00+00:00,10.5,12.995,3.3564914393765366
2025-07-11 10:00:00+00:00,11.2,13.045,3.318661333049449
2025-07-11 11:00:00+00:00,11.3,13.036666666666667,3.3229579105612523
2025-07-11 12:00:00+00:00,10.9,13.057500000000003,3.3072387668368988
2025-07-11 13:00:00+00:00,13.1,13.094999999999999,3.302191630601816
2025-07-11 14:00:00+00:00,13.4,13.140833333333335,3.2983090749083055
2025-07-11 15:00:00+00:00,13.0,13.0325,3.2564587995309813
2025-07-11 16:00:00+00:00,10.7,12.449166666666668,2.1371189803637756
2025-07-11 17:00:00+00:00,11.6,12.344999999999999,2.1139577553261457
2025-07-11 18:00:00+00:00,10.6,12.115833333333333,1.983271159663451
2025-07-11 19:00:00+00:00,9.16,11.922500000000001,2.0373773636070216
2025-07-11 20:00:00+00:00,8.46,11.770833333333334,2.155641570324087
2025-07-11 21:00:00+00:00,9.16,11.606666666666664,2.1995961421144865
2025-07-11 22:00:00+00:00,8.48,11.476666666666667,2.2903344480789465
2025-07-11 23:00:00+00:00,8.22,11.356666666666667,2.3844417205794084
2025-07-12 00:00:00+00:00,8.41,11.127916666666666,2.393164140097449
2025-07-12 01:00:00+00:00,7.72,10.807916666666666,2.3090746860584987
2025-07-12 02:00:00+00:00,7.77,10.49,2.1704337374577167
2025-07-12 03:00:00+00:00,6.65,10.23375,2.247525813557586
2025-07-12 04:00:00+00:00,7.35,10.156666666666666,2.31522684899727
2025-07-12 05:00:00+00:00,6.52,10.067916666666667,2.414202504323743
2025-07-12 06:00:00+00:00,8.41,10.017083333333334,2.436564722088561
2025-07-12 07:00:00+00:00,6.89,9.616666666666665,2.0898297552183607
2025-07-12 08:00:00+00:00,13.0,9.6875,2.176383617879176
2025-07-12 09:00:00+00:00,7.66,9.569166666666668,2.2072743701059148
2025-07-12 10:00:00+00:00,8.28,9.4475,2.193909058397967
2025-07-12 11:00:00+00:00,7.6,9.293333333333335,2.1880657860441195
2025-07-12 12:00:00+00:00,8.18,9.18,2.1716093010761917
2025-07-12 13:00:00+00:00,7.95,8.965416666666668,2.01631169770889
2025-07-12 14:00:00+00:00,10.3,8.83625,1.8084579366671774
2025-07-12 15:00:00+00:00,9.2,8.677916666666667,1.579980680031942
2025-07-12 16:00:00+00:00,9.29,8.619166666666667,1.5268436230584297
2025-07-12 17:00:00+00:00,12.6,8.660833333333333,1.6223812790129168
2025-07-12 18:00:00+00:00,12.5,8.74,1.7615112089138911
2025-07-12 19:00:00+00:00,7.37,8.665416666666667,1.7807447859680674
2025-07-12 20:00:00+00:00,10.9,8.767083333333334,1.8372628014108707
2025-07-12 21:00:00+00:00,7.08,8.680416666666666,1.8667443856747263
2025-07-12 22:00:00+00:00,6.69,8.605833333333335,1.9103491979137854
2025-07-12 23:00:00+00:00,6.31,8.52625,1.9660925992166474
2025-07-13 00:00:00+00:00,6.2,8.434166666666666,2.0227121626055533
2025-07-13 01:00:00+00:00,6.49,8.382916666666667,2.0568876428626637
2025-07-13 02:00:00+00:00,6.52,8.330833333333333,2.088662806400157
2025-07-13 03:00:00+00:00,5.44,8.280416666666666,2.144847170326307
2025-07-13 04:00:00+00:00,5.34,8.196666666666667,2.2206592571195314
2025-07-13 05:00:00+00:00,4.94,8.130833333333333,2.2947121002834288
2025-07-13 06:00:00+00:00,14.9,8.40125,2.679226547215288
2025-07-13 07:00:00+00:00,7.31,8.418750000000001,2.670283021150059
2025-07-13 08:00:00+00:00,5.35,8.1,2.553687870341481
2025-07-13 09:00:00+00:00,4.92,7.985833333333335,2.634193081079016
2025-07-13 10:00:00+00:00,4.92,7.845833333333334,2.706182802827183
2025-07-13 11:00:00+00:00,4.76,7.727499999999999,2.77852517964329
2025-07-13 12:00:00+00:00,4.85,7.58875,2.8374656672887157
2025-07-13 13:00:00+00:00,4.97,7.464583333333333,2.8857611145317685
2025-07-13 14:00:00+00:00,4.99,7.243333333333333,2.862382204398402
2025-07-13 15:00:00+00:00,4.86,7.0625,2.8704737527481514
2025-07-13 16:00:00+00:00,4.25,6.8525,2.8847518919760695
2025-07-13 17:00:00+00:00,4.4,6.510833333333334,2.6505174501636084
2025-07-13 18:00:00+00:00,4.18,6.164166666666667,2.361456655590031
2025-07-13 19:00:00+00:00,4.02,6.024583333333333,2.3859625332648213
2025-07-13 20:00:00+00:00,3.89,5.732499999999999,2.183675103242299
2025-07-13 21:00:00+00:00,4.06,5.6066666666666665,2.189654859971227
2025-07-13 22:00:00+00:00,4.31,5.5075,2.192350832761843
2025-07-13 23:00:00+00:00,4.47,5.430833333333333,2.1952377640196983
2025-07-14 00:00:00+00:00,4.31,5.352083333333333,2.200339853525582
2025-07-14 01:00:00+00:00,5.3,5.302499999999999,2.186949930839406
2025-07-14 02:00:00+00:00,5.28,5.2508333333333335,2.1715290478820624
2025-07-14 03:00:00+00:00,5.01,5.232916666666666,2.1716743273466315
2025-07-14 04:00:00+00:00,5.07,5.221666666666667,2.1717948230948663
2025-07-14 05:00:00+00:00,6.51,5.287083333333333,2.1865368272910315
2025-07-14 06:00:00+00:00,6.99,4.9575000000000005,0.8808703699717113
2025-07-14 07:00:00+00:00,6.63,4.929166666666666,0.809996868842514
2025-07-14 08:00:00+00:00,7.65,5.0249999999999995,0.9801419595487276
2025-07-14 09:00:00+00:00,5.55,5.0512500000000005,0.9856285238136012
2025-07-14 10:00:00+00:00,5.48,5.074583333333333,0.9890090744142955
2025-07-14 11:00:00+00:00,5.36,5.0995833333333325,0.9882944428638477
2025-07-14 12:00:00+00:00,6.38,5.163333333333333,1.0203224838319307
2025-07-14 13:00:00+00:00,7.08,5.25125,1.0913705483984437
2025-07-14 14:00:00+00:00,7.81,5.3687499999999995,1.2076326554185548
2025-07-14 15:00:00+00:00,6.9,5.45375,1.2415831846261134
2025-07-14 16:00:00+00:00,6.62,5.552500000000001,1.2359163120669974
2025-07-14 17:00:00+00:00,7.09,5.664583333333333,1.2487627935245627
2025-07-14 18:00:00+00:00,7.24,5.792083333333333,1.2468080259694019
2025-07-14 19:00:00+00:00,7.76,5.947916666666667,1.2494137030814967
2025-07-14 20:00:00+00:00,8.33,6.132916666666667,1.2601189701131954
2025-07-14 21:00:00+00:00,8.8,6.330416666666667,1.2921484608689964
2025-07-14 22:00:00+00:00,8.13,6.489583333333333,1.267491460108458
2025-07-14 23:00:00+00:00,8.83,6.67125,1.2778559233607587
2025-07-15 00:00:00+00:00,8.66,6.852499999999999,1.2361977117788745
2025-07-15 01:00:00+00:00,11.6,7.115000000000001,1.5269036585873221
2025-07-15 02:00:00+00:00,8.89,7.265416666666667,1.5160503007787776
2025-07-15 03:00:00+00:00,8.39,7.40625,1.4531100455046435
2025-07-15 04:00:00+00:00,7.31,7.499583333333334,1.36584574584686
2025-07-15 05:00:00+00:00,8.95,7.60125,1.3797237042244
2025-07-15 06:00:00+00:00,8.67,7.67125,1.3899431095641261
2025-07-15 07:00:00+00:00,8.02,7.729166666666667,1.3735321545959
2025-07-15 08:00:00+00:00,7.65,7.729166666666667,1.3735321545959
2025-07-15 09:00:00+00:00,7.38,7.805416666666667,1.2958998188820106
2025-07-15 10:00:00+00:00,8.13,7.915833333333333,1.1983754099559678
2025-07-15 11:00:00+00:00,9.04,8.069166666666668,1.0874298244885268
2025-07-15 12:00:00+00:00,10.1,8.224166666666667,1.101224285754264
2025-07-15 13:00:00+00:00,10.7,8.375,1.1826021419250548
2025-07-15 14:00:00+00:00,12.9,8.587083333333334,1.4926413097958047
2025-07-15 15:00:00+00:00,12.7,8.82875,1.6669636873013824
2025-07-15 16:00:00+00:00,13.4,9.11125,1.8417154397105986
2025-07-15 17:00:00+00:00,12.6,9.340833333333334,1.9205409488554894
2025-07-15 18:00:00+00:00,12.0,9.539166666666667,1.9398406852256835
2025-07-15 19:00:00+00:00,13.0,9.7575,2.023948465574963
2025-07-15 20:00:00+00:00,13.6,9.977083333333333,2.1446221500920823
2025-07-15 21:00:00+00:00,13.0,10.152083333333332,2.214613479214325
2025-07-15 22:00:00+00:00,11.7,10.300833333333333,2.1926753891804855
2025-07-15 23:00:00+00:00,10.9,10.387083333333335,2.1729272565637814
2025-07-16 00:00:00+00:00,12.4,10.542916666666665,2.1777860300664527
2025-07-16 01:00:00+00:00,14.0,10.642916666666666,2.2810876108568876
2025-07-16 02:00:00+00:00,13.5,10.835,2.320813200807528
2025-07-16 03:00:00+00:00,11.6,10.96875,2.2656207758579145
2025-07-16 04:00:00+00:00,11.0,11.1225,2.1275322508154613
2025-07-16 05:00:00+00:00,9.97,11.165,2.09214057221595
2025-07-16 06:00:00+00:00,13.4,11.362083333333333,2.0695535732985224
2025-07-16 07:00:00+00:00,13.0,11.569583333333334,1.9670115915897284
2025-07-16 08:00:00+00:00,12.4,11.7675,1.786135614890905
2025-07-16 09:00:00+00:00,10.0,11.876666666666665,1.5737566981355953
2025-07-16 10:00:00+00:00,10.0,11.954583333333332,1.4188635353278982
2025-07-16 11:00:00+00:00,9.0,11.952916666666667,1.4224549482177873
2025-07-16 12:00:00+00:00,8.47,11.885,1.548132114348571
2025-07-16 13:00:00+00:00,10.6,11.880833333333333,1.5515908152506348
2025-07-16 14:00:00+00:00,12.7,11.8725,1.5464074776576955
2025-07-16 15:00:00+00:00,14.8,11.959999999999999,1.6511313644310133
2025-07-16 16:00:00+00:00,16.7,12.097500000000002,1.8955743651759438
2025-07-16 17:00:00+00:00,13.8,12.147499999999999,1.9250031055873347
2025-07-16 18:00:00+00:00,14.3,12.243333333333332,1.973969002590355
2025-07-16 19:00:00+00:00,13.9,12.280833333333334,1.9973785356040832
2025-07-16 20:00:00+00:00,13.9,12.293333333333335,2.0069090806437084
2025-07-16 21:00:00+00:00,12.3,12.264166666666668,2.0012711540126724
2025-07-16 22:00:00+00:00,12.2,12.285000000000002,1.9977422038497954
2025-07-16 23:00:00+00:00,12.1,12.335,1.9764746833471478
2025-07-17 00:00:00+00:00,11.7,12.305833333333334,1.9806343223421483
2025-07-17 01:00:00+00:00,13.8,12.297500000000001,1.973604625397515
2025-07-17 02:00:00+00:00,12.0,12.235000000000001,1.9575539306245187
2025-07-17 03:00:00+00:00,10.4,12.185,1.9895422239471858
2025-07-17 04:00:00+00:00,9.03,12.102916666666665,2.079177260290542
2025-07-17 05:00:00+00:00,10.7,12.133333333333335,2.0517768898679614
2025-07-17 06:00:00+00:00,11.5,12.054166666666667,2.037383054347921
2025-07-17 07:00:00+00:00,10.7,11.958333333333334,2.0450378260912565
2025-07-17 08:00:00+00:00,9.53,11.83875,2.1012280312068814
2025-07-17 09:00:00+00:00,9.23,11.806666666666667,2.136113225029056
2025-07-17 10:00:00+00:00,9.09,11.768749999999999,2.1772565755214237
2025-07-17 11:00:00+00:00,8.8,11.760416666666666,2.188667411058836
2025-07-17 12:00:00+00:00,8.39,11.757083333333332,2.193951129348627
2025-07-17 13:00:00+00:00,8.49,11.669166666666667,2.2828108468109956
2025-07-17 14:00:00+00:00,10.4,11.573333333333336,2.2859298681976057
2025-07-17 15:00:00+00:00,10.1,11.3775,2.197081562278335
2025-07-17 16:00:00+00:00,9.06,11.059166666666668,1.9295706137952595
2025-07-17 17:00:00+00:00,8.47,10.837083333333332,1.9069950848447905
2025-07-17 18:00:00+00:00,9.36,10.63125,1.779297156060279
2025-07-17 19:00:00+00:00,10.0,10.46875,1.6404620571255308
2025-07-17 20:00:00+00:00,13.3,10.44375,1.589683623158423
2025-07-17 21:00:00+00:00,12.1,10.435416666666667,1.5800247085755033
2025-07-17 22:00:00+00:00,14.5,10.53125,1.7520877298361652
2025-07-17 23:00:00+00:00,12.9,10.564583333333333,1.7904213231783535
2025-07-18 00:00:00+00:00,9.36,10.467083333333333,1.789616133643208
2025-07-18 01:00:00+00:00,9.85,10.3025,1.6456140653788962
2025-07-18 02:00:00+00:00,10.2,10.227500000000001,1.6054127195207273
2025-07-18 03:00:00+00:00,7.97,10.12625,1.6694123217464665
2025-07-18 04:00:00+00:00,7.54,10.064166666666667,1.7382397809942116
2025-07-18 05:00:00+00:00,6.73,9.89875,1.8597529347361639
2025-07-18 06:00:00+00:00,7.25,9.721666666666666,1.9025033089533896
2025-07-18 07:00:00+00:00,10.3,9.705,1.895298531033572
2025-07-18 08:00:00+00:00,7.09,9.603333333333333,1.9690996986407976
2025-07-18 09:00:00+00:00,6.79,9.501666666666667,2.0505199057938537
2025-07-18 10:00:00+00:00,6.42,9.390416666666667,2.1441193168586463
2025-07-18 11:00:00+00:00,6.99,9.315,2.196970245785866
2025-07-18 12:00:00+00:00,7.49,9.2775,2.220995174514396
2025-07-18 13:00:00+00:00,7.87,9.251666666666667,2.234120129630908
2025-07-18 14:00:00+00:00,8.67,9.179583333333333,2.2233415493185853
2025-07-18 15:00:00+00:00,8.92,9.130416666666667,2.2151346591053644
2025-07-18 16:00:00+00:00,9.19,9.135833333333332,2.2151139271251385
2025-07-18 17:00:00+00:00,8.08,9.119583333333333,2.2216317527723537
2025-07-18 18:00:00+00:00,8.78,9.095416666666667,2.22205736858304
2025-07-18 19:00:00+00:00,8.89,9.049166666666666,2.2139477168064383
2025-07-18 20:00:00+00:00,9.54,8.8925,2.0250415991430075
2025-07-18 21:00:00+00:00,9.96,8.803333333333333,1.9221696678188556
2025-07-18 22:00:00+00:00,9.99,8.615416666666667,1.5192617748691244
2025-07-18 23:00:00+00:00,10.1,8.49875,1.2615942726147782
2025-07-19 00:00:00+00:00,10.1,8.529583333333333,1.2922292136376088
2025-07-19 01:00:00+00:00,11.5,8.598333333333334,1.4045443843236145
2025-07-19 02:00:00+00:00,12.2,8.681666666666667,1.5549798451553503
2025-07-19 03:00:00+00:00,11.4,8.824583333333333,1.6419208771026266
2025-07-19 04:00:00+00:00,11.0,8.96875,1.6757770747765444
2025-07-19 05:00:00+00:00,11.1,9.150833333333333,1.6592793529159933
2025-07-19 06:00:00+00:00,11.3,9.319583333333334,1.6634967862817938
2025-07-19 07:00:00+00:00,12.9,9.427916666666667,1.8084655498312343
2025-07-19 08:00:00+00:00,9.39,9.52375,1.7387872147734846
2025-07-19 09:00:00+00:00,11.1,9.703333333333333,1.6651796264681713
2025-07-19 10:00:00+00:00,11.6,9.919166666666667,1.553033263919187
2025-07-19 11:00:00+00:00,12.3,10.140416666666667,1.4947370836619696
2025-07-19 12:00:00+00:00,13.2,10.378333333333334,1.5088915213451755
2025-07-19 13:00:00+00:00,17.0,10.75875,1.9387003995278456
2025-07-19 14:00:00+00:00,16.9,11.101666666666667,2.2552039658388465
2025-07-19 15:00:00+00:00,16.3,11.409166666666666,2.4403348249717856
2025-07-19 16:00:00+00:00,16.7,11.722083333333332,2.6184014027257536
2025-07-19 17:00:00+00:00,17.2,12.102083333333333,2.7264070626033865
2025-07-19 18:00:00+00:00,17.0,12.444583333333332,2.806078772898102
2025-07-19 19:00:00+00:00,18.5,12.844999999999999,2.9583250255036133
2025-07-19 20:00:00+00:00,17.9,13.193333333333333,3.0432157857831625
2025-07-19 21:00:00+00:00,18.5,13.549166666666666,3.146248168252335
2025-07-19 22:00:00+00:00,18.3,13.895416666666668,3.1944217400998443
2025-07-19 23:00:00+00:00,17.8,14.21625,3.183310844825238
2025-07-20 00:00:00+00:00,18.9,14.582916666666668,3.1953573375277067
2025-07-20 01:00:00+00:00,18.4,14.870416666666666,3.2162569105238132
2025-07-20 02:00:00+00:00,18.1,15.11625,3.228728128239727
2025-07-20 03:00:00+00:00,20.3,15.48708333333333,3.293789253265459
2025-07-20 04:00:00+00:00,21.7,15.932916666666666,3.3829758949476183
2025-07-20 05:00:00+00:00,15.8,16.12875,3.223313596825139
2025-07-20 06:00:00+00:00,14.5,16.262083333333333,3.0777857359198113
2025-07-20 07:00:00+00:00,12.8,16.257916666666667,3.082599099809201
2025-07-20 08:00:00+00:00,13.0,16.40833333333333,2.808824087340247
2025-07-20 09:00:00+00:00,11.8,16.4375,2.7544134544872625
2025-07-20 10:00:00+00:00,10.2,16.379166666666666,2.873564543977632
2025-07-20 11:00:00+00:00,11.6,16.349999999999998,2.9199463961725933
2025-07-20 12:00:00+00:00,12.3,16.3125,2.9675509592341873
2025-07-20 13:00:00+00:00,13.8,16.179166666666667,3.0069454625071455
2025-07-20 14:00:00+00:00,16.4,16.158333333333335,3.003464183480274
2025-07-20 15:00:00+00:00,19.6,16.295833333333334,3.0846716641097944
2025-07-20 16:00:00+00:00,18.4,16.366666666666667,3.11373767662598
2025-07-20 17:00:00+00:00,13.1,16.195833333333333,3.1778416474442905
2025-07-20 18:00:00+00:00,9.18,15.87,3.4784854275337627
2025-07-20 19:00:00+00:00,11.4,15.574166666666668,3.546341552332008
2025-07-20 20:00:00+00:00,12.8,15.361666666666666,3.5537067808216034
2025-07-20 21:00:00+00:00,13.0,15.1325,3.519702618366867
2025-07-20 22:00:00+00:00,15.5,15.015833333333333,3.45597392888038
2025-07-20 23:00:00+00:00,17.0,14.982500000000002,3.4317257035414794
2025-07-21 00:00:00+00:00,17.5,14.924166666666666,3.3736471255209346
2025-07-21 01:00:00+00:00,19.5,14.97,3.42992457769775
2025-07-21 02:00:00+00:00,19.5,15.028333333333334,3.4967260049398536
2025-07-21 03:00:00+00:00,19.2,14.9825,3.4312188859759
2025-07-21 04:00:00+00:00,18.0,14.828333333333333,3.190986853850811
2025-07-21 05:00:00+00:00,17.9,14.915833333333333,3.247088216241961
2025-07-21 06:00:00+00:00,17.0,15.020000000000001,3.27316360727652
2025-07-21 07:00:00+00:00,19.1,15.2825,3.339337671897825
2025-07-21 08:00:00+00:00,22.4,15.674166666666666,3.600992516161173
2025-07-21 09:00:00+00:00,19.8,16.0075,3.597046191578218
2025-07-21 10:00:00+00:00,18.5,16.353333333333335,3.408468566822065
2025-07-21 11:00:00+00:00,18.7,16.649166666666666,3.283809977908906
2025-07-21 12:00:00+00:00,19.2,16.936666666666664,3.1871080890070425
2025-07-21 13:00:00+00:00,21.0,17.236666666666665,3.21773707503544
2025-07-21 14:00:00+00:00,21.7,17.4575,3.3374622616331964
2025-07-21 15:00:00+00:00,22.8,17.590833333333332,3.4873334981810853
2025-07-21 16:00:00+00:00,23.1,17.786666666666665,3.662323646642024
2025-07-21 17:00:00+00:00,21.4,18.1325,3.5917238806431584
2025-07-21 18:00:00+00:00,20.8,18.616666666666667,3.0790550027800268
2025-07-21 19:00:00+00:00,20.2,18.98333333333333,2.6804715137885164
2025-07-21 20:00:00+00:00,19.4,19.258333333333333,2.3347873316552437
2025-07-21 21:00:00+00:00,18.7,19.495833333333334,1.9243246509668541
2025-07-21 22:00:00+00:00,18.0,19.599999999999998,1.7591994226623442
2025-07-21 23:00:00+00:00,18.3,19.654166666666665,1.6944870114237927
2025-07-22 00:00:00+00:00,18.8,19.708333333333332,1.642616329456451
2025-07-22 01:00:00+00:00,20.0,19.729166666666668,1.6430298540955244
2025-07-22 02:00:00+00:00,18.7,19.695833333333333,1.6559455900183833
2025-07-22 03:00:00+00:00,17.4,19.620833333333334,1.7189428416190864
2025-07-22 04:00:00+00:00,15.9,19.53333333333333,1.8532384502872419
2025-07-22 05:00:00+00:00,14.6,19.395833333333332,2.087328054187209
2025-07-22 06:00:00+00:00,21.6,19.587500000000002,2.0688817605485115
2025-07-22 07:00:00+00:00,45.1,20.67083333333333,5.598639521593936
2025-07-22 08:00:00+00:00,15.9,20.400000000000002,5.668141325598406
2025-07-22 09:00:00+00:00,15.6,20.224999999999998,5.75169162262191
2025-07-22 10:00:00+00:00,10.7,19.9,6.065225183102358
2025-07-22 11:00:00+00:00,11.0,19.579166666666666,6.329364221568801
2025-07-22 12:00:00+00:00,11.8,19.270833333333332,6.525833557729484
2025-07-22 13:00:00+00:00,13.4,18.95416666666667,6.621964713486964
2025-07-22 14:00:00+00:00,15.6,18.7,6.629053312961569
2025-07-22 15:00:00+00:00,15.9,18.4125,6.593034037989394
2025-07-22 16:00:00+00:00,14.7,18.0625,6.556232514379615
2025-07-22 17:00:00+00:00,15.9,17.833333333333332,6.530574691181564
2025-07-22 18:00:00+00:00,12.4,17.483333333333334,6.589495373347038
2025-07-22 19:00:00+00:00,11.1,17.104166666666668,6.687462582856155
2025-07-22 20:00:00+00:00,9.46,16.69,6.845040095795138
2025-07-22 21:00:00+00:00,8.47,16.263749999999998,7.030439909855326
2025-07-22 22:00:00+00:00,7.11,15.81,7.26114795092463
2025-07-22 23:00:00+00:00,6.2,15.305833333333332,7.496984272919699
2025-07-23 00:00:00+00:00,6.01,14.772916666666665,7.689906133404958
2025-07-23 01:00:00+00:00,6.7,14.218749999999998,7.775592421159909
2025-07-23 02:00:00+00:00,7.01,13.731666666666667,7.848474604863532
2025-07-23 03:00:00+00:00,6.6,13.281666666666666,7.9381049467065425
2025-07-23 04:00:00+00:00,7.9,12.948333333333336,7.9911655930928625
2025-07-23 05:00:00+00:00,7.22,12.640833333333333,8.066482405968316
2025-07-23 06:00:00+00:00,9.68,12.144166666666665,7.855064230034675
2025-07-23 07:00:00+00:00,7.7,10.585833333333333,3.5784912009618552
2025-07-23 08:00:00+00:00,8.47,10.27625,3.416487915083576
2025-07-23 09:00:00+00:00,8.25,9.969999999999999,3.2435715687707862
2025-07-23 10:00:00+00:00,7.13,9.821250000000001,3.29016361757798
2025-07-23 11:00:00+00:00,5.32,9.584583333333333,3.4040040095599866
2025-07-23 12:00:00+00:00,6.05,9.345,3.4434196854919934
2025-07-23 13:00:00+00:00,7.66,9.105833333333335,3.3475337017059212
2025-07-23 14:00:00+00:00,6.27,8.717083333333333,3.092616001362439
2025-07-23 15:00:00+00:00,8.01,8.388333333333334,2.688867009931946
2025-07-23 16:00:00+00:00,8.17,8.116249999999999,2.328686534993442
2025-07-23 17:00:00+00:00,8.05,7.789166666666667,1.6361936652315312
2025-07-23 18:00:00+00:00,8.58,7.63,1.3242159287993058
2025-07-23 19:00:00+00:00,7.98,7.5,1.103504299551785
2025-07-23 20:00:00+00:00,7.71,7.427083333333333,1.0232619587528498
2025-07-23 21:00:00+00:00,7.44,7.384166666666666,0.9989294994774994
2025-07-23 22:00:00+00:00,6.7,7.367083333333333,1.0072928815762534
2025-07-23 23:00:00+00:00,5.79,7.3500000000000005,1.0311411997936422
2025-07-24 00:00:00+00:00,6.88,7.3862499999999995,0.9967024434947457
2025-07-24 01:00:00+00:00,8.23,7.45,0.9998260718304359
2025-07-24 02:00:00+00:00,6.04,7.409583333333334,1.037289440829706
2025-07-24 03:00:00+00:00,6.0,7.384583333333334,1.0645226697875367
2025-07-24 04:00:00+00:00,6.78,7.3379166666666675,1.065494288914292
2025-07-24 05:00:00+00:00,7.32,7.342083333333334,1.0652086105814198
2025-07-24 06:00:00+00:00,6.56,7.212083333333333,0.9518310919144475
2025-07-24 07:00:00+00:00,7.7,7.212083333333333,0.9518310919144475
2025-07-24 08:00:00+00:00,8.97,7.232916666666668,0.9854395583632845
2025-07-24 09:00:00+00:00,7.14,7.186666666666667,0.9613833631872919
2025-07-24 10:00:00+00:00,6.88,7.17625,0.963376365569524
2025-07-24 11:00:00+00:00,8.3,7.300416666666667,0.9039357382244629
2025-07-24 12:00:00+00:00,10.9,7.502500000000001,1.1268781424026864
2025-07-24 13:00:00+00:00,15.3,7.820833333333333,1.9510396708166438
2025-07-24 14:00:00+00:00,17.5,8.28875,2.7471507967344833
2025-07-24 15:00:00+00:00,17.3,8.675833333333333,3.304188273226342
2025-07-24 16:00:00+00:00,16.3,9.014583333333334,3.6488485130261927
2025-07-24 17:00:00+00:00,15.6,9.329166666666667,3.88019712258848
2025-07-24 18:00:00+00:00,16.3,9.650833333333333,4.127502578585616
2025-07-24 19:00:00+00:00,15.6,9.968333333333332,4.283517111040735
2025-07-24 20:00:00+00:00,15.3,10.284583333333334,4.388434383761342
2025-07-24 21:00:00+00:00,15.1,10.60375,4.450666596384526
2025-07-24 22:00:00+00:00,14.9,10.945416666666667,4.4527021392160115
2025-07-24 23:00:00+00:00,13.9,11.283333333333331,4.351019537360401
2025-07-25 00:00:00+00:00,12.9,11.534166666666666,4.258678011519101
2025-07-25 01:00:00+00:00,12.4,11.707916666666668,4.202708215017896
2025-07-25 02:00:00+00:00,11.8,11.947916666666666,4.025701104659559
2025-07-25 03:00:00+00:00,13.9,12.277083333333332,3.836759818622525
2025-07-25 04:00:00+00:00,12.2,12.50291666666667,3.6543047624822864
2025-07-25 05:00:00+00:00,16.4,12.88125,3.563279281663134
2025-07-25 06:00:00+00:00,12.4,13.124583333333332,3.30271558775843
2025-07-25 07:00:00+00:00,11.3,13.274583333333332,3.1224669443950748
2025-07-25 08:00:00+00:00,9.27,13.287083333333335,3.1050372526878074
2025-07-25 09:00:00+00:00,8.62,13.34875,2.9902207458137595
2025-07-25 10:00:00+00:00,8.82,13.429583333333333,2.829661954255608
2025-07-25 11:00:00+00:00,11.4,13.558750000000002,2.6504049116411506
2025-07-25 12:00:00+00:00,11.9,13.600416666666666,2.614405708788193
2025-07-25 13:00:00+00:00,11.7,13.450416666666667,2.6159269355017183
2025-07-25 14:00:00+00:00,13.8,13.296249999999999,2.4719589353911626
2025-07-25 15:00:00+00:00,14.5,13.179583333333333,2.3371823972403916
2025-07-25 16:00:00+00:00,16.9,13.204583333333334,2.374915978681442
2025-07-25 17:00:00+00:00,15.6,13.204583333333332,2.374915978681442
2025-07-25 18:00:00+00:00,15.8,13.183749999999998,2.34862922555472
2025-07-25 19:00:00+00:00,15.8,13.192083333333334,2.357911712708274
2025-07-25 20:00:00+00:00,14.1,13.142083333333334,2.3237450641556467
2025-07-25 21:00:00+00:00,14.8,13.129583333333331,2.3135395039270903
2025-07-25 22:00:00+00:00,13.4,13.067083333333334,2.283701189557803
2025-07-25 23:00:00+00:00,14.0,13.071250000000001,2.285377549438512
2025-07-26 00:00:00+00:00,11.8,13.025416666666667,2.299945139547213
2025-07-26 01:00:00+00:00,15.2,13.142083333333334,2.337549774715971
2025-07-26 02:00:00+00:00,17.1,13.362916666666665,2.4527597219504673
2025-07-26 03:00:00+00:00,15.3,13.42125,2.4825553323662737
2025-07-26 04:00:00+00:00,15.2,13.546249999999999,2.493891341205244
2025-07-26 05:00:00+00:00,15.4,13.504583333333334,2.45214365698507
2025-07-26 06:00:00+00:00,16.9,13.692083333333334,2.534665708455962
2025-07-26 07:00:00+00:00,16.0,13.887916666666667,2.5233534953149612
2025-07-26 08:00:00+00:00,15.0,14.126666666666665,2.331184932261962
2025-07-26 09:00:00+00:00,14.6,14.375833333333334,2.015185646139142
2025-07-26 10:00:00+00:00,15.9,14.670833333333333,1.6520025178068103
2025-07-26 11:00:00+00:00,17.1,14.908333333333333,1.5689699381014757
2025-07-26 12:00:00+00:00,18.9,15.200000000000001,1.6346785350774582
2025-07-26 13:00:00+00:00,19.8,15.5375,1.7148488334948553
2025-07-26 14:00:00+00:00,19.5,15.775,1.8529060606422478
2025-07-26 15:00:00+00:00,19.4,15.979166666666666,1.9724139186961342
2025-07-26 16:00:00+00:00,18.4,16.041666666666668,2.025901123529581
2025-07-26 17:00:00+00:00,20.1,16.229166666666668,2.18522293493408
2025-07-26 18:00:00+00:00,21.3,16.458333333333332,2.4146143209299895
2025-07-26 19:00:00+00:00,19.5,16.6125,2.4877635320311247
2025-07-26 20:00:00+00:00,21.6,16.925,2.625667616965686
2025-07-26 21:00:00+00:00,20.8,17.175,2.6991544569750676
2025-07-26 22:00:00+00:00,19.7,17.4375,2.621286192758723
2025-07-26 23:00:00+00:00,18.7,17.633333333333333,2.5271855228032587
2025-07-27 00:00:00+00:00,21.0,18.016666666666666,2.2905603390145415
2025-07-27 01:00:00+00:00,21.5,18.279166666666665,2.3146000061361702
2025-07-27 02:00:00+00:00,21.4,18.458333333333332,2.3847188635079797
2025-07-27 03:00:00+00:00,21.1,18.7,2.344280737009294
2025-07-27 04:00:00+00:00,20.7,18.929166666666667,2.254363723337754
2025-07-27 05:00:00+00:00,19.1,19.083333333333332,2.12534737143724
2025-07-27 06:00:00+00:00,17.1,19.091666666666665,2.11678933799495
2025-07-27 07:00:00+00:00,17.7,19.1625,2.0357270894224806
2025-07-27 08:00:00+00:00,17.0,19.245833333333334,1.8939214360149517
2025-07-27 09:00:00+00:00,15.7,19.291666666666668,1.7868886407643294
2025-07-27 10:00:00+00:00,15.3,19.26666666666667,1.8398172562055506
2025-07-27 11:00:00+00:00,16.6,19.245833333333334,1.8680329497760766
2025-07-27 12:00:00+00:00,18.3,19.220833333333335,1.876856568763308
2025-07-27 13:00:00+00:00,18.4,19.162499999999998,1.8798271197107006
2025-07-27 14:00:00+00:00,20.0,19.183333333333334,1.8864889556289417
2025-07-27 15:00:00+00:00,20.1,19.212500000000002,1.89537480519652
2025-07-27 16:00:00+00:00,20.1,19.283333333333335,1.8954560462295726
2025-07-27 17:00:00+00:00,19.2,19.245833333333334,1.8874826038165176
2025-07-27 18:00:00+00:00,18.3,19.120833333333334,1.8443755079952073
2025-07-27 19:00:00+00:00,17.5,19.0375,1.8714822072821669
2025-07-27 20:00:00+00:00,17.8,18.879166666666666,1.8048194337400076
2025-07-27 21:00:00+00:00,17.5,18.741666666666664,1.7776185013190196
2025-07-27 22:00:00+00:00,17.1,18.633333333333333,1.7958083239120117
2025-07-27 23:00:00+00:00,16.9,18.558333333333334,1.83016194737596
2025-07-28 00:00:00+00:00,18.0,18.433333333333334,1.7571386490211367
2025-07-28 01:00:00+00:00,18.6,18.3125,1.6323662472671836
2025-07-28 02:00:00+00:00,17.0,18.129166666666666,1.513268609354503
2025-07-28 03:00:00+00:00,16.7,17.945833333333333,1.3999935300056547
2025-07-28 04:00:00+00:00,15.4,17.725,1.364216609091622
2025-07-28 05:00:00+00:00,14.7,17.541666666666668,1.4634434279009065
2025-07-28 06:00:00+00:00,13.6,17.395833333333332,1.669282367722155
2025-07-28 07:00:00+00:00,16.8,17.35833333333333,1.6722587345748845
2025-07-28 08:00:00+00:00,14.0,17.23333333333333,1.806911048234403
2025-07-28 09:00:00+00:00,11.1,17.041666666666668,2.1817258160070283
2025-07-28 10:00:00+00:00,12.2,16.912499999999998,2.3727277459753737
2025-07-28 11:00:00+00:00,16.3,16.900000000000002,2.375234542194606
2025-07-28 12:00:00+00:00,14.7,16.75,2.3965554992257516
2025-07-28 13:00:00+00:00,14.9,16.604166666666668,2.3982745911367966
2025-07-28 14:00:00+00:00,18.1,16.525000000000002,2.311079175736164
2025-07-28 15:00:00+00:00,21.0,16.5625,2.3779443991012497
2025-07-28 16:00:00+00:00,18.9,16.5125,2.312031386126579
2025-07-28 17:00:00+00:00,18.2,16.470833333333335,2.270123376587083
2025-07-28 18:00:00+00:00,18.2,16.466666666666665,2.266709292011739
2025-07-28 19:00:00+00:00,18.2,16.495833333333334,2.28501339862235
2025-07-28 20:00:00+00:00,18.1,16.508333333333336,2.2932636069615064
2025-07-28 21:00:00+00:00,18.1,16.533333333333335,2.3077688578904265
2025-07-28 22:00:00+00:00,18.3,16.583333333333332,2.333436850705734
2025-07-28 23:00:00+00:00,18.7,16.658333333333335,2.3726552117032944
2025-07-29 00:00:00+00:00,18.7,16.6875,2.3940710279680797
2025-07-29 01:00:00+00:00,20.3,16.758333333333333,2.476834702786433
2025-07-29 02:00:00+00:00,20.7,16.912499999999998,2.604396366681201
2025-07-29 03:00:00+00:00,20.8,17.083333333333332,2.7216789362236873
2025-07-29 04:00:00+00:00,19.6,17.258333333333333,2.743675203661698
2025-07-29 05:00:00+00:00,18.5,17.416666666666668,2.6988993999432727
2025-07-29 06:00:00+00:00,19.3,17.65416666666667,2.5973195491851575
2025-07-29 07:00:00+00:00,17.9,17.7,2.591289757764526
2025-07-29 08:00:00+00:00,16.5,17.804166666666667,2.484119854047919
2025-07-29 09:00:00+00:00,15.3,17.979166666666668,2.1112492009247745
2025-07-29 10:00:00+00:00,18.5,18.241666666666667,1.7161424554902056
2025-07-29 11:00:00+00:00,16.2,18.2375,1.7211756598829864
2025-07-29 12:00:00+00:00,17.2,18.341666666666665,1.5664739320237255
2025-07-29 13:00:00+00:00,16.7,18.416666666666668,1.4318327163240696
2025-07-29 14:00:00+00:00,17.9,18.408333333333335,1.4343356791837263
2025-07-29 15:00:00+00:00,19.7,18.354166666666668,1.3545347883141838
2025-07-29 16:00:00+00:00,20.6,18.425,1.426839011667793
2025-07-29 17:00:00+00:00,20.3,18.5125,1.4759853009753825
2025-07-29 18:00:00+00:00,20.2,18.595833333333335,1.5135558956560229
2025-07-29 19:00:00+00:00,18.9,18.625,1.512340541360716
2025-07-29 20:00:00+00:00,18.9,18.65833333333333,1.5090788052913133
2025-07-29 21:00:00+00:00,17.7,18.64166666666667,1.5176975314934118
2025-07-29 22:00:00+00:00,17.3,18.599999999999998,1.5410329680754387
2025-07-29 23:00:00+00:00,17.4,18.545833333333334,1.5600945251926155
2025-07-30 00:00:00+00:00,16.6,18.458333333333332,1.6091900924449305
2025-07-30 01:00:00+00:00,28.8,18.8125,2.6383974879361114
2025-07-30 02:00:00+00:00,22.7,18.895833333333332,2.730580312054468
2025-07-30 03:00:00+00:00,18.5,18.8,2.7010464960664415
2025-07-30 04:00:00+00:00,18.6,18.758333333333333,2.6958771528369314
2025-07-30 05:00:00+00:00,18.6,18.7625,2.695537778077546
2025-07-30 06:00:00+00:00,18.4,18.724999999999998,2.6939949323730965
2025-07-30 07:00:00+00:00,25.1,19.025000000000002,2.98346894680027
2025-07-30 08:00:00+00:00,20.2,19.179166666666667,2.9426369668785792
2025-07-30 09:00:00+00:00,16.0,19.208333333333332,2.9057539119996445
2025-07-30 10:00:00+00:00,15.7,19.091666666666665,2.9904073688853554
2025-07-30 11:00:00+00:00,16.1,19.087500000000002,2.994678250845445
2025-07-30 12:00:00+00:00,16.5,19.058333333333334,3.0171850783638092
2025-07-30 13:00:00+00:00,19.8,19.1875,2.977935161498104
2025-07-30 14:00:00+00:00,21.3,19.329166666666666,2.9948476286516437
2025-07-30 15:00:00+00:00,22.0,19.425,3.0436319836954193
2025-07-30 16:00:00+00:00,20.8,19.433333333333334,3.0472605896852794
2025-07-30 17:00:00+00:00,19.6,19.40416666666667,3.0419500562841812
2025-07-30 18:00:00+00:00,18.9,19.349999999999998,3.0387354349265183
2025-07-30 19:00:00+00:00,18.5,19.333333333333332,3.0424056080768986
2025-07-30 20:00:00+00:00,18.6,19.320833333333336,3.0448786891900714
2025-07-30 21:00:00+00:00,19.2,19.383333333333333,3.0254955277450986
2025-07-30 22:00:00+00:00,18.3,19.425,3.00235414879431
2025-07-30 23:00:00+00:00,18.9,19.4875,2.9738443133425467
2025-07-31 00:00:00+00:00,19.9,19.625,2.9101396948390765
2025-07-31 01:00:00+00:00,21.5,19.320833333333336,2.205719672887312
2025-07-31 02:00:00+00:00,20.9,19.245833333333334,2.114541612710387
2025-07-31 03:00:00+00:00,17.4,19.2,2.143138697858973
2025-07-31 04:00:00+00:00,16.3,19.104166666666668,2.221139379896569
2025-07-31 05:00:00+00:00,14.9,18.95,2.380354376247685
2025-07-31 06:00:00+00:00,19.7,19.004166666666666,2.382085160136954
2025-07-31 07:00:00+00:00,17.5,18.6875,2.0130687152140783
2025-07-31 08:00:00+00:00,16.8,18.54583333333333,2.0216177694601027
2025-07-31 09:00:00+00:00,15.1,18.508333333333333,2.078443536936142
2025-07-31 10:00:00+00:00,17.4,18.579166666666666,2.0062899280418223
2025-07-31 11:00:00+00:00,17.9,18.654166666666665,1.9422038505525612
2025-07-31 12:00:00+00:00,18.6,18.741666666666664,1.8874682068537763
2025-07-31 13:00:00+00:00,19.7,18.7375,1.8851392521508195
2025-07-31 14:00:00+00:00,20.6,18.708333333333332,1.8488343370342433
2025-07-31 15:00:00+00:00,21.0,18.666666666666668,1.7814665835781325
2025-07-31 16:00:00+00:00,21.6,18.7,1.8299441664088174
2025-07-31 17:00:00+00:00,18.3,18.645833333333332,1.8213657481147332
2025-07-31 18:00:00+00:00,17.5,18.587500000000002,1.835237811861639
2025-07-31 19:00:00+00:00,17.4,18.541666666666668,1.8511845013317156
2025-07-31 20:00:00+00:00,25.6,18.833333333333332,2.3460728827157626
2025-07-31 21:00:00+00:00,16.6,18.724999999999998,2.3880590627026526
2025-07-31 22:00:00+00:00,15.4,18.604166666666668,2.482018667670815
2025-07-31 23:00:00+00:00,12.7,18.345833333333335,2.7572795613992187
2025-08-01 00:00:00+00:00,12.7,18.04583333333333,2.9647170356458945
2025-08-01 01:00:00+00:00,13.1,17.695833333333336,3.034222078752326
2025-08-01 02:00:00+00:00,13.5,17.3875,3.0702375633901418
2025-08-01 03:00:00+00:00,11.7,17.150000000000002,3.2823639413504875
2025-08-01 04:00:00+00:00,10.9,16.925,3.519665250881183
2025-08-01 05:00:00+00:00,10.5,16.741666666666667,3.7375784611995515
2025-08-01 06:00:00+00:00,10.2,16.34583333333333,3.9097402523159137
2025-08-01 07:00:00+00:00,10.6,16.058333333333334,4.071525370248758
2025-08-01 08:00:00+00:00,11.7,15.845833333333333,4.163190579003202
2025-08-06 15:00:00+00:00,12.8,15.75,4.207343476641091
2025-08-06 16:00:00+00:00,9.6,15.425000000000002,4.372368773977295
2025-08-06 17:00:00+00:00,12.0,15.179166666666667,4.392976525503263
2025-08-06 18:00:00+00:00,10.5,14.841666666666669,4.429733200982151
2025-08-06 19:00:00+00:00,11.2,14.487499999999999,4.363715259909234
2025-08-06 20:00:00+00:00,11.2,14.095833333333333,4.210388721769673
2025-08-06 21:00:00+00:00,10.6,13.662500000000001,3.998783782493107
2025-08-06 22:00:00+00:00,9.93,13.176249999999998,3.689169592551705
2025-08-06 23:00:00+00:00,10.1,12.834583333333333,3.5718597995351993
2025-08-07 00:00:00+00:00,9.39,12.496666666666664,3.4940740723670682
2025-08-07 01:00:00+00:00,10.4,12.205,3.356424080579661
2025-08-07 02:00:00+00:00,10.6,11.579999999999998,1.780124568186227
2025-08-07 03:00:00+00:00,10.3,11.3175,1.4396202699804024
2025-08-07 04:00:00+00:00,9.8,11.084166666666667,1.1794800500242044
2025-08-07 05:00:00+00:00,8.67,10.91625,1.2254114215940723
2025-08-07 06:00:00+00:00,11.9,10.882916666666667,1.1849948786041782
2025-08-07 07:00:00+00:00,12.2,10.845416666666667,1.124478542593371
2025-08-07 08:00:00+00:00,11.5,10.762083333333335,0.9846075323462169
2025-08-07 09:00:00+00:00,10.7,10.720416666666665,0.9641372767428287
2025-08-07 10:00:00+00:00,8.89,10.636666666666667,1.0327197804471513
2025-08-07 11:00:00+00:00,8.42,10.55,1.1276061600457776
2025-08-07 12:00:00+00:00,8.41,10.475416666666666,1.208088605901658
2025-08-07 13:00:00+00:00,9.06,10.41125,1.2416164516640156
2025-08-07 14:00:00+00:00,8.96,10.297083333333335,1.2439330303747174
2025-08-07 15:00:00+00:00,8.56,10.120416666666666,1.1720160229153271
2025-08-07 16:00:00+00:00,8.7,10.082916666666668,1.2033701919358912
2025-08-07 17:00:00+00:00,10.1,10.00375,1.1321576649301586
2025-08-07 18:00:00+00:00,8.58,9.92375,1.1629827188514286
2025-08-07 19:00:00+00:00,9.0,9.832083333333333,1.1445712284959284
2025-08-07 20:00:00+00:00,8.74,9.729583333333332,1.12675555455004
2025-08-07 21:00:00+00:00,8.99,9.6625,1.1205908767443618
2025-08-07 22:00:00+00:00,10.6,9.690416666666666,1.1357873314657376
2025-08-07 23:00:00+00:00,11.9,9.765416666666667,1.2202956846478807
2025-08-08 00:00:00+00:00,12.7,9.903333333333332,1.3555703650094997
2025-08-08 01:00:00+00:00,13.0,10.011666666666667,1.4938298217103334
2025-08-08 02:00:00+00:00,13.4,10.128333333333332,1.6436059685062583
2025-08-08 03:00:00+00:00,11.2,10.165833333333333,1.6578978745140163
2025-08-08 04:00:00+00:00,10.5,10.195,1.6573394079194317
2025-08-08 05:00:00+00:00,10.3,10.262916666666667,1.625215649012881
2025-08-08 06:00:00+00:00,9.09,10.145833333333334,1.603219360798712
2025-08-08 07:00:00+00:00,10.1,10.058333333333334,1.5423856920976835
2025-08-08 08:00:00+00:00,10.4,10.012500000000001,1.5137607932330908
2025-08-08 09:00:00+00:00,9.73,9.972083333333332,1.5075432913722766
2025-08-08 10:00:00+00:00,9.37,9.992083333333333,1.495701025596444
2025-08-08 11:00:00+00:00,10.4,10.074583333333333,1.4593833693857914
2025-08-08 12:00:00+00:00,9.79,10.132083333333332,1.4175330044975427
2025-08-08 13:00:00+00:00,11.7,10.242083333333333,1.433069005791967
2025-08-08 14:00:00+00:00,12.1,10.372916666666667,1.4541110512181077
2025-08-08 15:00:00+00:00,12.0,10.51625,1.4370828317173197
2025-08-08 16:00:00+00:00,10.3,10.582916666666668,1.3853440293693942
2025-08-08 17:00:00+00:00,8.95,10.535,1.4221722515373298
2025-08-08 18:00:00+00:00,8.16,10.5175,1.4495943960442026
2025-08-08 19:00:00+00:00,8.18,10.483333333333333,1.495842547708651
2025-08-08 20:00:00+00:00,7.91,10.44875,1.546632562248697
2025-08-08 21:00:00+00:00,8.0,10.4075,1.599527783576782
2025-08-08 22:00:00+00:00,8.41,10.31625,1.6497478397566918
2025-08-08 23:00:00+00:00,9.46,10.214583333333334,1.6228691156916875
2025-08-09 00:00:00+00:00,9.34,10.074583333333335,1.5420539074955941
2025-08-09 01:00:00+00:00,10.7,9.97875,1.4188951994265664
2025-08-09 02:00:00+00:00,18.8,10.203750000000001,2.1988095840603785
2025-08-09 03:00:00+00:00,13.4,10.295416666666666,2.2862670907276317
2025-08-09 04:00:00+00:00,9.4,10.249583333333332,2.293003496776911
2025-08-09 05:00:00+00:00,8.16,10.160416666666666,2.332230653010081
2025-08-09 06:00:00+00:00,14.9,10.4025,2.5109780703073628
2025-08-09 07:00:00+00:00,10.1,10.4025,2.5109780703073628
2025-08-09 08:00:00+00:00,7.97,10.30125,2.5596047801240807
2025-08-09 09:00:00+00:00,6.21,10.154583333333333,2.691225644759975
2025-08-09 10:00:00+00:00,6.23,10.02375,2.8049487517598677
2025-08-09 11:00:00+00:00,6.22,9.849583333333333,2.908435227233661
2025-08-09 12:00:00+00:00,6.46,9.710833333333333,2.98969667890963
2025-08-09 13:00:00+00:00,7.54,9.5375,2.989948741744592
2025-08-09 14:00:00+00:00,8.84,9.401666666666666,2.94214158419483
2025-08-09 15:00:00+00:00,8.98,9.275833333333333,2.8903060115805888
2025-08-09 16:00:00+00:00,9.28,9.233333333333333,2.8820790603562743
2025-08-09 17:00:00+00:00,8.38,9.209583333333333,2.88686000498898
2025-08-09 18:00:00+00:00,7.63,9.1875,2.8972464438706127
2025-08-09 19:00:00+00:00,7.94,9.1775,2.901286446298854
2025-08-09 20:00:00+00:00,8.11,9.185833333333333,2.8977726328825786
2025-08-09 21:00:00+00:00,7.57,9.167916666666667,2.906738765975085
2025-08-09 22:00:00+00:00,7.72,9.139166666666666,2.9179518079677664
2025-08-09 23:00:00+00:00,8.34,9.0925,2.92155147883405
2025-08-10 00:00:00+00:00,9.5,9.099166666666667,2.9223232518674185
2025-08-10 01:00:00+00:00,11.3,9.124166666666666,2.939131662164082
2025-08-10 02:00:00+00:00,8.14,8.68,2.098626880273821
2025-08-10 03:00:00+00:00,10.5,8.559166666666668,1.8879593691891965
2025-08-10 04:00:00+00:00,9.05,8.544583333333334,1.882526006902903
2025-08-10 05:00:00+00:00,8.71,8.5675,1.8809878302079543
2025-08-10 06:00:00+00:00,13.4,8.505,1.675078194151204
2025-08-10 07:00:00+00:00,26.7,9.196666666666667,4.073070273058707
2025-08-10 08:00:00+00:00,9.29,9.251666666666667,4.064689588304934
2025-08-10 09:00:00+00:00,6.45,9.261666666666667,4.057169356633387
2025-08-10 10:00:00+00:00,5.95,9.250000000000002,4.066657638383794
2025-08-10 11:00:00+00:00,6.14,9.246666666666666,4.069281174281459
2025-08-10 12:00:00+00:00,7.06,9.271666666666667,4.053228092645869
2025-08-10 13:00:00+00:00,8.3,9.303333333333333,4.042064331250826
2025-08-10 14:00:00+00:00,7.5,9.2475,4.057966132243338
2025-08-10 15:00:00+00:00,7.58,9.189166666666667,4.072016823945098
2025-08-10 16:00:00+00:00,8.84,9.170833333333333,4.072580547863939
2025-08-10 17:00:00+00:00,9.14,9.2025,4.069117252843726
2025-08-10 18:00:00+00:00,10.5,9.322083333333333,4.063062647770684
2025-08-10 19:00:00+00:00,9.75,9.3975,4.05307961281607
2025-08-10 20:00:00+00:00,9.92,9.472916666666666,4.044912509578435
2025-08-10 21:00:00+00:00,9.65,9.559583333333334,4.024599876592188
2025-08-10 22:00:00+00:00,9.93,9.651666666666666,4.005919171151148
2025-08-10 23:00:00+00:00,10.7,9.75,4.001284576341549
2025-08-11 00:00:00+00:00,10.8,9.804166666666667,4.00654889624103
2025-08-11 01:00:00+00:00,11.4,9.808333333333334,4.008223792531263
2025-08-11 02:00:00+00:00,14.9,10.09,4.121799944515494
2025-08-11 03:00:00+00:00,13.5,10.215,4.179855416679752
2025-08-11 04:00:00+00:00,9.09,10.216666666666667,4.179378637680569
2025-08-11 05:00:00+00:00,8.34,10.20125,4.185855387622247
2025-08-11 06:00:00+00:00,8.71,10.005833333333333,4.139245800517369
2025-08-11 07:00:00+00:00,8.58,9.250833333333333,2.1236185620540753
2025-08-16 12:00:00+00:00,19.8,9.68875,3.0245751588121506
2025-08-16 13:00:00+00:00,17.5,10.149166666666668,3.3352125499917418
2025-08-16 14:00:00+00:00,19.6,10.717916666666667,3.728652838861898
2025-08-16 15:00:00+00:00,15.0,11.087083333333334,3.6941416360956603
2025-08-16 16:00:00+00:00,12.9,11.330416666666666,3.608696596167058
2025-08-16 17:00:00+00:00,17.9,11.730416666666665,3.7858885341162587
2025-08-16 18:00:00+00:00,12.4,11.934583333333334,3.678429460666712
2025-08-16 19:00:00+00:00,11.5,12.097916666666668,3.561848542011752
2025-08-16 20:00:00+00:00,8.99,12.104166666666666,3.556010119644466
2025-08-16 21:00:00+00:00,10.2,12.148333333333333,3.5240326044321457
2025-08-16 22:00:00+00:00,14.3,12.306666666666667,3.532110671694875
2025-08-16 23:00:00+00:00,14.4,12.500416666666666,3.5132549990578794
2025-08-17 00:00:00+00:00,16.0,12.753750000000002,3.538215974556682
2025-08-17 01:00:00+00:00,19.6,13.168333333333331,3.736128741225859
2025-08-17 02:00:00+00:00,15.6,13.404583333333333,3.701561338216503
2025-08-17 03:00:00+00:00,12.7,13.487916666666665,3.6603088241848174
2025-08-17 04:00:00+00:00,9.71,13.4425,3.7016391786200735
2025-08-17 05:00:00+00:00,11.3,13.438333333333333,3.7040937008837904
2025-08-17 06:00:00+00:00,10.5,13.254999999999997,3.737342696995024
2025-08-17 07:00:00+00:00,7.14,12.99,3.9392429199794354
2025-08-17 08:00:00+00:00,7.08,12.90625,4.045692086222226
2025-08-17 09:00:00+00:00,7.28,12.862083333333333,4.103087892505179
2025-08-17 10:00:00+00:00,6.55,12.772083333333333,4.220142156235969
2025-08-17 11:00:00+00:00,7.13,12.711666666666666,4.292525016175461
2025-08-17 12:00:00+00:00,8.35,12.234583333333333,4.102543197628169
2025-08-17 13:00:00+00:00,8.05,11.840833333333334,4.028026722275021
2025-08-17 14:00:00+00:00,9.9,11.436666666666667,3.687916422077809
2025-08-17 15:00:00+00:00,11.2,11.278333333333334,3.609008856671805
2025-08-17 16:00:00+00:00,10.6,11.1825,3.5945831831895134
2025-08-17 17:00:00+00:00,11.2,10.903333333333334,3.2981466029411166
2025-08-17 18:00:00+00:00,11.5,10.865833333333335,3.2854817880653995
2025-08-17 19:00:00+00:00,11.7,10.874166666666667,3.2874133040862583
2025-08-17 20:00:00+00:00,9.36,10.889583333333334,3.2790500734293833
2025-08-17 21:00:00+00:00,9.38,10.855416666666668,3.2907987389962
2025-08-17 22:00:00+00:00,11.3,10.730416666666665,3.2102600181382863
2025-08-17 23:00:00+00:00,10.9,10.584583333333333,3.1143789654727247
2025-08-18 00:00:00+00:00,9.02,10.29375,2.905589534582868
2025-08-18 01:00:00+00:00,13.4,10.035416666666666,2.2420603474145118
2025-08-18 02:00:00+00:00,11.3,9.856250000000001,1.927843608351067
2025-08-18 03:00:00+00:00,16.0,9.99375,2.233016701002419
2025-08-18 04:00:00+00:00,20.4,10.439166666666667,3.079627188993441
2025-08-18 05:00:00+00:00,32.5,11.3225,5.458726758694399
2025-08-18 06:00:00+00:00,22.4,11.818333333333333,5.90313525146602
2025-08-18 07:00:00+00:00,19.8,12.345833333333333,6.03116249279458
2025-08-18 08:00:00+00:00,22.2,12.975833333333334,6.2431638555732025
2025-08-18 09:00:00+00:00,17.1,13.385,6.175059936339951
2025-08-18 10:00:00+00:00,21.1,13.991249999999999,6.189066314705765
2025-08-18 11:00:00+00:00,13.9,14.273333333333333,6.014570472694956
2025-08-18 12:00:00+00:00,13.7,14.496250000000002,5.883198488621754
2025-08-18 13:00:00+00:00,8.01,14.494583333333333,5.885109418041299
2025-08-18 14:00:00+00:00,25.6,15.14875,6.215490685096499
2025-08-18 15:00:00+00:00,31.2,15.982083333333334,6.959281559100785
2025-08-18 16:00:00+00:00,49.3,17.594583333333336,9.629302642666175
2025-08-18 17:00:00+00:00,45.1,19.00708333333333,11.034359964168313
2025-08-18 18:00:00+00:00,44.7,20.390416666666667,12.0835070777114
2025-08-18 19:00:00+00:00,43.4,21.711249999999996,12.803368209186212
2025-08-18 20:00:00+00:00,14.7,21.93375,12.624544008123369
2025-08-18 21:00:00+00:00,11.9,22.038749999999997,12.525685718450367
2025-08-18 22:00:00+00:00,17.1,22.280416666666667,12.364400679639385
2025-08-18 23:00:00+00:00,23.3,22.797083333333337,12.12493351991338
2025-08-19 00:00:00+00:00,21.1,23.300416666666663,11.773799386466285
2025-08-19 01:00:00+00:00,21.3,23.629583333333333,11.594033502725406
2025-08-19 02:00:00+00:00,25.4,24.217083333333335,11.295495631355507
2025-08-19 03:00:00+00:00,27.4,24.692083333333333,11.17396935395783
2025-08-19 04:00:00+00:00,26.3,24.93791666666667,11.140286460748511
2025-08-19 05:00:00+00:00,21.8,24.492083333333337,11.038132710376534
2025-08-19 06:00:00+00:00,14.5,24.162916666666664,11.219534780391125
2025-09-21 05:00:00+00:00,8.39,23.6875,11.646082472510749
2025-09-21 06:00:00+00:00,6.5,23.03333333333333,12.162746996166364
2025-09-21 07:00:00+00:00,6.02,22.57166666666667,12.600171381397159
2025-09-21 08:00:00+00:00,6.59,21.967083333333335,13.01513282404511
2025-09-21 09:00:00+00:00,6.53,21.66,13.29762515574149
2025-09-21 10:00:00+00:00,6.43,21.357083333333335,13.566913550881852
2025-09-21 11:00:00+00:00,6.12,21.278333333333332,13.652968355912074
2025-09-21 12:00:00+00:00,5.47,20.439583333333335,13.99009602452258
2025-09-21 13:00:00+00:00,7.04,19.432916666666667,14.05124982191873
2025-09-21 14:00:00+00:00,6.94,17.667916666666667,12.735315833698747
2025-09-21 15:00:00+00:00,7.96,16.120416666666667,11.448524673954495
2025-09-21 16:00:00+00:00,10.6,14.699583333333331,9.735217323746788
2025-09-21 17:00:00+00:00,12.3,13.40375,7.580169100155769
2025-09-21 18:00:00+00:00,7.52,13.104583333333332,7.667963835599236
2025-09-21 19:00:00+00:00,7.34,12.914583333333333,7.755108823370476
2025-09-21 20:00:00+00:00,6.07,12.455,7.822822797541746
2025-09-21 21:00:00+00:00,5.95,11.732083333333334,7.574784243830275
2025-09-21 22:00:00+00:00,5.98,11.102083333333333,7.388246234901478
2025-09-21 23:00:00+00:00,6.6033333333333335,10.489722222222222,7.110077893311219
2025-09-22 00:00:00+00:00,7.226666666666667,9.7325,6.383721390558182
2025-09-22 01:00:00+00:00,7.85,8.917916666666668,5.161613406575187
2025-09-22 02:00:00+00:00,7.52,8.135416666666666,3.5988755372824026
2025-09-22 03:00:00+00:00,7.12,7.52375,2.118498080800856
2025-09-22 04:00:00+00:00,7.1,7.215416666666666,1.510177329863037
2025-09-22 05:00:00+00:00,6.44,7.134166666666666,1.4966310799162823
2025-09-22 06:00:00+00:00,5.82,7.105833333333334,1.5154767588988884
2025-09-22 07:00:00+00:00,6.84,7.14,1.4990870007268386
2025-09-22 08:00:00+00:00,5.85,7.109166666666667,1.5183773598031156
2025-09-22 09:00:00+00:00,5.36,7.060416666666666,1.5560948620846207
2025-09-22 10:00:00+00:00,5.28,7.0125,1.593605049295303
2025-09-22 11:00:00+00:00,5.94,7.005,1.5984043976281084
2025-09-22 12:00:00+00:00,6.03,7.028333333333333,1.578991912245464
2025-09-22 13:00:00+00:00,6.16,6.991666666666666,1.5888956454028262
2025-09-22 14:00:00+00:00,7.19,7.002083333333332,1.5893616172038803
2025-09-22 15:00:00+00:00,6.59,6.945,1.5780232849746196
2025-09-22 16:00:00+00:00,6.46,6.7725,1.3742297798847467
2025-09-22 17:00:00+00:00,5.76,6.5,0.7260800717074927
2025-09-22 18:00:00+00:00,6.04,6.4383333333333335,0.6979895213970116
2025-09-22 19:00:00+00:00,6.3,6.395,0.671352373691481
2025-09-22 20:00:00+00:00,6.71,6.421666666666667,0.6705920666143578
2025-09-22 21:00:00+00:00,7.08,6.46875,0.6756859549089286
2025-09-22 22:00:00+00:00,6.89,6.506666666666667,0.6725925039188734
2025-09-22 23:00:00+00:00,6.98,6.522361111111111,0.6793073192427812
2025-09-23 00:00:00+00:00,7.35,6.5275,0.6853069765975475
2025-09-23 01:00:00+00:00,7.97,6.532499999999999,0.6957338946560473
2025-09-23 02:00:00+00:00,8.72,6.5825000000000005,0.8044185045324012
2025-09-23 03:00:00+00:00,8.84,6.654166666666666,0.9223595293857172
2025-09-23 04:00:00+00:00,8.905000000000001,6.729375,1.0278494989008242
2025-09-23 05:00:00+00:00,8.97,6.834791666666668,1.1222817200049855
2025-09-23 06:00:00+00:00,6.65,6.869374999999999,1.102260831299367
2025-09-23 07:00:00+00:00,6.42,6.851875000000001,1.1060749370199683
2025-09-23 08:00:00+00:00,5.28,6.828125,1.1342827771229
2025-09-23 09:00:00+00:00,5.03,6.814375000000001,1.154670395751733
2025-09-23 10:00:00+00:00,4.69,6.789791666666667,1.194356729870846
2025-09-23 11:00:00+00:00,4.415,6.72625,1.279092961573629
2025-09-23 12:00:00+00:00,4.14,6.647500000000001,1.378166709168465
2025-09-23 13:00:00+00:00,5.965,6.639375,1.3817359218056326
2025-09-23 14:00:00+00:00,7.79,6.664375000000001,1.3974700062890897
2025-09-23 15:00:00+00:00,10.4,6.823125,1.5915775688316522
2025-09-23 16:00:00+00:00,6.48,6.823958333333334,1.59138439810613
2025-09-23 17:00:00+00:00,6.68,6.862291666666668,1.5756440913276104
2025-09-23 18:00:00+00:00,6.51,6.881875,1.5678812985375292
2025-09-23 19:00:00+00:00,7.16,6.917708333333334,1.5638268134725197
2025-09-23 20:00:00+00:00,7.27,6.941041666666667,1.5647704229210941
2025-09-23 21:00:00+00:00,8.46,6.998541666666667,1.5951587621452177
2025-09-23 22:00:00+00:00,8.16,7.051458333333334,1.6123736749751945
2025-09-23 23:00:00+00:00,8.87,7.130208333333333,1.6543404565003808
2025-09-24 00:00:00+00:00,8.56,7.180625,1.679575070807393
2025-09-24 01:00:00+00:00,10.1,7.269375000000001,1.7765742024296467
2025-09-24 02:00:00+00:00,12.5,7.426875,2.0563025135357216
2025-09-24 03:00:00+00:00,12.0,7.558541666666668,2.243378895272273
2025-09-24 04:00:00+00:00,12.2,7.695833333333334,2.4229970063442203
2025-09-24 05:00:00+00:00,12.9,7.859583333333334,2.6362633786191996
2025-09-24 06:00:00+00:00,10.6,8.024166666666668,2.6803960879700686
2025-09-24 07:00:00+00:00,11.0,8.215,2.723905843357608
2025-09-24 16:00:00+00:00,13.9,8.574166666666667,2.8836965508008867
2025-09-24 17:00:00+00:00,11.9,8.860416666666666,2.857444478773798
2025-09-24 18:00:00+00:00,14.6,9.273333333333333,2.943328368371
2025-09-24 19:00:00+00:00,13.3,9.643541666666666,2.8633708013483057
2025-09-24 20:00:00+00:00,13.1,10.016874999999999,2.693693041362828
2025-09-24 21:00:00+00:00,15.8,10.426666666666668,2.796613894580714
2025-09-24 22:00:00+00:00,17.7,10.839583333333332,3.1049854430333306
2025-09-24 23:00:00+00:00,18.1,11.160416666666668,3.4375894981761053
2025-09-25 00:00:00+00:00,17.1,11.602916666666667,3.4920063737760296
2025-09-25 01:00:00+00:00,19.2,12.124583333333334,3.65592904883897
2025-09-25 02:00:00+00:00,23.3,12.824166666666665,4.112727770001883
2025-09-25 03:00:00+00:00,22.1,13.446666666666665,4.342371288339687
2025-09-25 04:00:00+00:00,10.0,13.560416666666667,4.207188960490738
2025-09-25 05:00:00+00:00,10.9,13.662083333333335,4.106863797793028
2025-09-25 06:00:00+00:00,19.1,14.117916666666666,4.076639685229517
2025-09-25 07:00:00+00:00,15.1,14.3775,3.923416047051433
2025-09-25 08:00:00+00:00,15.2,14.654166666666667,3.7244175694843746
2025-09-25 09:00:00+00:00,14.7,14.845833333333333,3.596009765265371
2025-09-25 10:00:00+00:00,16.2,15.0,3.5702880166366118
2025-09-25 11:00:00+00:00,18.3,15.262500000000001,3.5717262298319343
2025-09-25 12:00:00+00:00,18.8,15.537500000000001,3.5797513272875934
2025-09-25 13:00:00+00:00,20.6,15.858333333333334,3.6768271608840153
2025-09-25 14:00:00+00:00,21.9,16.32916666666667,3.6976466272089996
2025-09-25 15:00:00+00:00,21.4,16.7625,3.6551110730758527
2025-09-25 16:00:00+00:00,21.2,17.066666666666666,3.7098771416041654
2025-09-25 17:00:00+00:00,19.0,17.3625,3.5600210673533956
2025-09-25 18:00:00+00:00,19.8,17.579166666666666,3.5427794500764622
2025-09-25 19:00:00+00:00,19.5,17.8375,3.441790800302005
2025-09-25 20:00:00+00:00,24.4,18.308333333333334,3.537121977548701
2025-09-25 21:00:00+00:00,21.1,18.529166666666665,3.5391572525067447
2025-09-25 22:00:00+00:00,22.8,18.741666666666667,3.638910093237638
2025-09-25 23:00:00+00:00,21.2,18.870833333333334,3.6700289261585772
2025-09-26 00:00:00+00:00,20.2,18.999999999999996,3.659531925402973
2025-09-26 01:00:00+00:00,23.5,19.179166666666664,3.7732443849300195
2025-09-26 02:00:00+00:00,25.3,19.2625,3.88853526687611
2025-09-26 03:00:00+00:00,22.6,19.283333333333335,3.905700033748537
2025-09-26 04:00:00+00:00,19.3,19.670833333333334,3.3691024693938174
2025-09-26 05:00:00+00:00,18.0,19.966666666666665,2.8348248418655686
2025-09-26 06:00:00+00:00,19.0,19.962500000000002,2.836227209270948
2025-09-26 07:00:00+00:00,18.4,20.099999999999998,2.6650719869550166
2025-09-26 08:00:00+00:00,17.0,20.175,2.543747663175975
2025-09-26 09:00:00+00:00,16.2,20.2375,2.418733498988805
2025-09-26 10:00:00+00:00,14.9,20.183333333333334,2.525292349268803
2025-09-26 11:00:00+00:00,16.7,20.116666666666667,2.597267237203261
2025-09-26 12:00:00+00:00,18.2,20.091666666666665,2.613329821056533
2025-09-26 13:00:00+00:00,21.7,20.1375,2.6322105935308135
2025-09-26 14:00:00+00:00,22.0,20.141666666666666,2.6351993022006948
2025-09-26 15:00:00+00:00,21.8,20.158333333333335,2.6447514334862783
2025-09-26 16:00:00+00:00,21.1,20.15416666666667,2.643117258197203
2025-09-26 17:00:00+00:00,20.4,20.212500000000002,2.6319628152520993
2025-09-26 18:00:00+00:00,19.8,20.212500000000002,2.6319628152520993
2025-09-26 19:00:00+00:00,23.4,20.375,2.705429323801891
2025-09-26 20:00:00+00:00,24.8,20.391666666666666,2.7324008660432364
2025-09-26 21:00:00+00:00,26.3,20.608333333333334,2.9854599334931584
2025-09-26 22:00:00+00:00,26.5,20.7625,3.1919480899124726
2025-09-26 23:00:00+00:00,25.2,20.929166666666667,3.317736154127697
2025-09-27 00:00:00+00:00,25.2,21.1375,3.425202310749757
2025-09-27 01:00:00+00:00,25.9,21.2375,3.530588385499838
2025-09-27 02:00:00+00:00,26.9,21.304166666666667,3.6244914685783676
2025-09-27 03:00:00+00:00,26.1,21.45,3.7472308616410417
2025-09-27 04:00:00+00:00,26.8,21.7625,3.8708287507188444
2025-09-27 05:00:00+00:00,23.3,21.983333333333334,3.7973293437530353
2025-09-27 06:00:00+00:00,52.5,23.379166666666666,7.244967018658519
2025-09-27 07:00:00+00:00,34.9,24.066666666666666,7.5292280721412155
2025-09-27 08:00:00+00:00,22.1,24.27916666666667,7.391827400503956
2025-09-27 09:00:00+00:00,21.333333333333336,24.493055555555554,7.2201608448011205
2025-09-27 10:00:00+00:00,20.566666666666663,24.729166666666668,6.9815236664581
2025-09-27 11:00:00+00:00,19.8,24.858333333333334,6.854028400437965
2025-09-27 12:00:00+00:00,20.9,24.97083333333333,6.7615230861430184
2025-09-27 13:00:00+00:00,21.8,24.974999999999998,6.759450353551403
2025-09-27 14:00:00+00:00,23.9,25.054166666666664,6.73417136770831
2025-09-27 15:00:00+00:00,26.3,25.241666666666664,6.70219698639521
2025-09-27 16:00:00+00:00,31.3,25.666666666666668,6.751367726881384
2025-09-27 17:00:00+00:00,23.3,25.787499999999998,6.6785677288033245
2025-09-27 18:00:00+00:00,24.1,25.96666666666667,6.567714916700769
2025-09-27 19:00:00+00:00,22.5,25.929166666666664,6.585552276937082
2025-09-27 20:00:00+00:00,24.2,25.90416666666667,6.591161645396769
2025-09-27 21:00:00+00:00,24.9,25.845833333333335,6.593700789133444
2025-09-27 22:00:00+00:00,25.6,25.808333333333337,6.592377753469918
2025-09-27 23:00:00+00:00,26.3,25.854166666666668,6.591788278253077
2025-09-28 00:00:00+00:00,27.0,25.929166666666664,6.594261247552059
2025-09-28 01:00:00+00:00,27.7,26.004166666666666,6.604143864542591
2025-09-28 02:00:00+00:00,24.2,25.891666666666666,6.611213209133329
2025-09-28 03:00:00+00:00,25.1,25.849999999999998,6.612994089008147
2025-09-28 04:00:00+00:00,25.8,25.808333333333334,6.6098977898505495
2025-09-28 05:00:00+00:00,23.0,25.79583333333333,6.6151291427212415
2025-09-28 06:00:00+00:00,20.5,24.462499999999995,3.481286237116224
2025-09-28 07:00:00+00:00,19.8,23.833333333333332,2.8133395150698806
2025-09-28 08:00:00+00:00,20.25,23.756249999999998,2.887269293541986
2025-09-28 09:00:00+00:00,20.700000000000003,23.72986111111111,2.9131551497871793
2025-09-28 10:00:00+00:00,21.15,23.754166666666666,2.887940317140021
2025-09-28 11:00:00+00:00,21.6,23.829166666666666,2.8029067469119533
2025-09-28 12:00:00+00:00,24.2,23.96666666666667,2.733037276296042
2025-09-28 13:00:00+00:00,24.1,24.0625,2.693803275474478
2025-09-28 14:00:00+00:00,24.8,24.099999999999998,2.6977043380720356
2025-09-28 15:00:00+00:00,29.9,24.25,2.916556933753669
2025-09-28 16:00:00+00:00,27.0,24.07083333333333,2.5769427735150656
2025-09-28 17:00:00+00:00,25.6,24.166666666666668,2.5897652515182767
2025-09-28 18:00:00+00:00,21.6,24.0625,2.642308361690848
2025-09-28 19:00:00+00:00,22.0,24.041666666666668,2.657093323076315
2025-09-28 20:00:00+00:00,22.6,23.974999999999998,2.672972616525682
2025-09-28 21:00:00+00:00,22.1,23.858333333333334,2.691882591061219
2025-09-28 22:00:00+00:00,22.3,23.72083333333333,2.6833187055142744
2025-09-28 23:00:00+00:00,22.6,23.566666666666666,2.6345392579063507
2025-09-29 00:00:00+00:00,23.8,23.433333333333334,2.5322127575059374
2025-09-29 01:00:00+00:00,31.7,23.599999999999998,2.9262306961271856
2025-09-29 02:00:00+00:00,49.5,24.65416666666667,6.045927782699999
2025-09-29 12:00:00+00:00,39.0,25.233333333333334,6.71881955643137
2025-09-29 13:00:00+00:00,44.0,25.99166666666667,7.735697414761919
2025-09-29 14:00:00+00:00,54.0,27.283333333333335,9.582180775053128
2025-09-29 15:00:00+00:00,64.9,29.133333333333336,12.156011812613816
2025-09-29 16:00:00+00:00,66.3,31.070833333333336,14.146492242023255
2025-09-29 17:00:00+00:00,70.2,33.15208333333333,16.03376518182171
2025-09-29 18:00:00+00:00,40.4,33.97291666666667,15.872022001860298
2025-09-29 19:00:00+00:00,29.9,34.3375,15.663799652868985
2025-09-29 20:00:00+00:00,31.4,34.74583333333334,15.443500931281545
2025-09-29 21:00:00+00:00,35.2,35.204166666666666,15.279269250869982
2025-09-29 22:00:00+00:00,38.5,35.80416666666667,15.106016053695098
2025-09-29 23:00:00+00:00,44.6,36.62916666666667,15.019334761122677
2025-09-30 00:00:00+00:00,50.7,37.49583333333334,15.213023001382108
2025-09-30 01:00:00+00:00,60.1,38.87500000000001,15.712311705488668
2025-09-30 02:00:00+00:00,67.3,40.612500000000004,16.46797451973406
2025-09-30 03:00:00+00:00,86.7,43.324999999999996,18.443173592793478
2025-09-30 04:00:00+00:00,63.3,45.04583333333333,18.29307255829895
2025-09-30 05:00:00+00:00,50.6,46.212500000000006,17.681980818114685
2025-09-30 06:00:00+00:00,51.4,47.43333333333334,16.94073215056254
2025-09-30 07:00:00+00:00,50.1,48.59166666666667,16.075850553376473
2025-09-30 08:00:00+00:00,48.8,49.68333333333334,15.093668890621396
2025-09-30 09:00:00+00:00,47.5,50.67083333333333,14.066997428970714
2025-09-30 10:00:00+00:00,43.5,51.1625,13.57263271055598
2025-09-30 11:00:00+00:00,31.6,50.416666666666664,14.147596712997766
2025-09-30 12:00:00+00:00,24.9,49.82916666666667,14.914290758885645
2025-09-30 13:00:00+00:00,31.2,49.29583333333334,15.354180259762401
2025-10-01 09:00:00+00:00,36.2,48.554166666666674,15.545780335251303
2025-10-01 10:00:00+00:00,38.9,47.47083333333333,15.26047691905805
2025-10-01 11:00:00+00:00,36.2,46.21666666666667,14.877811511184056
2025-10-01 12:00:00+00:00,36.6,44.81666666666666,14.082479607088375
2025-10-01 13:00:00+00:00,45.5,45.02916666666666,14.051380225155324
2025-10-01 14:00:00+00:00,41.8,45.525000000000006,13.699865121519558
2025-10-01 15:00:00+00:00,36.7,45.74583333333334,13.50358983403299
2025-10-01 16:00:00+00:00,58.9,46.73333333333333,13.565290319387836
2025-10-01 17:00:00+00:00,78.6,48.40416666666666,14.910004787176467
2025-10-01 18:00:00+00:00,86.9,50.166666666666664,16.818718005909986
2025-10-01 19:00:00+00:00,40.1,49.725,16.94282585125896
2025-10-01 20:00:00+00:00,42.4,48.987500000000004,16.856589796433305
2025-10-01 21:00:00+00:00,40.3,47.862500000000004,16.478017306333555
2025-10-01 22:00:00+00:00,33.7,45.65416666666667,14.476757358717816
2025-10-01 23:00:00+00:00,39.3,44.65416666666667,14.02677499166037
2025-10-02 00:00:00+00:00,43.5,44.35833333333333,13.970680997583258
2025-10-02 01:00:00+00:00,46.1,44.137499999999996,13.896224463782533
2025-10-02 02:00:00+00:00,47.3,44.020833333333336,13.855684100182856
2025-10-02 03:00:00+00:00,40.9,43.69166666666666,13.831027396422211
2025-10-02 04:00:00+00:00,31.9,43.041666666666664,14.00968350406461
2025-10-02 05:00:00+00:00,25.2,42.27916666666667,14.473964006379632
2025-10-02 06:00:00+00:00,27.2,42.09583333333333,14.642002689305356
2025-10-02 07:00:00+00:00,31.0,42.35,14.381147078878996
2025-10-02 08:00:00+00:00,31.5,42.3625,14.371161113115825
2025-10-02 09:00:00+00:00,33.4,42.24583333333334,14.434589470726483
2025-10-02 10:00:00+00:00,33.6,42.025,14.528240864216759
2025-10-02 11:00:00+00:00,35.9,42.0125,14.533598629741942
2025-10-02 12:00:00+00:00,36.5,42.00833333333333,14.535232059189658
2025-10-02 13:00:00+00:00,29.4,41.3375,14.737199677951988
2025-10-02 14:00:00+00:00,21.2,40.479166666666664,15.29830849321667
2025-10-02 15:00:00+00:00,24.4,39.96666666666667,15.632787914221078
2025-10-02 16:00:00+00:00,39.7,39.166666666666664,15.104092928355808
2025-10-02 17:00:00+00:00,32.7,37.25416666666667,12.590748127327434
2025-10-02 18:00:00+00:00,33.9,35.045833333333334,6.838572134633214
2025-10-02 19:00:00+00:00,41.7,35.112500000000004,6.897530276341355
2025-10-02 20:00:00+00:00,34.4,34.77916666666667,6.721088108507507
2025-10-02 21:00:00+00:00,34.9,34.55416666666667,6.6178269891236345
2025-10-02 22:00:00+00:00,43.3,34.954166666666666,6.850006611654642
2025-10-02 23:00:00+00:00,31.8,34.641666666666666,6.814110466471579
2025-10-03 00:00:00+00:00,36.3,34.34166666666666,6.560946158349098
2025-10-03 01:00:00+00:00,40.7,34.11666666666667,6.224123243070442
2025-10-03 02:00:00+00:00,40.7,33.84166666666666,5.743572336830797
2025-10-03 03:00:00+00:00,43.9,33.96666666666667,5.933374043175945
2025-10-03 04:00:00+00:00,43.0,34.42916666666667,6.192244740604042
2025-10-03 05:00:00+00:00,34.2,34.80416666666667,5.873335410189162
2025-10-03 06:00:00+00:00,30.3,34.93333333333334,5.7312011539178105
2025-10-03 07:00:00+00:00,24.6,34.666666666666664,6.061544262032728
2025-10-03 08:00:00+00:00,22.9,34.30833333333334,6.495544738455547
2025-10-03 09:00:00+00:00,23.0,33.875,6.893490943731377
2025-10-03 10:00:00+00:00,23.6,33.458333333333336,7.205970752976714
2025-10-03 11:00:00+00:00,25.6,33.02916666666666,7.359317026834177
2025-10-03 12:00:00+00:00,31.7,32.829166666666666,7.326039274347192
2025-10-03 13:00:00+00:00,29.1,32.81666666666667,7.332397832293107
2025-10-03 14:00:00+00:00,32.1,33.270833333333336,6.906800628911943
2025-10-03 15:00:00+00:00,28.5,33.44166666666666,6.726192583227813
2025-10-03 16:00:00+00:00,40.3,33.46666666666667,6.751532300581792
2025-10-03 17:00:00+00:00,36.1,33.608333333333334,6.770390565233241
2025-10-03 18:00:00+00:00,40.0,33.862500000000004,6.895166076128514
2025-10-03 19:00:00+00:00,52.1,34.29583333333333,7.690111050629676
2025-10-03 20:00:00+00:00,50.7,34.975,8.387840578195295
2025-10-03 21:00:00+00:00,32.2,34.862500000000004,8.406974976819651
2025-10-03 22:00:00+00:00,56.1,35.395833333333336,9.321759451700334
2025-10-03 23:00:00+00:00,55.8,36.395833333333336,10.168129201051565
2025-10-04 00:00:00+00:00,102.0,39.13333333333333,16.813598706085426
2025-10-04 01:00:00+00:00,106.0,41.854166666666664,21.662489703285026
2025-10-04 02:00:00+00:00,66.0,42.90833333333333,22.21248995824038
2025-10-04 03:00:00+00:00,30.5,42.35,22.354437357384317
2025-10-04 04:00:00+00:00,24.8,41.59166666666666,22.638326806098373
2025-10-04 05:00:00+00:00,24.8,41.2,22.85207630182321
2025-10-04 06:00:00+00:00,24.4,40.954166666666666,23.005651085854105
2025-10-04 07:00:00+00:00,24.0,40.92916666666667,23.024513952603332
2025-10-04 08:00:00+00:00,29.7,41.2125,22.834057562829496
2025-10-04 09:00:00+00:00,28.2,41.42916666666667,22.67786661169814
2025-10-04 10:00:00+00:00,23.2,41.4125,22.691682301058602
2025-10-04 11:00:00+00:00,23.4,41.32083333333333,22.76266927051489
2025-10-04 12:00:00+00:00,11.1,40.4625,23.517113334021666
2025-10-04 13:00:00+00:00,5.91,39.496249999999996,24.461698332824096
2025-10-04 14:00:00+00:00,6.47,38.428333333333335,25.342244961923704
2025-10-04 15:00:00+00:00,6.45,37.50958333333333,26.106020708069384
2025-10-04 16:00:00+00:00,9.39,36.221666666666664,26.717665816209866
2025-10-04 17:00:00+00:00,11.7,35.205,27.18268710523064
2025-10-04 18:00:00+00:00,10.5,33.975833333333334,27.619896407051105
2025-10-04 19:00:00+00:00,8.67,32.16625,27.802923808164696
2025-10-04 20:00:00+00:00,8.13,30.3925,27.926761397876334
2025-10-04 21:00:00+00:00,8.36,29.399166666666662,28.281408075865425
2025-10-04 22:00:00+00:00,8.94,27.43416666666667,27.98233028128675
2025-10-04 23:00:00+00:00,11.4,25.584166666666665,27.488798179664418
2025-10-05 00:00:00+00:00,12.6,21.859166666666667,22.239581423310582
2025-10-05 01:00:00+00:00,18.7,18.221666666666668,13.168677153420454
2025-10-05 02:00:00+00:00,21.5,16.3675,8.428706770679021
2025-10-05 03:00:00+00:00,21.4,15.988333333333332,7.956783633925513
2025-10-05 04:00:00+00:00,22.3,15.884166666666665,7.852085248749318
2025-10-05 05:00:00+00:00,22.6,15.792500000000002,7.755725094350231
2025-10-05 06:00:00+00:00,23.5,15.755,7.714362663522586
2025-10-05 07:00:00+00:00,17.1,15.4675,7.519849819268421
2025-10-05 08:00:00+00:00,17.5,14.959166666666667,6.9029690629512075
2025-10-05 09:00:00+00:00,13.9,14.363333333333335,6.301326062419802
2025-10-05 10:00:00+00:00,9.14,13.777500000000002,6.094238369505361
2025-10-05 11:00:00+00:00,9.53,13.199583333333331,5.792225283247158
2025-10-05 12:00:00+00:00,13.4,13.295416666666668,5.774978245144099
2025-10-05 13:00:00+00:00,17.5,13.778333333333334,5.612856876746824
2025-10-05 14:00:00+00:00,17.7,14.246250000000002,5.44262070226276
2025-10-05 15:00:00+00:00,13.7,14.548333333333332,5.186250775025517
2025-10-05 16:00:00+00:00,13.3,14.71125,5.077437142376665
2025-10-05 17:00:00+00:00,12.7,14.752916666666666,5.055708335670267
2025-10-05 18:00:00+00:00,13.7,14.886249999999999,4.980304524040413
2025-10-05 19:00:00+00:00,12.6,15.049999999999999,4.829351383220336
2025-10-05 20:00:00+00:00,11.1,15.173749999999998,4.680064856945988
2025-10-05 21:00:00+00:00,10.8,15.275416666666665,4.550315783754741
2025-10-05 22:00:00+00:00,10.8,15.352916666666665,4.452509286826792
2025-10-05 23:00:00+00:00,11.0,15.33625,4.468668523125058
2025-10-06 00:00:00+00:00,11.9,15.307083333333333,4.489539996933031
2025-10-06 01:00:00+00:00,14.5,15.132083333333334,4.433037018810965
2025-10-06 02:00:00+00:00,16.0,14.902916666666668,4.226902945951828
2025-10-06 03:00:00+00:00,15.5,14.657083333333334,3.997979358285741
2025-10-06 04:00:00+00:00,15.7,14.382083333333334,3.6623038355741984
2025-10-06 05:00:00+00:00,16.2,14.115416666666667,3.2474123198888445
2025-10-06 06:00:00+00:00,19.2,13.93625,2.794116197671545
2025-10-06 07:00:00+00:00,21.7,14.127916666666666,3.1550359732905027
2025-10-06 08:00:00+00:00,22.2,14.323749999999999,3.500403470533826
2025-10-06 09:00:00+00:00,20.4,14.594583333333333,3.711297650906848
2025-10-06 10:00:00+00:00,20.5,15.067916666666667,3.7098001577104402
2025-10-06 11:00:00+00:00,20.9,15.541666666666666,3.697815649774012
2025-10-06 12:00:00+00:00,20.6,15.841666666666667,3.806963490039823
2025-10-06 13:00:00+00:00,21.2,15.995833333333332,3.9492959379869887
2025-10-06 14:00:00+00:00,21.4,16.15,4.088477977672921
2025-10-06 15:00:00+00:00,24.0,16.579166666666666,4.352208751254488
2025-10-06 16:00:00+00:00,21.2,16.908333333333335,4.39198050469564
2025-10-06 17:00:00+00:00,19.5,17.191666666666666,4.3275574661917275
2025-10-06 18:00:00+00:00,17.2,17.337500000000002,4.263272115457578
2025-10-06 19:00:00+00:00,17.8,17.554166666666667,4.142460848826614
2025-10-06 20:00:00+00:00,19.0,17.883333333333336,3.914928692411904
2025-10-06 21:00:00+00:00,17.9,18.179166666666667,3.6130174269631645
2025-10-06 22:00:00+00:00,17.4,18.454166666666666,3.2609653367583515
2025-10-06 23:00:00+00:00,16.6,18.6875,2.882829603313799
2025-10-07 00:00:00+00:00,16.6,18.883333333333333,2.541082731687147
2025-10-07 01:00:00+00:00,17.7,19.016666666666666,2.3799281440870725
2025-10-07 02:00:00+00:00,19.4,19.15833333333333,2.2921257774636583
2025-10-07 03:00:00+00:00,26.8,19.629166666666666,2.6418832490200024
2025-10-07 04:00:00+00:00,37.6,20.541666666666668,4.4137055975056185
2025-10-07 05:00:00+00:00,35.9,21.362499999999997,5.311661698565064
2025-10-07 06:00:00+00:00,39.0,22.1875,6.389482696622461
2025-10-07 07:00:00+00:00,36.1,22.787499999999998,6.989639071356196
2025-10-07 08:00:00+00:00,30.5,23.13333333333333,7.1625030035152735
2025-10-07 09:00:00+00:00,18.4,23.049999999999997,7.207182407908971
2025-10-07 10:00:00+00:00,16.8,22.895833333333332,7.30303565034075
2025-10-07 11:00:00+00:00,14.6,22.633333333333336,7.488754854804992
2025-10-07 12:00:00+00:00,13.0,22.316666666666666,7.735107242823079
2025-10-07 13:00:00+00:00,16.2,22.108333333333334,7.8332022807417365
2025-10-07 14:00:00+00:00,19.4,22.025000000000002,7.851682179220025
2025-10-07 15:00:00+00:00,21.9,21.9375,7.840408845817181
2025-10-07 16:00:00+00:00,16.7,21.75,7.912290934115735
2025-10-07 17:00:00+00:00,14.5,21.541666666666668,8.038922524960789
2025-10-07 18:00:00+00:00,9.16,21.206666666666667,8.38767349547357
2025-10-07 19:00:00+00:00,8.6,20.823333333333334,8.752432042962106
2025-10-07 20:00:00+00:00,18.1,20.785833333333333,8.762506052428366
2025-10-07 21:00:00+00:00,20.2,20.881666666666664,8.742125732271512
2025-10-07 22:00:00+00:00,25.3,21.210833333333333,8.754051939663253
2025-10-07 23:00:00+00:00,24.5,21.540000000000003,8.721605356813797
2025-10-08 00:00:00+00:00,27.1,21.977499999999996,8.726380419016488
2025-10-08 01:00:00+00:00,31.9,22.569166666666664,8.903347644305784
2025-10-08 02:00:00+00:00,54.1,24.015,10.9488538212912
2025-10-08 03:00:00+00:00,62.9,25.519166666666667,13.524802953371966
2025-10-08 04:00:00+00:00,39.7,25.60666666666667,13.612865611065523
2025-10-08 05:00:00+00:00,47.3,26.081666666666667,14.174940431334687
2025-10-08 06:00:00+00:00,34.8,25.906666666666666,14.033742773468767
2025-10-08 07:00:00+00:00,34.0,25.81916666666667,13.973843241125149
2025-10-08 08:00:00+00:00,32.5,25.902500000000003,14.008890732860335
2025-10-08 09:00:00+00:00,24.5,26.156666666666666,13.92191974101866
2025-10-08 10:00:00+00:00,15.5,26.102500000000003,13.962377164614889
2025-10-08 11:00:00+00:00,13.1,26.039999999999996,14.019345640004596
2025-10-08 12:00:00+00:00,14.1,26.08583333333333,13.976593450936335
2025-10-08 13:00:00+00:00,17.1,26.123333333333335,13.950098228317712
2025-10-08 14:00:00+00:00,23.5,26.29416666666667,13.889155581014492
2025-10-08 15:00:00+00:00,20.6,26.24,13.909557552429575
2025-10-08 16:00:00+00:00,22.4,26.477500000000003,13.78771262991872
2025-10-08 17:00:00+00:00,20.2,26.715000000000003,13.620502767966265
2025-10-08 18:00:00+00:00,19.9,27.162499999999998,13.188229683089228
2025-10-08 19:00:00+00:00,24.8,27.837500000000002,12.598233571832104
2025-10-08 20:00:00+00:00,30.6,28.358333333333334,12.43550025799804
2025-10-08 21:00:00+00:00,27.0,28.641666666666666,12.318452636687836
2025-10-08 22:00:00+00:00,27.8,28.745833333333334,12.299522053869646
2025-10-08 23:00:00+00:00,34.4,29.15833333333333,12.316934848328687
2025-10-09 00:00:00+00:00,44.4,29.879166666666666,12.691763133988827
2025-10-09 01:00:00+00:00,39.2,30.183333333333334,12.829031840751547
2025-10-09 02:00:00+00:00,40.0,29.59583333333333,11.980980549501732
2025-10-09 03:00:00+00:00,39.7,28.629166666666666,9.938965004582796
2025-10-09 04:00:00+00:00,42.8,28.75833333333333,10.107806568350576
2025-10-09 05:00:00+00:00,41.9,28.53333333333333,9.730171215557341
2025-10-09 06:00:00+00:00,43.2,28.883333333333336,10.109086169798358
2025-10-09 07:00:00+00:00,39.0,29.09166666666667,10.26936840980177
2025-10-09 08:00:00+00:00,20.1,28.575000000000003,10.401515357828064
2025-10-09 09:00:00+00:00,21.5,28.45,10.470413803541575
2025-10-09 10:00:00+00:00,17.3,28.524999999999995,10.379672860724217
2025-10-09 11:00:00+00:00,17.7,28.71666666666667,10.121722944356929
2025-10-09 12:00:00+00:00,18.2,28.887500000000003,9.896389877561328
2025-10-09 13:00:00+00:00,19.1,28.97083333333333,9.800775442553766
2025-10-09 14:00:00+00:00,21.6,28.891666666666666,9.854414886416434
2025-10-09 15:00:00+00:00,19.7,28.854166666666668,9.888991647134914
2025-10-09 16:00:00+00:00,18.4,28.6875,10.035125808877666
2025-10-09 17:00:00+00:00,17.4,28.57083333333333,10.153666254402877
2025-10-09 18:00:00+00:00,21.2,28.625,10.108767180672732
2025-10-09 19:00:00+00:00,23.7,28.579166666666666,10.129336609320976
2025-10-09 20:00:00+00:00,23.2,28.270833333333332,10.177660069620929
2025-10-09 21:00:00+00:00,27.3,28.28333333333333,10.17621552045962
2025-10-09 22:00:00+00:00,28.9,28.32916666666667,10.176421134242231
2025-10-09 23:00:00+00:00,27.6,28.04583333333333,10.09437980379137
2025-10-10 00:00:00+00:00,26.1,27.28333333333333,9.477647234490846
2025-10-10 01:00:00+00:00,28.7,26.845833333333335,9.139973321560808
2025-10-10 02:00:00+00:00,29.7,26.416666666666668,8.727999256100766
2025-10-10 03:00:00+00:00,26.3,25.858333333333334,8.257219063744733
2025-10-10 04:00:00+00:00,21.3,24.962500000000002,7.467833193684664
2025-10-10 05:00:00+00:00,17.1,23.92916666666667,6.698441036453443
2025-10-10 06:00:00+00:00,12.4,22.645833333333332,5.72568425124286
2025-10-10 07:00:00+00:00,11.4,21.495833333333334,5.027271640256828
2025-10-10 08:00:00+00:00,13.2,21.208333333333332,5.300444334669557
2025-10-10 09:00:00+00:00,12.3,20.825,5.602503322467909
2025-10-10 10:00:00+00:00,13.3,20.65833333333333,5.768951126630591
2025-10-10 11:00:00+00:00,15.2,20.554166666666667,5.846736671866454
2025-10-10 12:00:00+00:00,13.7,20.366666666666667,5.995771456812038
2025-10-10 13:00:00+00:00,17.1,20.28333333333333,6.027954203878881
2025-10-10 14:00:00+00:00,18.6,20.158333333333335,6.030568267020241
2025-10-10 15:00:00+00:00,32.3,20.683333333333334,6.517712766772406
2025-10-10 16:00:00+00:00,36.6,21.441666666666666,7.257315150137055
2025-10-10 17:00:00+00:00,26.5,21.820833333333336,7.274671913514614
2025-10-10 18:00:00+00:00,24.3,21.950000000000003,7.290673017183068
2025-10-10 19:00:00+00:00,28.9,22.166666666666668,7.421043326781889
2025-10-10 20:00:00+00:00,30.0,22.45,7.59009652227126
2025-10-10 21:00:00+00:00,31.4,22.620833333333334,7.748490970430535
2025-10-10 22:00:00+00:00,26.8,22.53333333333333,7.686106418991408
2025-10-10 23:00:00+00:00,35.3,22.854166666666668,8.058480769899715
2025-10-11 00:00:00+00:00,33.4,23.15833333333333,8.31985141311038
2025-10-11 01:00:00+00:00,38.4,23.5625,8.821259522609017
2025-10-11 02:00:00+00:00,39.8,23.983333333333334,9.351757178137348
2025-10-11 03:00:00+00:00,23.0,23.845833333333335,9.34046731754615
2025-10-11 04:00:00+00:00,16.9,23.662499999999998,9.435308916396375
2025-10-11 05:00:00+00:00,11.3,23.420833333333334,9.68176139053175
2025-10-11 06:00:00+00:00,21.2,23.787499999999998,9.409029543822497
2025-10-11 07:00:00+00:00,13.8,23.8875,9.283567178903821
2025-10-11 08:00:00+00:00,15.5,23.983333333333334,9.179735085060292
2025-10-11 09:00:00+00:00,12.8,24.004166666666666,9.152594270700565
2025-10-11 10:00:00+00:00,12.2,23.958333333333332,9.211095231421815
2025-10-11 11:00:00+00:00,13.15,23.872916666666665,9.304872253015105
2025-10-11 12:00:00+00:00,14.1,23.889583333333334,9.28619802351247
2025-10-11 13:00:00+00:00,16.0,23.84375,9.32380441688642
2025-10-11 14:00:00+00:00,20.8,23.93541666666667,9.28072428731208
2025-10-11 15:00:00+00:00,29.5,23.818750000000005,9.188139951093063
2025-10-11 16:00:00+00:00,26.0,23.377083333333335,8.793327252335693
2025-10-11 17:00:00+00:00,23.9,23.26875,8.769163022130366
2025-10-11 18:00:00+00:00,31.6,23.572916666666668,8.931587559923633
2025-10-11 19:00:00+00:00,30.0,23.618750000000002,8.962880123526062
2025-10-11 20:00:00+00:00,28.3,23.547916666666666,8.916856035507914
2025-10-11 21:00:00+00:00,27.3,23.37708333333333,8.79836915677238
2025-10-11 22:00:00+00:00,25.4,23.318750000000005,8.77930883310067
2025-10-11 23:00:00+00:00,39.3,23.485416666666666,9.050432119958357
2025-10-12 00:00:00+00:00,39.6,23.743750000000002,9.426411928609367
2025-10-12 01:00:00+00:00,36.1,23.64791666666667,9.281508956764284
2025-10-12 02:00:00+00:00,41.1,23.70208333333333,9.38310784667435
2025-10-12 03:00:00+00:00,43.1,24.53958333333333,10.18083215150433
2025-10-12 04:00:00+00:00,32.5,25.18958333333333,10.16986147533677
2025-10-12 05:00:00+00:00,41.5,26.447916666666668,10.244632520057374
2025-10-12 06:00:00+00:00,31.6,26.881249999999998,10.232947772206122
2025-10-12 07:00:00+00:00,42.2,28.064583333333335,10.29635308132762
2025-10-12 08:00:00+00:00,20.7,28.28125,10.072744245260932
2025-10-12 09:00:00+00:00,19.6,28.56458333333333,9.707353545757014
2025-10-12 10:00:00+00:00,15.3,28.693749999999998,9.498516045426243
2025-10-12 11:00:00+00:00,15.9,28.808333333333337,9.317721155745875
2025-10-12 12:00:00+00:00,21.0,29.095833333333335,8.94307986860423
2025-10-12 13:00:00+00:00,25.7,29.5,8.535399432848072
2025-10-12 14:00:00+00:00,26.1,29.72083333333333,8.367430604883348
2025-10-12 15:00:00+00:00,27.5,29.6375,8.379675852400654
2025-10-12 16:00:00+00:00,27.6,29.704166666666666,8.355809182924867
2025-10-12 17:00:00+00:00,30.2,29.966666666666665,8.263995594650812
2025-10-12 18:00:00+00:00,34.3,30.079166666666666,8.305471175633421
2025-10-12 19:00:00+00:00,32.4,30.179166666666664,8.318913974200427
2025-10-12 20:00:00+00:00,31.0,30.291666666666668,8.310648834957064
2025-10-12 21:00:00+00:00,29.0,30.3625,8.291263736477587
2025-10-12 22:00:00+00:00,26.4,30.404166666666665,8.26772031913057
2025-10-12 23:00:00+00:00,30.8,30.05,8.049250572731037
2025-10-13 00:00:00+00:00,32.6,29.75833333333333,7.811469642200291
2025-10-13 01:00:00+00:00,33.6,29.654166666666665,7.739564034832816
2025-10-13 02:00:00+00:00,35.8,29.433333333333337,7.469687535905385
2025-10-13 03:00:00+00:00,29.4,28.8625,6.880079151466003
2025-10-13 04:00:00+00:00,27.2,28.641666666666666,6.843207782438406
2025-10-13 05:00:00+00:00,25.1,27.958333333333332,6.300718845577619
2025-10-13 06:00:00+00:00,41.3,28.3625,6.833091635881246
2025-10-13 07:00:00+00:00,24.8,27.6375,6.194304010453115
2025-10-13 08:00:00+00:00,22.1,27.695833333333336,6.132414175770492
2025-10-13 09:00:00+00:00,17.8,27.620833333333334,6.245692718684964
2025-10-13 10:00:00+00:00,16.2,27.658333333333335,6.170752661207512
2025-10-13 11:00:00+00:00,17.2,27.712499999999995,6.067899321339761
2025-10-13 12:00:00+00:00,17.6,27.57083333333333,6.267825305317109
2025-10-13 13:00:00+00:00,19.1,27.295833333333334,6.494176599858326
2025-10-13 14:00:00+00:00,22.9,27.162499999999998,6.552385061945195
2025-10-13 15:00:00+00:00,29.9,27.2625,6.576031081329469
2025-10-13 16:00:00+00:00,31.1,27.40833333333333,6.622485850538468
2025-10-13 17:00:00+00:00,34.7,27.595833333333335,6.767086532986705
2025-10-13 18:00:00+00:00,37.0,27.708333333333332,6.90443566731275
2025-10-13 19:00:00+00:00,34.2,27.78333333333333,6.967106982826331
2025-10-13 20:00:00+00:00,32.3,27.837500000000002,6.998186876986058
2025-10-13 21:00:00+00:00,33.2,28.0125,7.080549751439584
2025-10-13 22:00:00+00:00,41.7,28.650000000000002,7.5988557491016095
2025-10-13 23:00:00+00:00,35.4,28.841666666666665,7.712604966048841
2025-10-14 00:00:00+00:00,33.6,28.883333333333336,7.736456141101738
2025-10-14 01:00:00+00:00,41.0,29.191666666666666,8.07276239918069
2025-10-14 02:00:00+00:00,49.0,29.741666666666664,8.945094194301692
2025-10-14 03:00:00+00:00,47.8,30.50833333333333,9.673402201135326
2025-10-14 04:00:00+00:00,35.8,30.86666666666667,9.704757536413874
2025-10-14 05:00:00+00:00,25.8,30.895833333333332,9.68770979202489
2025-10-14 06:00:00+00:00,22.0,30.09166666666667,9.587034571965422
2025-10-14 07:00:00+00:00,20.2,29.900000000000002,9.742154033754218
2025-10-14 08:00:00+00:00,19.1,29.775000000000002,9.865056909419694
2025-10-14 09:00:00+00:00,18.5,29.80416666666667,9.829081923011817
2025-10-14 10:00:00+00:00,30.2,30.3875,9.392333251809463
2025-10-14 11:00:00+00:00,20.2,30.512500000000003,9.227714046379058
2025-10-14 12:00:00+00:00,20.4,30.629166666666666,9.073778713685371
2025-10-14 13:00:00+00:00,25.0,30.875,8.824336408109136
2025-10-14 14:00:00+00:00,30.3,31.183333333333334,8.661341730916309
2025-10-14 15:00:00+00:00,41.9,31.683333333333337,8.926349205858441
2025-10-14 16:00:00+00:00,29.3,31.608333333333334,8.939016416404868
2025-10-14 17:00:00+00:00,30.8,31.44583333333333,8.915788592821512
2025-10-14 18:00:00+00:00,36.2,31.412499999999998,8.895593071120029
2025-10-14 19:00:00+00:00,34.8,31.4375,8.904606160272747
2025-10-14 20:00:00+00:00,33.4,31.48333333333333,8.912066401022493
2025-10-14 21:00:00+00:00,29.7,31.337500000000002,8.911390488289959
2025-10-14 22:00:00+00:00,27.9,30.7625,8.655222725891274
2025-10-14 23:00:00+00:00,37.1,30.833333333333332,8.701657346719205
2025-10-15 00:00:00+00:00,42.4,31.2,9.003477589001614
2025-10-15 01:00:00+00:00,48.3,31.504166666666666,9.460649815289559
2025-10-15 02:00:00+00:00,54.6,31.7375,9.966457331425874
2025-10-15 03:00:00+00:00,54.6,32.020833333333336,10.524008955372269
2025-10-15 04:00:00+00:00,50.7,32.641666666666666,11.175941421941541
2025-10-15 05:00:00+00:00,44.1,33.40416666666667,11.312304926655095
2025-10-15 06:00:00+00:00,30.7,33.766666666666666,11.067723015761873
2025-10-15 07:00:00+00:00,23.7,33.9125,10.903023613339805
2025-10-15 08:00:00+00:00,22.5,34.05416666666667,10.722790809934933
2025-10-15 09:00:00+00:00,21.2,34.166666666666664,10.565516784688676
2025-10-15 10:00:00+00:00,19.4,33.71666666666667,10.964276643666127
2025-10-15 11:00:00+00:00,18.9,33.6625,11.036926655550538
2025-10-15 12:00:00+00:00,22.4,33.74583333333333,10.939556431937183
2025-10-15 13:00:00+00:00,30.1,33.958333333333336,10.811061833650587
2025-10-15 14:00:00+00:00,34.0,34.112500000000004,10.782970168380128
2025-10-15 15:00:00+00:00,33.7,33.770833333333336,10.654636841858382
2025-10-15 16:00:00+00:00,38.7,34.1625,10.655915381078133
2025-10-15 17:00:00+00:00,35.7,34.36666666666667,10.635611495539868
2025-10-15 18:00:00+00:00,47.4,34.833333333333336,10.960310479046806
2025-10-15 19:00:00+00:00,33.4,34.775,10.964220466352563
2025-10-15 20:00:00+00:00,49.3,35.4375,11.351070146830324
2025-10-15 21:00:00+00:00,52.5,36.387499999999996,11.795404871684488
2025-10-15 22:00:00+00:00,48.1,37.229166666666664,11.883802610812548
2025-10-15 23:00:00+00:00,45.1,37.5625,11.991729486898794
2025-10-16 00:00:00+00:00,43.8,37.62083333333334,12.01965705821522
2025-10-16 01:00:00+00:00,48.9,37.645833333333336,12.043435129154242
2025-10-16 02:00:00+00:00,61.4,37.92916666666667,12.52980721482103
2025-10-16 03:00:00+00:00,96.2,39.6625,17.011985864192326
2025-10-16 04:00:00+00:00,69.5,40.44583333333333,17.949324297967998
2025-10-16 05:00:00+00:00,44.9,40.479166666666664,17.95714655280292
2025-10-16 06:00:00+00:00,44.8,41.06666666666667,17.853648188064803
2025-10-16 07:00:00+00:00,74.2,43.17083333333333,18.674872193653062
2025-10-16 08:00:00+00:00,61.7,44.80416666666667,18.501809057651574
2025-10-16 09:00:00+00:00,31.9,45.25,18.031228948446778
2025-10-16 10:00:00+00:00,22.6,45.38333333333333,17.842613053577967
2025-10-16 11:00:00+00:00,22.7,45.541666666666664,17.612765051337735
2025-10-16 12:00:00+00:00,26.7,45.72083333333333,17.387551248114203
2025-10-16 13:00:00+00:00,32.1,45.80416666666667,17.314067644715895
2025-10-16 14:00:00+00:00,49.4,46.44583333333333,17.14209106940821
2025-10-16 15:00:00+00:00,65.0,47.75,17.319955818800977
2025-10-16 16:00:00+00:00,57.6,48.537499999999994,17.32025234528493
2025-10-16 17:00:00+00:00,69.8,49.958333333333336,17.617479380153824
2025-10-16 18:00:00+00:00,86.7,51.59583333333333,19.130773732998584
2025-10-16 19:00:00+00:00,93.6,54.104166666666664,20.536234767011138
2025-10-16 20:00:00+00:00,109.0,56.59166666666667,23.351676537273487
2025-10-16 21:00:00+00:00,143.0,60.36249999999999,29.229464177212623
2025-10-16 22:00:00+00:00,144.0,64.35833333333333,33.69426369275786
2025-10-16 23:00:00+00:00,117.0,67.35416666666667,35.07559512236969
2025-10-17 00:00:00+00:00,88.2,69.20416666666667,34.949932875057335
2025-10-17 01:00:00+00:00,127.0,72.45833333333333,36.575353030085175
2025-10-17 02:00:00+00:00,96.8,73.93333333333334,36.82296857251941
2025-10-17 03:00:00+00:00,49.8,72.0,36.82114231985653
2025-10-17 04:00:00+00:00,49.5,71.16666666666667,37.10540411439757
2025-10-17 05:00:00+00:00,72.5,72.31666666666668,36.68120792030645
2025-10-17 06:00:00+00:00,74.6,73.55833333333332,36.21061478611492
2025-10-17 07:00:00+00:00,66.4,73.23333333333333,36.23959720798646
2025-10-17 08:00:00+00:00,53.6,72.89583333333333,36.38908674393972
2025-10-17 09:00:00+00:00,36.9,73.10416666666667,36.15775194010708
2025-11-16 10:00:00+00:00,48.7,74.19166666666666,34.944874808222124
2025-11-16 11:00:00+00:00,46.2,75.17083333333333,33.74807536111813
2025-11-16 12:00:00+00:00,40.7,75.75416666666666,32.98622873612384
2025-11-16 13:00:00+00:00,42.9,76.20416666666667,32.4338454351337
2025-11-16 14:00:00+00:00,47.6,76.12916666666666,32.5005348339493
2025-11-16 15:00:00+00:00,55.3,75.725,32.70462339340336
2025-11-16 16:00:00+00:00,69.0,76.2,32.512151574449796
2025-11-16 17:00:00+00:00,81.7,76.69583333333334,32.50104318281203
2025-11-16 18:00:00+00:00,98.1,77.17083333333333,32.736065461262385
2025-11-16 19:00:00+00:00,87.4,76.9125,32.62505455600966
2025-11-16 20:00:00+00:00,80.5,75.725,31.917342294283106
2025-11-16 21:00:00+00:00,105.0,74.14166666666667,29.2674461782558
2025-11-16 22:00:00+00:00,136.0,73.80833333333334,28.471968161939408
2025-11-16 23:00:00+00:00,167.0,75.89166666666667,33.205564183636774
2025-11-17 00:00:00+00:00,152.0,78.55,36.612779902295195
2025-11-17 01:00:00+00:00,157.0,79.8,38.78642747820088
2025-11-17 02:00:00+00:00,142.0,81.68333333333334,40.69804681422378
2025-11-17 03:00:00+00:00,143.0,85.56666666666666,41.95073370003212
2025-11-17 04:00:00+00:00,237.0,93.37916666666666,51.34845985723564
2025-11-17 05:00:00+00:00,115.0,95.14999999999999,51.32993871704549
2025-11-17 06:00:00+00:00,46.2,93.96666666666665,52.145170827025815
2025-11-17 07:00:00+00:00,43.3,93.00416666666666,52.88407732066397
2025-11-17 08:00:00+00:00,40.4,92.45416666666667,53.378036349164695
2025-11-17 09:00:00+00:00,37.5,92.47916666666667,53.351019542571805
2025-11-17 10:00:00+00:00,36.9,91.98750000000001,53.82428991433703
2025-11-17 11:00:00+00:00,38.4,91.66249999999998,54.13543252203514
2025-11-17 12:00:00+00:00,39.0,91.59166666666665,54.20607952961557
2025-11-17 13:00:00+00:00,47.3,91.77499999999999,54.041427345742925
2025-11-17 14:00:00+00:00,42.0,91.54166666666667,54.252132129343124
2025-11-17 15:00:00+00:00,87.8,92.89583333333333,53.71109900008652
2025-11-17 16:00:00+00:00,51.1,92.14999999999999,54.17958062334678
2025-11-17 17:00:00+00:00,55.2,91.04583333333333,54.66962417989545
2025-11-17 18:00:00+00:00,66.4,89.72500000000001,54.874340641775
2025-11-17 19:00:00+00:00,116.0,90.91666666666667,55.13159487646973
2025-11-17 20:00:00+00:00,196.0,95.72916666666667,59.08228954945628
2025-11-17 21:00:00+00:00,231.0,100.97916666666667,65.22110874067009
2025-11-17 22:00:00+00:00,216.0,104.3125,69.02233609806882
2025-11-17 23:00:00+00:00,215.0,106.3125,71.56629831385592
2025-11-18 00:00:00+00:00,120.0,104.97916666666667,70.97373659482693
2025-11-18 01:00:00+00:00,101.0,102.64583333333333,70.10434446108768
2025-11-18 02:00:00+00:00,88.2,100.40416666666665,69.64992262030508
2025-11-18 03:00:00+00:00,120.0,99.44583333333333,69.19509896672224
2025-11-18 04:00:00+00:00,119.5,94.55,62.9108686262107
2025-11-18 05:00:00+00:00,119.0,94.71666666666665,62.97266948009485
2025-11-18 06:00:00+00:00,73.6,95.85833333333335,62.29961906971726
2025-11-18 07:00:00+00:00,63.0,96.67916666666667,61.70395645948173
2025-11-18 08:00:00+00:00,48.9,97.03333333333332,61.39047983598717
2025-11-18 09:00:00+00:00,43.6,97.28750000000001,61.145424035121195
2025-11-18 10:00:00+00:00,43.0,97.54166666666667,60.89566213341194
2025-11-18 11:00:00+00:00,40.5,97.62916666666668,60.80843390565132
2025-11-18 12:00:00+00:00,40.7,97.7,60.73811925335503
2025-11-18 13:00:00+00:00,46.2,97.65416666666665,60.77820675757603
2025-11-18 14:00:00+00:00,53.8,98.14583333333333,60.354668989570094
2025-11-18 15:00:00+00:00,64.0,97.15416666666665,60.726428450212964
2025-11-18 16:00:00+00:00,76.7,98.22083333333332,60.10395327493322
2025-11-18 17:00:00+00:00,90.6,99.69583333333334,59.43291050797755
2025-11-18 18:00:00+00:00,167.0,103.8875,60.52013184631742
2025-11-18 19:00:00+00:00,232.0,108.72083333333335,65.92064385480374
2025-11-18 20:00:00+00:00,201.0,108.92916666666667,66.21571125244111
2025-11-18 21:00:00+00:00,189.0,107.17916666666667,63.341901641987185
2025-11-18 22:00:00+00:00,197.0,106.3875,62.02779399802044
2025-11-18 23:00:00+00:00,182.0,105.0125,59.84272366868798
2025-11-19 00:00:00+00:00,184.0,107.67916666666667,61.9292090891349
2025-11-19 01:00:00+00:00,186.0,111.22083333333335,63.928873378538945
2025-11-19 02:00:00+00:00,163.0,114.33750000000002,64.57779812651988
2025-11-19 03:00:00+00:00,180.0,116.83750000000002,65.95328262588924
2025-11-19 04:00:00+00:00,179.0,119.31666666666668,67.16488255982698
2025-11-19 05:00:00+00:00,77.3,117.57916666666667,67.71058602718571
2025-11-19 06:00:00+00:00,38.6,116.12083333333332,69.06239761616116
2025-11-19 07:00:00+00:00,42.9,115.28333333333332,69.85194695034357
2025-11-19 08:00:00+00:00,41.9,114.99166666666667,70.1551381282732
2025-11-19 09:00:00+00:00,43.0,114.96666666666665,70.18178672850803
2025-11-19 10:00:00+00:00,42.5,114.94583333333333,70.20414938292252
2025-11-19 11:00:00+00:00,42.2,115.01666666666665,70.12658533690687
2025-11-19 12:00:00+00:00,44.2,115.16250000000001,69.96878069352874
2025-11-19 13:00:00+00:00,51.0,115.36250000000001,69.76966334957503
2025-11-19 14:00:00+00:00,50.2,115.21249999999999,69.91149878985192
2025-11-19 15:00:00+00:00,50.9,114.66666666666667,70.37830487516332
2025-11-19 16:00:00+00:00,53.0,113.67916666666667,71.09679243768684
2025-11-19 17:00:00+00:00,56.5,112.25833333333333,71.91410889367262
2025-11-19 18:00:00+00:00,59.8,107.79166666666667,71.69503600951593
2025-11-19 19:00:00+00:00,57.9,100.53749999999998,67.25118917649088
2025-11-19 20:00:00+00:00,69.0,95.03749999999998,63.996778536450336
2025-11-19 21:00:00+00:00,124.0,92.32916666666665,61.15992918901876
2025-11-19 22:00:00+00:00,197.0,92.32916666666667,61.15992918901876
2025-11-19 23:00:00+00:00,221.0,93.95416666666667,64.09378304767407
2025-11-20 00:00:00+00:00,205.0,94.82916666666667,65.50434754351379
2025-11-20 01:00:00+00:00,89.6,90.8125,62.56018536959632
2025-11-20 02:00:00+00:00,104.0,88.35416666666667,60.73273581253652
2025-11-20 03:00:00+00:00,109.0,85.39583333333333,57.729485188635806
2025-11-20 04:00:00+00:00,134.0,83.52083333333333,55.23396859027855
2025-11-20 05:00:00+00:00,125.0,85.50833333333334,55.85509915351747
2025-11-20 06:00:00+00:00,118.0,88.81666666666666,55.30463198359222
2025-11-20 07:00:00+00:00,69.0,89.90416666666665,54.61478919922108
2025-11-20 08:00:00+00:00,47.7,90.14583333333333,54.40557020049117
2025-11-20 09:00:00+00:00,44.7,90.21666666666665,54.34259012459075
2025-11-20 10:00:00+00:00,44.3,90.29166666666667,54.27507167933631
2025-11-20 11:00:00+00:00,47.5,90.5125,54.08132613903356
2025-11-20 12:00:00+00:00,45.7,90.575,54.026316051410994
2025-11-20 13:00:00+00:00,44.7,90.3125,54.2418361919861
2025-11-20 14:00:00+00:00,48.0,90.22083333333332,54.31438258690873
2025-11-20 15:00:00+00:00,67.3,90.90416666666665,53.89975783737371
2025-11-20 16:00:00+00:00,110.0,93.27916666666665,53.41054267502411
2025-11-20 17:00:00+00:00,102.0,95.175,52.85289881400517
2025-11-20 18:00:00+00:00,126.0,97.93333333333334,52.65352431878038
2025-11-20 19:00:00+00:00,143.0,101.47916666666667,52.70576223894685
2025-11-20 20:00:00+00:00,159.0,105.22916666666667,53.490303706183035
2025-11-20 21:00:00+00:00,157.0,106.60416666666667,54.41003327525615
2025-11-20 22:00:00+00:00,166.0,105.3125,52.50540603636417
2025-11-20 23:00:00+00:00,159.0,102.72916666666667,47.88818025328383
2025-11-21 00:00:00+00:00,159.0,100.8125,44.41127268278108
2025-11-21 01:00:00+00:00,157.0,103.62083333333334,45.78130413139192
2025-11-21 02:00:00+00:00,134.0,104.87083333333334,46.19975041497286
2025-11-21 03:00:00+00:00,173.0,107.53750000000001,48.25000844784774
2025-11-21 04:00:00+00:00,230.0,111.53750000000001,54.15688010810321
2025-11-21 05:00:00+00:00,218.0,115.41250000000001,58.328494882153244
2025-11-21 06:00:00+00:00,199.0,118.78750000000001,60.77674979148997
2025-11-21 07:00:00+00:00,161.0,122.62083333333334,60.40016541272087
2025-11-21 08:00:00+00:00,99.6,124.78333333333332,58.5003654144414
2025-11-21 09:00:00+00:00,88.2,126.59583333333335,56.55274167164394
2025-11-21 10:00:00+00:00,83.0,128.20833333333334,54.62300770750797
2025-11-21 11:00:00+00:00,80.1,129.56666666666666,52.907126721936024
2025-11-21 12:00:00+00:00,86.3,131.25833333333333,50.71252239374624
2025-11-21 13:00:00+00:00,109.0,133.9375,47.54005004935979
2025-11-21 14:00:00+00:00,106.0,136.35416666666666,44.348608910751885
2025-11-21 15:00:00+00:00,129.0,138.92499999999998,41.89187168226622
2025-11-21 16:00:00+00:00,155.0,140.79999999999998,41.546589877326426
2025-11-21 17:00:00+00:00,189.0,144.42499999999998,41.8086557503605
2025-11-21 18:00:00+00:00,200.0,147.50833333333333,43.09953007578622
2025-11-21 19:00:00+00:00,219.0,150.67499999999998,45.48012705041308
2025-11-21 20:00:00+00:00,246.0,154.29999999999998,49.465112870631586
2025-11-21 21:00:00+00:00,238.0,157.67499999999998,52.337269537191844
2025-11-21 22:00:00+00:00,207.0,159.38333333333333,53.28144033392814
2025-11-21 23:00:00+00:00,228.0,162.25833333333333,55.090715043988524
2025-11-22 00:00:00+00:00,206.0,164.21666666666667,55.80064411866536
2025-11-22 01:00:00+00:00,172.0,164.84166666666667,55.80030323017682
2025-11-22 02:00:00+00:00,282.0,171.00833333333333,60.24468164632159
2025-11-22 03:00:00+00:00,320.0,177.13333333333333,67.49263191133392
2025-11-22 04:00:00+00:00,200.0,175.88333333333333,66.7446051665642
2025-11-22 05:00:00+00:00,175.0,174.09166666666667,66.13927936833215
2025-11-22 06:00:00+00:00,164.0,172.63333333333333,65.95178519960216
2025-11-22 07:00:00+00:00,134.0,171.50833333333333,66.38769475206021
2025-11-22 08:00:00+00:00,174.0,174.60833333333335,64.59682935190247
2025-11-22 09:00:00+00:00,146.0,177.01666666666668,62.270829702871524
2025-11-22 10:00:00+00:00,101.0,177.76666666666668,61.18823179456075
2025-11-22 11:00:00+00:00,107.0,178.88750000000002,59.54573917878418
2025-11-22 12:00:00+00:00,108.0,179.79166666666666,58.22891793651963
2025-11-22 13:00:00+00:00,111.0,179.875,58.124538333837165
2025-11-22 14:00:00+00:00,126.0,180.70833333333334,57.154618031431255
2025-11-22 15:00:00+00:00,131.0,180.79166666666666,57.07735343691301
2025-11-22 16:00:00+00:00,154.0,180.75,57.09736154720409
2025-11-22 17:00:00+00:00,174.0,180.125,57.08522423610967
2025-11-22 18:00:00+00:00,277.0,183.33333333333334,60.32280314864446
2025-11-22 19:00:00+00:00,278.0,185.79166666666666,62.98307513628684
2025-11-22 20:00:00+00:00,286.0,187.45833333333334,65.13796673327232
2025-11-22 21:00:00+00:00,275.0,189.0,66.80275964099191
2025-11-22 22:00:00+00:00,345.0,194.75,73.97370273044426
2025-11-22 23:00:00+00:00,252.0,195.75,74.60227878557036
2025-11-23 00:00:00+00:00,225.0,196.54166666666666,74.81628465297729
2025-11-23 01:00:00+00:00,207.0,198.0,74.65806109829322
2025-11-23 02:00:00+00:00,197.0,194.45833333333334,72.48446860125112
2025-11-23 03:00:00+00:00,197.0,189.33333333333334,67.39156615189887
2025-11-23 04:00:00+00:00,176.0,188.33333333333334,67.40446809255707
2025-11-23 05:00:00+00:00,123.0,186.16666666666666,68.67546025022094
2025-11-23 06:00:00+00:00,113.0,184.04166666666666,70.16408047146177
2025-11-23 07:00:00+00:00,103.0,182.75,71.39982340740531
2025-11-23 08:00:00+00:00,71.0,178.45833333333334,74.95562697017964
2025-11-23 09:00:00+00:00,57.1,174.75416666666663,78.73095617446099
2025-11-23 10:00:00+00:00,55.425,172.85520833333337,81.1011680272822
2025-11-23 11:00:00+00:00,53.75,170.63645833333334,83.66890784617706
2025-11-23 12:00:00+00:00,52.075,168.30625,86.22880528809972
2025-11-23 13:00:00+00:00,50.4,165.78125,88.82792850873054
2025-11-23 14:00:00+00:00,50.6,162.63958333333332,91.58662118592208
2025-11-23 15:00:00+00:00,66.1,159.93541666666667,93.49955560132302
2025-11-23 16:00:00+00:00,70.4,156.45208333333332,95.27077969063907
2025-11-23 17:00:00+00:00,134.0,154.78541666666666,95.30032475099388
2025-11-23 18:00:00+00:00,143.0,149.20208333333332,91.68562038074138
2025-11-23 19:00:00+00:00,146.0,143.70208333333332,87.4864383641539
2025-11-23 20:00:00+00:00,160.0,138.45208333333332,82.19663423920467
2025-11-23 21:00:00+00:00,146.0,133.07708333333332,76.92821502680351
2025-11-23 22:00:00+00:00,148.0,124.86874999999999,62.48728055355134
2025-11-23 23:00:00+00:00,188.0,122.20208333333333,58.03286873976369
2025-11-24 00:00:00+00:00,149.0,119.03541666666666,54.12134861499455
2025-11-24 01:00:00+00:00,156.0,116.91041666666666,51.45280917071435
2025-11-24 02:00:00+00:00,188.0,116.53541666666666,50.873251981862936
2025-11-24 03:00:00+00:00,165.5,115.22291666666666,49.08185538546487
2025-11-24 04:00:00+00:00,143.0,113.84791666666666,47.749342652353455
2025-11-24 05:00:00+00:00,120.0,113.72291666666666,47.72826441147699
2025-11-24 06:00:00+00:00,91.6,112.83125000000001,47.94177869063388
2025-11-24 07:00:00+00:00,72.6,111.56458333333335,48.60976760220684
2025-11-24 08:00:00+00:00,68.9,111.47708333333334,48.687788017045214
2025-11-24 09:00:00+00:00,76.3,112.27708333333334,47.9069370241535
2025-11-24 10:00:00+00:00,102.0,114.21770833333333,46.42422090796149
2025-11-24 11:00:00+00:00,83.1,115.440625,45.130663448347626
2025-11-24 12:00:00+00:00,89.2,116.98750000000001,43.4700327812158
2025-11-24 13:00:00+00:00,84.3,118.39999999999999,41.72815752504247
2025-11-24 14:00:00+00:00,78.0,119.54166666666667,40.13701443226947
2025-11-24 15:00:00+00:00,104.0,121.12083333333332,38.66141745041609
2025-11-24 16:00:00+00:00,161.0,124.89583333333333,37.909474313865104
2025-11-24 17:00:00+00:00,120.0,124.3125,37.87098594025421
2025-11-24 18:00:00+00:00,128.0,123.6875,37.6724246112051
2025-11-24 19:00:00+00:00,113.0,122.3125,37.42404844714009
2025-11-24 20:00:00+00:00,85.8,119.22083333333335,37.239693399553246
2025-11-25 12:00:00+00:00,73.5,116.2,37.90751904306026
2025-11-25 13:00:00+00:00,89.2,113.75,37.662251889541615
2025-11-25 14:00:00+00:00,98.3,110.0125,34.271693383772
2025-11-25 15:00:00+00:00,101.0,108.0125,33.28390801286221
2025-11-25 16:00:00+00:00,96.3,105.52500000000002,31.73648634013175
2025-11-25 17:00:00+00:00,93.2,101.575,26.491200343739667
2025-11-25 18:00:00+00:00,84.1,98.18333333333334,22.92133364863099
2025-11-25 19:00:00+00:00,87.8,95.88333333333334,20.90998651916982
2025-11-25 20:00:00+00:00,101.0,95.09166666666668,20.30823171431473
2025-11-25 21:00:00+00:00,108.0,95.77499999999999,20.46097558131357
2025-11-25 22:00:00+00:00,85.2,96.3,19.99686932018798
2025-11-25 23:00:00+00:00,71.3,96.39999999999999,19.85941896781248
2025-11-26 00:00:00+00:00,71.7,96.20833333333333,20.082783382932178
2025-11-26 01:00:00+00:00,75.8,95.11666666666667,20.462769302716865
2025-11-26 02:00:00+00:00,107.0,96.11250000000001,20.434078792226877
2025-11-26 03:00:00+00:00,135.0,98.02083333333333,21.85002197126829
2025-11-26 04:00:00+00:00,138.0,100.25833333333334,23.09776794536542
2025-11-26 05:00:00+00:00,102.0,101.25833333333334,22.606519195685713
2025-11-26 06:00:00+00:00,69.5,99.82083333333334,23.503690351621525
2025-11-26 07:00:00+00:00,53.2,95.32916666666667,21.52061658981398
2025-11-26 08:00:00+00:00,52.4,92.5125,22.55043260936573
2025-11-26 09:00:00+00:00,50.7,89.29166666666667,22.780577476106874
2025-11-26 10:00:00+00:00,56.2,86.925,23.157781113201175
2025-11-26 11:00:00+00:00,63.7,86.00416666666666,23.638849364453907
2025-11-26 12:00:00+00:00,62.3,85.53750000000001,24.004162908889416
2025-11-26 13:00:00+00:00,71.7,84.80833333333332,24.153403156862836
2025-11-26 14:00:00+00:00,83.3,84.18333333333334,23.98257821776039
2025-11-26 15:00:00+00:00,115.0,84.76666666666667,24.572407053558628
2025-11-26 16:00:00+00:00,109.0,85.29583333333333,24.965184090381694
2025-11-26 17:00:00+00:00,84.8,84.94583333333334,24.908370850093306
2025-11-26 18:00:00+00:00,109.0,85.98333333333333,25.385611581411613
2025-11-26 19:00:00+00:00,113.0,87.03333333333332,25.9782629312954
2025-11-26 20:00:00+00:00,88.3,86.50416666666666,25.81020154169992
2025-11-26 21:00:00+00:00,80.7,85.36666666666666,25.420287458892638
2025-11-26 22:00:00+00:00,76.7,85.0125,25.481848825491415
2025-11-26 23:00:00+00:00,73.2,85.09166666666665,25.440312355661124
2025-11-27 00:00:00+00:00,70.7,85.05,25.464006993674303
2025-11-27 01:00:00+00:00,79.6,85.20833333333334,25.415758833869784
2025-11-27 02:00:00+00:00,90.8,84.53333333333333,25.02394795020309
2025-11-27 03:00:00+00:00,92.1,82.74583333333334,22.68521792531034
2025-11-27 04:00:00+00:00,81.5,80.39166666666667,19.39493247724989
2025-11-27 05:00:00+00:00,65.6,78.875,19.051902792109274
2025-11-27 06:00:00+00:00,62.0,78.5625,19.27259402454075
2025-11-27 07:00:00+00:00,59.0,78.80416666666667,18.974799744985454
2025-11-27 08:00:00+00:00,57.9,79.03333333333333,18.67285094244641
2025-11-27 09:00:00+00:00,59.2,79.3875,18.18636164822368
2025-11-27 10:00:00+00:00,59.5,79.52499999999999,18.0150963264745
2025-11-27 11:00:00+00:00,57.8,79.27916666666667,18.27875885727201
2025-11-27 12:00:00+00:00,65.7,79.42083333333333,18.154194129532016
2025-11-27 13:00:00+00:00,66.0,79.18333333333334,18.29632100502234
2025-11-27 14:00:00+00:00,78.9,79.0,18.275310025324337
2025-11-27 15:00:00+00:00,83.6,77.69166666666666,16.636495154162553
2025-11-27 16:00:00+00:00,91.3,76.95416666666667,15.544745489033328
2025-11-27 17:00:00+00:00,88.1,77.09166666666665,15.631515453157451
2025-11-27 18:00:00+00:00,89.1,76.2625,14.339783895648306
2025-11-27 19:00:00+00:00,86.0,75.1375,12.23728488286227
2025-11-27 20:00:00+00:00,85.6,75.02499999999999,12.122894259102193
2025-11-27 21:00:00+00:00,94.3,75.59166666666665,12.703642636341183
2025-11-27 22:00:00+00:00,91.2,76.19583333333333,13.097343878307848
2025-11-27 23:00:00+00:00,87.5,76.79166666666667,13.27914077454284
2025-11-28 00:00:00+00:00,83.8,77.33749999999999,13.28709123466239
2025-11-28 01:00:00+00:00,81.6,77.42083333333333,13.308153080190289
2025-11-28 02:00:00+00:00,80.4,76.9875,13.019761318188209
2025-11-28 03:00:00+00:00,91.7,76.97083333333333,12.999815355432693
2025-11-28 04:00:00+00:00,103.0,77.86666666666666,14.025804376426267
2025-11-28 05:00:00+00:00,103.0,79.425,14.66668066534181
2025-11-28 06:00:00+00:00,87.6,80.49166666666666,14.269850145968123
2025-11-28 07:00:00+00:00,72.4,81.05,13.640668095329389
2025-11-28 08:00:00+00:00,71.4,81.6125,12.902925603537179
2025-11-28 09:00:00+00:00,61.6,81.71249999999999,12.729811382187382
2025-11-28 10:00:00+00:00,65.1,81.94583333333334,12.350637341999953
2025-11-28 11:00:00+00:00,75.0,82.66250000000001,11.346856009676344
2025-11-28 12:00:00+00:00,77.2,83.14166666666667,10.830468963576543
2025-11-28 13:00:00+00:00,81.5,83.7875,10.208108988956523
2025-11-28 14:00:00+00:00,93.2,84.38333333333334,10.327071501499425
2025-11-28 15:00:00+00:00,96.6,84.925,10.620949355748353
2025-11-28 16:00:00+00:00,106.0,85.53750000000001,11.399878431845206
2025-11-28 17:00:00+00:00,101.0,86.075,11.822243221258331
2025-11-28 18:00:00+00:00,84.0,85.8625,11.811336209060267
2025-11-28 19:00:00+00:00,79.8,85.60416666666667,11.87582415141544
2025-11-28 20:00:00+00:00,81.6,85.4375,11.903920161752232
2025-11-28 21:00:00+00:00,86.1,85.09583333333335,11.755238579371795
2025-11-28 22:00:00+00:00,81.3,84.68333333333334,11.705318994098505
2025-11-28 23:00:00+00:00,78.9,84.325,11.746905235366283
2025-11-29 00:00:00+00:00,74.9,83.95416666666667,11.90363405112777
2025-11-29 01:00:00+00:00,74.9,83.675,12.03903975659395
2025-11-29 02:00:00+00:00,77.6,83.55833333333334,12.085633464236132
2025-11-29 03:00:00+00:00,83.4,83.2125,11.960635161990398
2025-11-29 04:00:00+00:00,92.3,82.76666666666667,11.376125521636888
2025-11-29 05:00:00+00:00,102.0,82.72500000000001,11.300375138058461
2025-11-29 06:00:00+00:00,96.1,83.07916666666667,11.589312136493763
2025-11-29 07:00:00+00:00,80.2,83.40416666666667,11.384370642574687
2025-11-29 08:00:00+00:00,66.6,83.20416666666667,11.64363902352375
2025-11-29 09:00:00+00:00,61.6,83.20416666666667,11.64363902352375
2025-11-29 10:00:00+00:00,59.4,82.96666666666665,12.078967227182238
2025-11-29 11:00:00+00:00,56.4,82.19166666666666,13.160610421505798
2025-11-29 12:00:00+00:00,62.0,81.55833333333334,13.76321236095462
2025-11-29 13:00:00+00:00,84.4,81.67916666666667,13.775402753258184
2025-11-29 14:00:00+00:00,108.0,82.29583333333333,14.61900130909573
2025-11-29 15:00:00+00:00,117.0,83.14583333333333,16.013417720818673
2025-11-29 16:00:00+00:00,119.0,83.6875,17.009008163194945
2025-11-29 17:00:00+00:00,141.0,85.35416666666667,20.400745492913895
2025-11-29 18:00:00+00:00,130.0,87.27083333333333,22.33697420571207
2025-11-29 19:00:00+00:00,113.0,88.65416666666665,22.87573195154245
2025-11-29 20:00:00+00:00,93.6,89.15416666666665,22.84596775699385
2025-11-29 21:00:00+00:00,84.6,89.09166666666668,22.856735600667477
2025-11-29 22:00:00+00:00,94.6,89.64583333333333,22.820813900942024
2025-11-29 23:00:00+00:00,85.3,89.91249999999998,22.72698668792286
2025-11-30 00:00:00+00:00,89.8,90.53333333333335,22.50145244909359
2025-11-30 01:00:00+00:00,113.0,92.12083333333334,22.69372598925398
2025-11-30 02:00:00+00:00,88.1,92.55833333333334,22.502017622902805
2025-11-30 03:00:00+00:00,105.0,93.45833333333333,22.55169745209867
2025-11-30 04:00:00+00:00,95.4,93.58749999999999,22.55365221556918
2025-12-13 13:00:00+00:00,11.7,89.82499999999999,27.970780561460394
2025-12-13 14:00:00+00:00,17.7,86.55833333333334,31.554589229607394
2025-12-13 15:00:00+00:00,28.0,84.38333333333334,33.73556588819997
2025-12-13 16:00:00+00:00,34.3,83.03750000000001,35.09283108383023
2025-12-13 17:00:00+00:00,39.5,82.11666666666666,35.95906690604754
2025-12-13 18:00:00+00:00,47.4,81.61666666666667,36.36975172557122
2025-12-13 19:00:00+00:00,75.4,82.40833333333333,36.00191923225451
2025-12-13 20:00:00+00:00,122.0,84.90833333333333,36.60136510481831
2025-12-13 21:00:00+00:00,144.0,87.39166666666667,38.536114249483624
2025-12-13 22:00:00+00:00,118.0,87.80833333333334,38.82163131517007
2025-12-13 23:00:00+00:00,83.2,86.39999999999999,38.32652617568714
2025-12-14 00:00:00+00:00,58.4,83.875,38.08083222053683
2025-12-14 01:00:00+00:00,69.8,80.90833333333333,36.1621098445013
2025-12-14 02:00:00+00:00,95.7,79.47916666666667,34.78932843830686
2025-12-14 03:00:00+00:00,142.0,80.6875,36.46738045097978
2025-12-14 04:00:00+00:00,179.0,84.24583333333334,41.588951074164584
2025-12-14 05:00:00+00:00,185.0,88.42916666666667,46.3976243691574
2025-12-14 06:00:00+00:00,137.0,90.19583333333333,47.438357981395114
2025-12-14 07:00:00+00:00,99.7,90.79583333333335,47.46480141313545
2025-12-14 08:00:00+00:00,83.3,90.52499999999999,47.48926881068914
2025-12-14 09:00:00+00:00,83.8,89.30833333333334,47.26193354401426
2025-12-14 10:00:00+00:00,81.9,89.05000000000001,47.2857640126587
2025-12-14 11:00:00+00:00,101.0,88.88333333333334,47.23412239939003
2025-12-14 12:00:00+00:00,114.0,89.65833333333335,47.49755066148737
2025-12-14 13:00:00+00:00,133.0,94.71250000000002,45.24153836330325
2025-12-14 14:00:00+00:00,163.0,100.76666666666667,44.19763584732481
2025-12-14 15:00:00+00:00,188.0,107.43333333333334,44.807274901046455
2025-12-14 16:00:00+00:00,153.0,112.37916666666668,42.89404518483675
2025-12-14 17:00:00+00:00,130.0,116.15000000000002,40.0952886747685
2025-12-14 18:00:00+00:00,134.0,119.75833333333334,37.44858407570755
2025-12-14 19:00:00+00:00,154.0,123.03333333333335,36.83248408752721
2025-12-14 20:00:00+00:00,146.0,124.03333333333335,37.127824637578954
2025-12-14 21:00:00+00:00,149.0,124.24166666666667,37.258531753220915
2025-12-14 22:00:00+00:00,147.0,125.45,37.51666296460779
2025-12-14 23:00:00+00:00,131.0,127.44166666666668,36.429227595275464
2025-12-15 00:00:00+00:00,126.0,130.25833333333335,33.34142112026441
2025-12-15 01:00:00+00:00,140.0,133.18333333333334,30.788417735678447
2025-12-15 02:00:00+00:00,158.0,135.77916666666667,30.10955328920265
2025-12-15 03:00:00+00:00,220.0,139.02916666666667,34.67389042977732
2025-12-15 04:00:00+00:00,190.0,139.4875,35.29239741385335
2025-12-15 05:00:00+00:00,137.0,137.4875,33.935057062366326
2025-12-15 06:00:00+00:00,141.0,137.65416666666667,33.94238057761026
2025-12-15 07:00:00+00:00,101.0,137.70833333333334,33.88015857293924
2025-12-15 08:00:00+00:00,107.0,138.69583333333335,32.54443756875571
2025-12-15 09:00:00+00:00,99.2,139.3375,31.5516941252587
2025-12-15 10:00:00+00:00,105.0,140.29999999999998,30.039452319443924
2025-12-15 11:00:00+00:00,116.0,140.92499999999998,29.33398755858002
2025-12-15 12:00:00+00:00,131.0,141.63333333333333,28.856928437388312
2025-12-15 13:00:00+00:00,155.0,142.54999999999998,28.920114859354054
2025-12-15 14:00:00+00:00,134.0,141.34166666666667,28.632938112032914
2025-12-15 15:00:00+00:00,129.0,138.88333333333333,26.93527938155255
2025-12-15 16:00:00+00:00,129.0,137.88333333333333,26.83371770361075
2025-12-15 17:00:00+00:00,143.0,138.42499999999998,26.798852181778997
2025-12-15 18:00:00+00:00,146.0,138.92499999999998,26.824635821507304
2025-12-15 19:00:00+00:00,155.0,138.96666666666667,26.849834695736526
2025-12-15 20:00:00+00:00,160.0,139.54999999999998,27.159576739994
2025-12-15 21:00:00+00:00,141.0,139.21666666666667,27.087549950462698
2025-12-15 22:00:00+00:00,124.0,138.25833333333333,27.206807279039776
2025-12-15 23:00:00+00:00,118.0,137.71666666666667,27.485579881989878
2025-12-16 00:00:00+00:00,133.0,138.00833333333333,27.392825412102752
2025-12-16 01:00:00+00:00,136.0,137.84166666666667,27.392349243929786
2025-12-16 02:00:00+00:00,158.0,137.84166666666667,27.392349243929786
2025-12-16 03:00:00+00:00,153.0,135.04999999999998,21.417769948460773
2025-12-16 04:00:00+00:00,132.0,132.63333333333333,17.937346676615082
2025-12-16 05:00:00+00:00,123.0,132.04999999999998,18.016634825481574
2025-12-16 06:00:00+00:00,105.0,130.54999999999998,18.723828111003584
2025-12-16 07:00:00+00:00,88.7,130.0375,19.710178621826877
2025-12-16 08:00:00+00:00,70.8,128.52916666666667,22.707066112759904
2025-12-16 09:00:00+00:00,66.1,127.14999999999999,25.41019993761441
2025-12-16 10:00:00+00:00,67.8,125.60000000000001,27.838618781328726
2025-12-16 11:00:00+00:00,75.4,123.90833333333335,29.623682016789527
2025-12-16 12:00:00+00:00,91.9,122.27916666666665,30.284505712193152
2025-12-16 13:00:00+00:00,93.5,119.71666666666665,29.99599490173486
2025-12-16 14:00:00+00:00,115.0,118.925,29.853020384660127
2025-12-16 15:00:00+00:00,92.9,117.42083333333333,30.23039039812694
2025-12-16 16:00:00+00:00,112.0,116.71249999999999,30.146328819680928
2025-12-16 17:00:00+00:00,129.0,116.12916666666666,29.748371956427267
2025-12-16 18:00:00+00:00,142.0,115.96249999999999,29.584496711151793
2025-12-16 19:00:00+00:00,130.0,114.92083333333333,28.573063921883417
2025-12-16 20:00:00+00:00,128.0,113.58749999999999,27.085955168523824
2025-12-16 21:00:00+00:00,104.0,112.04583333333333,26.504601391598307
2025-12-16 22:00:00+00:00,110.0,111.46249999999999,26.383852316207673
2025-12-16 23:00:00+00:00,109.0,111.08749999999999,26.35083222017155
2025-12-17 00:00:00+00:00,109.0,110.08749999999999,25.93522554197327
2025-12-17 01:00:00+00:00,104.0,108.75416666666666,25.361353330483034
2025-12-17 02:00:00+00:00,120.0,107.17083333333333,23.251656867875663
2025-12-17 03:00:00+00:00,143.0,106.75416666666666,22.471198554877617
2025-12-17 04:00:00+00:00,121.0,106.29583333333333,22.041965492069973
2025-12-17 05:00:00+00:00,101.0,105.37916666666666,21.772898574117807
2025-12-17 06:00:00+00:00,92.7,104.86666666666667,21.92643167040826
2025-12-17 07:00:00+00:00,86.0,104.75416666666668,22.01971407559588
2025-12-17 08:00:00+00:00,74.7,104.91666666666667,21.771234844781944
2025-12-17 09:00:00+00:00,63.4,104.80416666666667,21.986447983417353
2025-12-17 10:00:00+00:00,66.8,104.76249999999999,22.060446849902476
2025-12-17 11:00:00+00:00,64.9,104.32499999999999,22.761069929768393
2025-12-17 12:00:00+00:00,63.9,103.15833333333335,24.103633438291364
2025-12-17 13:00:00+00:00,67.7,102.08333333333333,25.107536832534635
2025-12-17 14:00:00+00:00,71.7,100.27916666666668,25.688027648940587
2025-12-17 15:00:00+00:00,83.0,99.86666666666667,25.890365283107464
2025-12-17 16:00:00+00:00,121.0,100.24166666666667,26.13774410056555
2025-12-17 17:00:00+00:00,191.0,102.825,31.597361612475602
2025-12-17 18:00:00+00:00,237.0,106.78333333333335,41.207456761532896
2025-12-17 19:00:00+00:00,177.0,108.74166666666667,43.416375558844685
2025-12-17 20:00:00+00:00,166.0,110.325,44.81946636470999
2025-12-17 21:00:00+00:00,122.0,111.075,44.85960950807942
2025-12-17 22:00:00+00:00,130.0,111.90833333333335,45.0242342152162
2025-12-17 23:00:00+00:00,108.0,111.86666666666667,45.02750528159468
2025-12-18 00:00:00+00:00,83.5,110.80416666666667,45.39742838116678
2025-12-18 01:00:00+00:00,90.7,110.25,45.56496556518506
2025-12-18 02:00:00+00:00,130.0,110.66666666666667,45.70351205862338
2025-12-18 03:00:00+00:00,138.0,110.45833333333333,45.56089013775857
2025-12-18 04:00:00+00:00,159.0,112.04166666666667,46.591788011890095
2025-12-18 05:00:00+00:00,147.0,113.95833333333333,47.061605477766115
2025-12-18 06:00:00+00:00,87.8,113.75416666666666,47.16834770651073
2025-12-18 07:00:00+00:00,57.9,112.58333333333333,48.22416557004915
2025-12-18 08:00:00+00:00,66.3,112.23333333333333,48.540513483845025
2026-01-24 10:00:00+00:00,26.9,110.71249999999999,50.66245769369264
2026-01-24 11:00:00+00:00,28.9,109.13333333333334,52.64271423776342
2026-01-24 12:00:00+00:00,37.0,107.97083333333335,53.953711877518664
2026-01-24 13:00:00+00:00,44.8,107.175,54.76677229695088
2026-01-24 14:00:00+00:00,49.1,106.40000000000002,55.47666959691431
2026-01-24 15:00:00+00:00,47.9,105.40833333333332,56.33006700932765
2026-01-24 16:00:00+00:00,45.2,103.83333333333333,57.500144927353425
2026-01-24 17:00:00+00:00,49.7,100.8625,58.40936354729422
2026-01-24 18:00:00+00:00,46.8,94.85416666666667,56.10534330258958
2026-01-24 19:00:00+00:00,43.2,86.77916666666665,48.13811631912501
2026-01-24 20:00:00+00:00,50.3,81.5,44.63351246297559
2026-01-24 21:00:00+00:00,50.4,76.68333333333332,41.225579508323364
2026-01-24 22:00:00+00:00,60.8,74.13333333333333,40.180155892383276
2026-01-24 23:00:00+00:00,78.7,71.99583333333332,38.40422847152049
2026-01-25 00:00:00+00:00,74.4,70.59583333333333,37.63947371954143
2026-01-25 01:00:00+00:00,61.2,69.66666666666667,37.58227688993678
2026-01-25 02:00:00+00:00,60.3,68.39999999999999,37.35415697721277
2026-01-25 03:00:00+00:00,61.0,65.52499999999999,34.98725544363625
2026-01-25 04:00:00+00:00,58.9,62.22916666666666,31.40551708893173
2026-01-25 05:00:00+00:00,48.2,57.612500000000004,23.77955483731488
2026-01-25 06:00:00+00:00,41.8,53.22916666666666,14.45311698491739
2026-01-25 07:00:00+00:00,36.1,51.074999999999996,12.83918086239887
2026-01-25 08:00:00+00:00,31.2,49.962500000000006,13.367963407047924
2026-01-25 09:00:00+00:00,26.7,48.3125,13.703452833691818
2026-01-25 10:00:00+00:00,30.1,48.44583333333333,13.500112049991206
2026-01-25 11:00:00+00:00,38.9,48.86249999999999,13.016271171783035
2026-01-25 12:00:00+00:00,50.9,49.44166666666666,12.77245394237707
2026-01-25 13:00:00+00:00,67.7,50.395833333333336,13.256810527510646
2026-01-25 14:00:00+00:00,65.1,51.0625,13.587008260770983
2026-01-25 15:00:00+00:00,71.2,52.03333333333333,14.171087119375327
2026-01-25 16:00:00+00:00,89.7,53.887499999999996,16.02772902896989
2026-01-25 17:00:00+00:00,80.7,55.17916666666667,16.900938465496214
2026-01-25 18:00:00+00:00,79.6,56.54583333333333,17.509127536843334
2026-01-25 19:00:00+00:00,71.5,57.725,17.524200657823112
2026-01-25 20:00:00+00:00,59.9,58.125,17.45678515151294
2026-01-25 21:00:00+00:00,62.3,58.62083333333334,17.396725808052942
2026-01-25 22:00:00+00:00,57.0,58.462500000000006,17.393322369331106
2026-01-25 23:00:00+00:00,66.2,57.94166666666667,16.942278391687612
2026-01-26 00:00:00+00:00,69.2,57.724999999999994,16.754863018914975
2026-01-26 01:00:00+00:00,62.2,57.76666666666666,16.7651207977251
2026-01-26 02:00:00+00:00,68.2,58.09583333333333,16.894081267830273
2026-01-26 03:00:00+00:00,78.1,58.80833333333333,17.375618016325948
2026-01-26 04:00:00+00:00,87.3,59.991666666666674,18.323349719075146
2026-01-26 05:00:00+00:00,58.0,60.400000000000006,18.15759512902411
2026-01-26 06:00:00+00:00,48.4,60.675000000000004,17.911964667809738
2026-01-26 07:00:00+00:00,47.1,61.13333333333333,17.388893673503222
2026-01-26 08:00:00+00:00,47.4,61.80833333333333,16.466379889540416
2026-01-26 09:00:00+00:00,48.2,62.70416666666667,14.992156765880873
2026-01-26 10:00:00+00:00,44.3,63.29583333333333,13.889109877468735
2026-01-26 11:00:00+00:00,35.2,63.14166666666667,14.188970507332971
2026-01-26 12:00:00+00:00,32.0,62.354166666666664,15.373013598557812
2026-01-26 13:00:00+00:00,38.2,61.125,16.089646954810082
2026-01-26 14:00:00+00:00,48.3,60.425000000000004,16.27359157066105
2026-01-26 15:00:00+00:00,47.7,59.44583333333333,16.304040021248962
2026-01-26 16:00:00+00:00,49.9,57.787499999999994,15.070423452692825
2026-01-26 17:00:00+00:00,52.1,56.59583333333333,14.290449202379651
2026-01-26 18:00:00+00:00,38.9,54.9,13.850003924030089
2026-01-26 19:00:00+00:00,39.2,53.55416666666667,13.735671717692917
2026-01-26 20:00:00+00:00,33.2,52.44166666666666,14.270215764697184
2026-01-26 21:00:00+00:00,33.8,51.25416666666666,14.596276450926862
2026-01-26 22:00:00+00:00,28.8,50.07916666666666,15.234713768994375
2026-01-26 23:00:00+00:00,33.2,48.70416666666666,15.20564766836624
2026-01-27 00:00:00+00:00,48.9,47.85833333333334,14.56717324095115
2026-01-27 01:00:00+00:00,51.6,47.416666666666664,14.27112215406452
2026-01-27 02:00:00+00:00,48.1,46.57916666666667,13.571036267076968
2026-01-27 03:00:00+00:00,55.0,45.616666666666674,11.962065644894007
2026-01-27 04:00:00+00:00,52.9,44.18333333333334,8.228617437184488
2026-01-27 05:00:00+00:00,45.3,43.65416666666667,7.692343972879918
2026-01-27 06:00:00+00:00,45.4,43.52916666666667,7.63604035602492
2026-01-27 07:00:00+00:00,38.3,43.1625,7.66833197099552
2026-01-27 08:00:00+00:00,61.7,43.75833333333333,8.520150879796278
2026-01-27 09:00:00+00:00,52.2,43.925000000000004,8.648963245233025
2026-01-27 10:00:00+00:00,38.5,43.68333333333334,8.71877866729486
2026-01-27 11:00:00+00:00,22.2,43.14166666666667,9.625415481339314
2026-01-27 12:00:00+00:00,19.4,42.61666666666667,10.557983448213704
2026-01-27 13:00:00+00:00,19.6,41.84166666666666,11.53384119682703
2026-01-27 14:00:00+00:00,28.0,40.99583333333333,11.781321958993004
2026-01-27 15:00:00+00:00,28.5,40.19583333333333,11.956860107201646
2026-01-27 16:00:00+00:00,40.3,39.795833333333334,11.777335609465025
2026-01-27 17:00:00+00:00,43.9,39.454166666666666,11.521019699989157
2026-01-27 18:00:00+00:00,95.7,41.82083333333333,16.261102673094737
2026-01-27 19:00:00+00:00,91.8,44.012499999999996,19.175965765600406
2026-01-27 20:00:00+00:00,110.0,47.2125,23.26518788643891
2026-01-27 21:00:00+00:00,169.0,52.84583333333334,33.8409705273339
2026-01-27 22:00:00+00:00,185.0,59.354166666666664,42.83932548454761
2026-01-27 23:00:00+00:00,194.0,66.05416666666667,50.46646737894518
2026-01-28 00:00:00+00:00,162.0,70.76666666666667,53.95498660652356
2026-01-28 01:00:00+00:00,116.0,73.45,54.55835328383243
2026-01-28 02:00:00+00:00,106.0,75.8625,54.668692355982266
2026-01-28 03:00:00+00:00,116.0,78.40416666666665,55.073093558088416
2026-01-28 04:00:00+00:00,163.0,82.99166666666667,57.39298485132931
2026-01-28 05:00:00+00:00,138.0,86.85416666666667,57.86346732999382
2026-01-28 06:00:00+00:00,54.0,87.21249999999999,57.62171475120774
2026-01-28 07:00:00+00:00,35.0,87.07499999999999,57.747307484757386
2026-01-28 08:00:00+00:00,33.2,85.8875,58.57884551016974
2026-01-28 09:00:00+00:00,25.6,84.77916666666667,59.48851536342888
2026-01-28 10:00:00+00:00,24.7,84.20416666666667,60.01960896361217
2026-01-28 11:00:00+00:00,27.2,84.4125,59.80331757919662
2026-01-28 12:00:00+00:00,29.7,84.84166666666667,59.351736479974974
2026-01-28 13:00:00+00:00,31.7,85.34583333333332,58.82247410764795
2026-01-28 14:00:00+00:00,39.6,85.82916666666667,58.37675593982555
2026-01-28 15:00:00+00:00,47.5,86.62083333333334,57.690289885746246
2026-01-28 16:00:00+00:00,64.9,87.64583333333333,57.04645688168205
2026-01-28 17:00:00+00:00,89.0,89.52499999999999,56.28044876370002
2026-01-28 18:00:00+00:00,165.0,92.41250000000001,58.35069622549489
2026-01-28 19:00:00+00:00,148.0,94.75416666666666,59.44251135170086
2026-01-28 20:00:00+00:00,102.0,94.42083333333333,59.37569389373317
2026-01-28 21:00:00+00:00,119.0,92.33749999999999,57.49245555420431
2026-01-28 22:00:00+00:00,124.0,89.79583333333333,54.487704868933896
2026-01-28 23:00:00+00:00,112.0,86.37916666666666,50.06051971422147
2026-01-29 00:00:00+00:00,92.8,83.49583333333332,47.43987938219371
2026-01-29 01:00:00+00:00,86.2,82.25416666666668,46.93948906899134
2026-01-29 02:00:00+00:00,104.0,82.17083333333333,46.89725568281898
2026-01-29 03:00:00+00:00,92.1,81.175,46.39878418572011
2026-01-29 04:00:00+00:00,84.5,77.90416666666665,43.02398197938339
2026-01-29 05:00:00+00:00,72.3,75.16666666666667,41.08024667241734
2026-01-29 06:00:00+00:00,43.4,74.725,41.37364473020064
2026-01-29 07:00:00+00:00,44.2,75.10833333333333,41.03078289440168
2026-01-29 08:00:00+00:00,38.6,75.33333333333333,40.80516449268832
2026-01-29 09:00:00+00:00,38.6,75.875,40.19804505304886
2026-01-29 10:00:00+00:00,39.1,76.475,39.502440761134565
2026-01-29 11:00:00+00:00,37.6,76.90833333333335,38.992149897423936
2026-01-29 12:00:00+00:00,36.1,77.175,38.67585754087074
2026-01-29 13:00:00+00:00,44.2,77.69583333333334,38.11696505969891
2026-01-29 14:00:00+00:00,53.9,78.29166666666667,37.60388412716516
2026-01-29 15:00:00+00:00,70.8,79.2625,37.07136258506061
2026-01-29 16:00:00+00:00,91.9,80.3875,37.026210604639495
2026-01-29 17:00:00+00:00,92.2,80.52083333333333,37.064315185160446
2026-01-29 18:00:00+00:00,84.0,77.14583333333333,32.43626498584375
2026-01-29 19:00:00+00:00,78.1,74.23333333333333,28.723247162119772
2026-01-29 20:00:00+00:00,79.0,73.27499999999999,28.134200910449813
2026-01-29 21:00:00+00:00,71.0,71.27499999999999,26.394717027399864
2026-01-29 22:00:00+00:00,72.9,69.14583333333333,23.899772223157942
2026-01-29 23:00:00+00:00,65.4,67.20416666666667,22.09136126981801
2026-01-30 00:00:00+00:00,63.3,65.97500000000001,21.415643408702152
2026-01-30 01:00:00+00:00,68.1,65.22083333333333,20.98684845256684
2026-01-30 02:00:00+00:00,66.4,63.65416666666667,19.301903018741974
2026-01-30 03:00:00+00:00,88.1,63.487500000000004,19.061372561099493
2026-01-30 04:00:00+00:00,99.5,64.1125,20.00296309571881
2026-01-30 05:00:00+00:00,59.5,63.57916666666666,19.94573026482346
2026-01-30 06:00:00+00:00,49.7,63.84166666666667,19.708658804800773
2026-01-30 07:00:00+00:00,43.3,63.80416666666667,19.7484722395707
2026-01-30 08:00:00+00:00,39.5,63.84166666666667,19.699325008667035
2026-01-30 09:00:00+00:00,38.4,63.833333333333336,19.710506283984884
2026-01-30 10:00:00+00:00,35.5,63.68333333333334,19.91950467924993
2026-01-30 11:00:00+00:00,41.3,63.8375,19.722196995969266
2026-01-30 12:00:00+00:00,37.6,63.9,19.632648052802516
2026-01-30 13:00:00+00:00,35.4,63.53333333333333,20.093340161371202
2026-01-30 14:00:00+00:00,41.2,63.00416666666667,20.520752574695628
2026-01-30 15:00:00+00:00,48.4,62.070833333333326,20.65969567448447
2026-01-30 16:00:00+00:00,79.6,61.55833333333334,20.030540088371996
2026-01-30 17:00:00+00:00,96.6,61.74166666666667,20.340918637428505
2026-01-30 18:00:00+00:00,93.8,62.15,20.89790919435831
2026-01-30 19:00:00+00:00,93.5,62.791666666666664,21.632461852435906
2026-01-30 20:00:00+00:00,126.0,64.75,25.02494407759884
2026-01-30 21:00:00+00:00,103.0,66.08333333333333,26.197438750790916
2026-01-30 22:00:00+00:00,83.7,66.53333333333333,26.411503861610687
2026-01-30 23:00:00+00:00,97.0,67.85,27.130425724636016
2026-01-31 00:00:00+00:00,94.1,69.13333333333334,27.629704662014323
2026-01-31 01:00:00+00:00,100.0,70.4625,28.336100994406554
2026-01-31 02:00:00+00:00,103.0,71.9875,29.08298938794155
2026-01-31 03:00:00+00:00,104.0,72.65,29.641715610737116
2026-01-31 04:00:00+00:00,135.0,74.12916666666666,31.843782809571763
2026-01-31 05:00:00+00:00,93.6,75.55,31.92331845014792
2026-01-31 06:00:00+00:00,76.5,76.66666666666667,31.44492309428958
2026-01-31 07:00:00+00:00,50.8,76.97916666666667,31.13464419004284
2026-01-31 08:00:00+00:00,72.5,78.35416666666667,30.11963073806002
2026-01-31 09:00:00+00:00,76.3,79.93333333333332,28.902725411833952
2026-01-31 10:00:00+00:00,71.0,81.4125,27.399163943131484
2026-01-31 11:00:00+00:00,68.9,82.5625,26.19511757527719
2026-01-31 12:00:00+00:00,67.9,83.825,24.61648881825183
2026-01-31 13:00:00+00:00,71.7,85.33749999999999,22.53931468615951
2026-01-31 14:00:00+00:00,85.3,87.175,20.488941874348246
2026-01-31 15:00:00+00:00,92.2,89.0,18.762983910278688
2026-01-31 16:00:00+00:00,95.0,89.64166666666667,18.690730477888952
2026-01-31 17:00:00+00:00,116.0,90.44999999999999,19.410396138689567
2026-01-31 18:00:00+00:00,141.0,92.41666666666667,21.98498829076132
2026-01-31 19:00:00+00:00,159.0,95.14583333333333,25.850926804790785
2026-01-31 20:00:00+00:00,153.0,96.27083333333333,27.76842872864712
2026-01-31 21:00:00+00:00,188.0,99.8125,33.49424755932278
2026-01-31 22:00:00+00:00,217.0,105.36666666666666,40.93250719083205
2026-01-31 23:00:00+00:00,200.0,109.65833333333332,45.19486231542392
2026-02-01 00:00:00+00:00,195.0,113.8625,48.27285502856315
2026-02-01 01:00:00+00:00,249.0,120.07083333333333,55.45899761685784
2026-02-01 02:00:00+00:00,156.0,122.27916666666665,55.80383327309147
2026-02-01 03:00:00+00:00,155.0,124.40416666666665,56.04800333228837
2026-02-01 04:00:00+00:00,146.0,124.8625,56.183231387402515
2026-02-01 05:00:00+00:00,137.0,126.67083333333333,55.83059375714482
2026-02-01 06:00:00+00:00,122.0,128.56666666666666,54.81618030461791
2026-02-01 07:00:00+00:00,98.4,130.54999999999998,52.70041663064394
2026-02-01 08:00:00+00:00,81.7,130.9333333333333,52.29168748195185
2026-02-01 09:00:00+00:00,62.9,130.375,52.967555697065286
2026-02-01 10:00:00+00:00,46.2,129.34166666666667,54.39882444914826
2026-02-01 11:00:00+00:00,54.0,128.72083333333333,55.19777074237248
2026-02-01 12:00:00+00:00,51.7,128.04583333333332,56.06609437445926
2026-02-01 13:00:00+00:00,59.9,127.55416666666667,56.630595350129596
2026-02-01 14:00:00+00:00,62.1,126.58749999999999,57.57338086983067
2026-02-01 15:00:00+00:00,105.0,127.12083333333334,57.29961665526704
2026-02-01 16:00:00+00:00,124.0,128.32916666666668,56.897164895874916
2026-02-01 17:00:00+00:00,129.0,128.87083333333334,56.836535089803526
2026-02-01 18:00:00+00:00,158.0,129.57916666666668,57.09959246916655
2026-02-01 19:00:00+00:00,160.0,129.62083333333334,57.1223551698011
2026-02-01 20:00:00+00:00,151.0,129.5375,57.088214061946125
2026-02-01 21:00:00+00:00,132.0,127.20416666666667,55.722920732204194
2026-02-01 22:00:00+00:00,139.0,123.95416666666667,52.435616663938575
2026-02-01 23:00:00+00:00,161.0,122.32916666666667,50.546753898842226
2026-02-02 00:00:00+00:00,134.0,119.78750000000001,48.213531498586526
2026-02-02 01:00:00+00:00,96.8,113.44583333333334,39.744772466398366
2026-02-02 02:00:00+00:00,103.0,111.23750000000001,38.73718371505464
2026-02-02 03:00:00+00:00,111.0,109.40416666666668,37.600491198996046
2026-02-02 04:00:00+00:00,125.0,108.52916666666668,36.95057191022537
2026-02-02 05:00:00+00:00,105.0,107.19583333333334,36.45254782252684
2026-02-02 06:00:00+00:00,71.6,105.09583333333335,37.01009825964246
2026-02-02 07:00:00+00:00,61.0,103.53750000000001,38.07630568145773
2026-02-02 08:00:00+00:00,49.6,102.2,39.416924195622656
2026-02-02 09:00:00+00:00,46.8,101.52916666666668,40.24318985505659
2026-02-02 10:00:00+00:00,42.7,101.38333333333333,40.458176651586754
2026-02-02 11:00:00+00:00,44.6,100.99166666666666,40.978975698220516
2026-02-02 12:00:00+00:00,56.3,101.18333333333334,40.748514687965596
2026-02-02 13:00:00+00:00,56.4,101.03750000000001,40.90863428049924
2026-02-02 14:00:00+00:00,76.3,101.62916666666666,40.420770372869164
2026-02-02 15:00:00+00:00,85.5,100.81666666666666,40.54585881032306
2026-02-02 16:00:00+00:00,124.0,100.81666666666666,40.54585881032306
2026-02-02 17:00:00+00:00,124.0,100.60833333333333,40.40735960372706
2026-02-02 18:00:00+00:00,112.0,98.69166666666666,38.618061967749156
2026-02-02 19:00:00+00:00,107.0,96.48333333333333,36.412153569051895
2026-02-02 20:00:00+00:00,119.0,95.14999999999999,34.88284741070098
2026-02-02 21:00:00+00:00,103.0,93.94166666666666,34.04304074533287
2026-02-02 22:00:00+00:00,100.0,92.31666666666666,32.703166535509425
2026-02-02 23:00:00+00:00,112.0,90.27499999999999,29.612295478031584
2026-02-03 00:00:00+00:00,106.0,89.10833333333333,28.338910363309655
2026-02-03 01:00:00+00:00,119.0,90.03333333333335,28.95646907772535
2026-02-03 02:00:00+00:00,150.0,91.99166666666667,31.361010363419116
2026-02-03 03:00:00+00:00,174.0,94.61666666666667,35.39803073209204
2026-02-03 04:00:00+00:00,160.0,96.075,37.37021890315271
2026-02-03 05:00:00+00:00,128.0,97.03333333333335,37.900196932683855
2026-02-03 06:00:00+00:00,87.9,97.71249999999999,37.56922089551018
2026-02-03 07:00:00+00:00,60.6,97.69583333333334,37.58630045487377
2026-02-03 08:00:00+00:00,56.8,97.99583333333334,37.212602811023594
2026-02-03 09:00:00+00:00,51.2,98.17916666666667,36.95938992493213
2026-02-03 10:00:00+00:00,50.7,98.5125,36.47011060294842
2026-02-03 11:00:00+00:00,49.2,98.70416666666665,36.18543400400163
2026-02-03 12:00:00+00:00,48.0,98.35833333333333,36.64506511252826
2026-02-03 13:00:00+00:00,52.4,98.19166666666666,36.85270229802223
2026-02-03 14:00:00+00:00,61.8,97.58749999999999,37.342798764490105
2026-02-03 15:00:00+00:00,65.1,96.7375,37.858510185666944
2026-02-03 16:00:00+00:00,102.0,95.82083333333333,37.43366282263636
2026-02-03 17:00:00+00:00,150.0,96.90416666666665,38.64136642608992
2026-02-03 18:00:00+00:00,178.0,99.65416666666665,41.967751378851446
2026-02-03 19:00:00+00:00,206.0,103.77916666666665,47.25362630820356
2026-02-03 20:00:00+00:00,183.0,106.44583333333333,49.8826534209922
2026-02-03 21:00:00+00:00,131.0,107.6125,50.125401982557975
2026-02-03 22:00:00+00:00,114.0,108.19583333333333,50.11442107093871
2026-02-03 23:00:00+00:00,126.0,108.77916666666665,50.24194488037163
2026-02-04 00:00:00+00:00,113.0,109.07083333333333,50.245427905057205
2026-02-04 01:00:00+00:00,123.0,109.2375,50.28641282908709
2026-02-04 02:00:00+00:00,126.0,108.2375,49.675484396228924
2026-02-04 03:00:00+00:00,129.0,106.3625,47.902998113488195
2026-02-04 04:00:00+00:00,125.0,104.90416666666665,46.71717381980773
2026-02-04 05:00:00+00:00,87.2,103.20416666666665,46.58233924686618
2026-02-04 06:00:00+00:00,47.4,101.51666666666667,47.87645937534255
2026-02-04 07:00:00+00:00,43.5,100.80416666666666,48.63312057298659
2026-02-04 08:00:00+00:00,36.1,99.94166666666666,49.620980105865016
2026-02-04 09:00:00+00:00,35.5,99.28749999999998,50.38903704525232
2026-02-04 10:00:00+00:00,30.7,98.45416666666667,51.38308788905624
2026-02-04 11:00:00+00:00,30.2,97.66250000000001,52.312903159321095
2026-02-04 12:00:00+00:00,34.0,97.07916666666667,52.96475431147913
2026-02-04 13:00:00+00:00,37.7,96.46666666666668,53.58526457628188
2026-02-04 14:00:00+00:00,67.3,96.69583333333333,53.4421302553694
2026-02-04 15:00:00+00:00,70.1,96.90416666666665,53.323218526810216
2026-02-04 16:00:00+00:00,77.5,95.88333333333333,53.4557734032996
2026-02-04 17:00:00+00:00,111.0,94.25833333333333,52.319868340702
2026-02-04 18:00:00+00:00,95.7,90.82916666666667,49.19644277672975
2026-02-04 19:00:00+00:00,90.2,86.00416666666666,42.65330895127295
2026-02-04 20:00:00+00:00,95.9,82.375,37.426824256314234
2026-02-04 21:00:00+00:00,101.0,81.125,36.21352437731069
2026-02-04 22:00:00+00:00,88.2,80.05,35.57246125867577
2026-02-04 23:00:00+00:00,77.9,78.04583333333333,34.1995547792868
2026-02-05 00:00:00+00:00,80.4,76.6875,33.38867697288992
2026-02-05 01:00:00+00:00,85.5,75.125,31.974653684768178
2026-02-05 02:00:00+00:00,87.0,73.5,30.219544496322367
2026-02-05 03:00:00+00:00,86.5,71.72916666666667,27.988794017958337
2026-02-05 04:00:00+00:00,83.7,70.00833333333334,25.7513345651065
2026-02-05 05:00:00+00:00,66.1,69.12916666666666,25.49781711316133
2026-02-05 06:00:00+00:00,59.5,69.63333333333334,25.166967077581056
2026-02-05 07:00:00+00:00,48.8,69.85416666666667,24.9500018152244
2026-02-05 08:00:00+00:00,46.2,70.27499999999999,24.435794308314424
2026-02-05 09:00:00+00:00,46.0,70.71249999999999,23.87364041200524
2026-02-05 10:00:00+00:00,47.7,71.42083333333333,22.865770490952585
2026-02-05 11:00:00+00:00,47.6,72.14583333333333,21.750621763559767
2026-02-05 12:00:00+00:00,47.5,72.70833333333333,20.878299878033456
2026-02-05 13:00:00+00:00,49.8,73.2125,20.128809388319386
2026-02-05 14:00:00+00:00,53.2,72.625,20.511020367639674
2026-02-05 15:00:00+00:00,55.1,72.0,20.81755112357357
2026-02-05 16:00:00+00:00,58.9,71.225,20.949696480108877
2026-02-05 17:00:00+00:00,74.6,69.70833333333333,19.188536357320814
2026-02-05 18:00:00+00:00,110.0,70.30416666666666,20.22474762924515
2026-02-05 19:00:00+00:00,95.3,70.51666666666667,20.468207938944598
2026-02-05 20:00:00+00:00,110.0,71.10416666666667,21.409191020328585
2026-02-05 21:00:00+00:00,111.0,71.52083333333333,22.102409452889493
2026-02-05 22:00:00+00:00,121.0,72.8875,24.1021794522366
2026-02-05 23:00:00+00:00,125.0,74.85000000000001,26.34156906620323
2026-02-06 00:00:00+00:00,111.0,76.125,27.343392016289993
2026-02-06 01:00:00+00:00,117.0,77.4375,28.542673049008535
2026-02-06 02:00:00+00:00,124.0,78.97916666666667,30.041507215802117
2026-02-06 03:00:00+00:00,135.0,81.0,32.128194309129896
2026-02-06 04:00:00+00:00,105.0,81.8875,32.49808439170567
2026-02-06 05:00:00+00:00,113.0,83.84166666666667,32.91489575129821
2026-02-06 06:00:00+00:00,74.8,84.47916666666667,32.56929708051479
2026-02-06 07:00:00+00:00,69.0,85.32083333333334,31.860469976154427
2026-02-06 08:00:00+00:00,81.8,86.80416666666667,30.769980841958304
2026-02-06 09:00:00+00:00,69.8,87.79583333333333,29.76485349574522
2026-02-06 10:00:00+00:00,52.1,87.97916666666664,29.519690984105672
2026-02-06 11:00:00+00:00,49.8,88.07083333333333,29.391990615111947
2026-02-06 12:00:00+00:00,47.2,88.05833333333332,29.4100532451753
2026-02-06 13:00:00+00:00,46.6,87.92500000000001,29.597697472137288
2026-02-06 14:00:00+00:00,49.6,87.77499999999999,29.78983266879441
2026-02-06 15:00:00+00:00,58.2,87.90416666666665,29.648381129889305
2026-02-06 16:00:00+00:00,55.8,87.77499999999999,29.7866653854136
2026-02-06 17:00:00+00:00,57.7,87.07083333333333,30.306886563756326
2026-02-06 18:00:00+00:00,54.6,84.7625,30.592977490579738
2026-02-06 19:00:00+00:00,66.5,83.5625,30.726221806817176
2026-02-06 20:00:00+00:00,78.5,82.25,30.216364699482998
2026-02-06 21:00:00+00:00,76.9,80.82916666666667,29.601167414796823
2026-02-06 22:00:00+00:00,82.0,79.20416666666667,28.343828086193632
2026-02-06 23:00:00+00:00,87.7,77.64999999999999,26.698412263490376
2026-02-07 00:00:00+00:00,104.0,77.35833333333333,26.354257418071185
2026-02-07 01:00:00+00:00,121.0,77.52499999999999,26.62709065072127
2026-02-07 02:00:00+00:00,146.0,78.44166666666666,28.60205095514251
2026-02-07 03:00:00+00:00,161.0,79.52499999999999,31.210815433115307
2026-02-07 04:00:00+00:00,167.0,82.10833333333333,35.6598534058614
2026-02-07 05:00:00+00:00,117.0,82.27499999999999,35.81950221779224
2026-02-07 06:00:00+00:00,98.7,83.27083333333333,35.934692927546905
2026-02-07 07:00:00+00:00,77.5,83.625,35.82966041169494
2026-02-07 08:00:00+00:00,74.0,83.3,35.88227126735898
2026-02-07 09:00:00+00:00,63.1,83.02083333333333,36.01767656807289
2026-02-07 10:00:00+00:00,50.5,82.95416666666667,36.07882649164855
2026-02-07 11:00:00+00:00,58.9,83.33333333333333,35.761670842527245
2026-02-07 12:00:00+00:00,44.9,83.2375,35.86564072733954
2026-02-07 13:00:00+00:00,43.0,83.0875,36.03267010946288
2026-02-07 14:00:00+00:00,45.1,82.89999999999999,36.22569350012785
2026-02-07 15:00:00+00:00,49.5,82.5375,36.525890906612084
2026-02-07 16:00:00+00:00,53.0,82.42083333333333,36.61935790245911
2026-02-07 17:00:00+00:00,71.9,83.0125,36.316032062748775
2026-02-07 18:00:00+00:00,80.0,84.07083333333334,35.81872814927789
2026-02-07 19:00:00+00:00,79.1,84.59583333333333,35.64189619664955
2026-02-07 20:00:00+00:00,102.0,85.575,35.7896420527065
2026-02-07 21:00:00+00:00,131.0,87.82916666666667,36.905808181588704
2026-02-07 22:00:00+00:00,146.0,90.49583333333334,38.7332514061593
2026-02-07 23:00:00+00:00,188.0,94.67500000000001,43.532179501765135
2026-02-08 00:00:00+00:00,210.0,99.09166666666668,49.4890845818915
2026-02-08 01:00:00+00:00,209.0,102.75833333333334,54.216994902261696
2026-02-08 02:00:00+00:00,252.0,107.17500000000001,61.694607262040165
2026-02-08 03:00:00+00:00,284.0,112.30000000000001,70.79754969967709
2026-02-08 04:00:00+00:00,234.0,115.09166666666668,74.28338755513681
2026-02-08 05:00:00+00:00,175.0,117.50833333333334,75.2848787673493
2026-02-08 06:00:00+00:00,159.0,120.02083333333333,75.63528035287473
2026-02-08 07:00:00+00:00,118.0,121.70833333333333,75.09522023037992
2026-02-08 08:00:00+00:00,98.6,122.73333333333333,74.58185270977904
2026-02-08 09:00:00+00:00,118.0,125.02083333333333,73.50749727610842
2026-02-08 10:00:00+00:00,90.1,126.67083333333333,72.19474555832905
2026-02-08 11:00:00+00:00,67.8,127.04166666666667,71.85355225049406
2026-02-08 12:00:00+00:00,55.6,127.48750000000001,71.35317739185152
2026-02-08 13:00:00+00:00,45.6,127.59583333333335,71.22117710934415
2026-02-08 14:00:00+00:00,43.0,127.50833333333333,71.32814504361028
2026-02-08 15:00:00+00:00,44.8,127.3125,71.55771348146641
2026-02-08 16:00:00+00:00,44.5,126.95833333333333,71.96140219448957
2026-02-08 17:00:00+00:00,41.5,125.69166666666668,73.22906239813624
2026-02-08 18:00:00+00:00,32.9,123.72916666666667,75.11369052059135
2026-02-08 19:00:00+00:00,30.6,121.70833333333333,76.9954257064024
2026-02-08 20:00:00+00:00,31.0,118.75,79.12025519807608
2026-02-08 21:00:00+00:00,32.2,114.63333333333333,81.00307383682721
2026-02-08 22:00:00+00:00,35.7,110.03749999999998,82.2652486856044
2026-02-08 23:00:00+00:00,37.2,103.75416666666666,81.80936471943227
2026-02-09 00:00:00+00:00,36.1,96.50833333333333,79.66304536672848
2026-02-09 01:00:00+00:00,40.4,89.48333333333333,76.69022196426039
2026-02-09 02:00:00+00:00,46.9,80.9375,68.8163580938743
2026-02-09 03:00:00+00:00,46.4,71.03750000000001,53.781812122848585
2026-02-09 04:00:00+00:00,35.2,62.75416666666667,41.49800392440747
2026-02-09 05:00:00+00:00,30.1,56.71666666666667,34.38925093266992
2026-02-09 06:00:00+00:00,31.8,51.416666666666664,26.93395572533836
2026-02-09 07:00:00+00:00,31.2,47.800000000000004,23.169057326341505
2026-02-09 08:00:00+00:00,31.3,44.99583333333333,20.693844477896253
2026-02-09 09:00:00+00:00,31.8,41.40416666666667,13.806629761180469
2026-02-09 10:00:00+00:00,29.9,38.895833333333336,9.311959545643754
2026-02-09 11:00:00+00:00,32.1,37.40833333333334,7.077270209846751
2026-02-09 12:00:00+00:00,31.6,36.40833333333334,6.010202678103297
2026-02-09 13:00:00+00:00,33.2,35.891666666666666,5.711233527513399
2026-02-09 14:00:00+00:00,32.8,35.46666666666667,5.536100233657041
2026-02-09 15:00:00+00:00,31.8,34.925000000000004,5.2095439172813505
2026-02-09 16:00:00+00:00,32.0,34.40416666666667,4.821011905927808
2026-02-09 17:00:00+00:00,32.7,34.0375,4.586825415393594
2026-02-09 18:00:00+00:00,34.2,34.09166666666666,4.58048000775525
2026-02-09 19:00:00+00:00,35.6,34.300000000000004,4.5281726806829266
2026-02-09 20:00:00+00:00,39.4,34.65,4.586274418683912
2026-02-09 21:00:00+00:00,39.6,34.958333333333336,4.662516270321279
2026-02-09 22:00:00+00:00,40.6,35.1625,4.801613180008456
2026-02-09 23:00:00+00:00,42.9,35.4,5.041738830480879
2026-02-10 00:00:00+00:00,44.1,35.733333333333334,5.345348784053709
2026-02-10 01:00:00+00:00,49.3,36.104166666666664,5.9569089713331715
2026-02-10 02:00:00+00:00,46.9,36.10416666666667,5.9569089713331715
2026-02-10 03:00:00+00:00,46.2,36.09583333333333,5.942000773174117
2026-02-10 04:00:00+00:00,46.2,36.55416666666667,6.284278462727237
2026-02-10 05:00:00+00:00,40.8,37.0,6.185255961101668
2026-02-10 06:00:00+00:00,36.7,37.20416666666667,6.086226729024915
2026-02-10 07:00:00+00:00,37.2,37.454166666666666,5.950592163931679
2026-02-10 08:00:00+00:00,37.1,37.69583333333333,5.805805128352277
2026-02-10 09:00:00+00:00,36.9,37.90833333333333,5.672428869131643
2026-02-10 10:00:00+00:00,36.8,38.19583333333333,5.41804386059748
2026-02-10 11:00:00+00:00,36.7,38.387499999999996,5.272431375436892
2026-02-10 12:00:00+00:00,38.8,38.6875,5.070401107535775
2026-02-10 13:00:00+00:00,40.6,38.99583333333334,4.945659420284104
2026-02-10 14:00:00+00:00,41.2,39.34583333333333,4.782666089905484
2026-02-10 15:00:00+00:00,42.3,39.78333333333334,4.536294855329432
2026-02-10 16:00:00+00:00,41.4,40.175000000000004,4.23055654679708
2026-02-10 17:00:00+00:00,40.7,40.50833333333333,3.9197289909270836
2026-02-10 18:00:00+00:00,42.4,40.85,3.6970023109205497
2026-02-10 19:00:00+00:00,46.3,41.295833333333334,3.6815024303839365
2026-02-10 20:00:00+00:00,53.7,41.89166666666667,4.440320852748991
2026-02-10 21:00:00+00:00,87.2,43.875,10.229252597118084
2026-02-10 22:00:00+00:00,89.4,45.90833333333333,13.782847458270936
2026-02-10 23:00:00+00:00,103.0,48.412499999999994,18.020696133347037
2026-02-11 00:00:00+00:00,116.0,51.40833333333333,22.65355172587943
2026-02-11 01:00:00+00:00,121.0,54.395833333333336,26.725309274114945
2026-02-11 02:00:00+00:00,134.0,58.025,31.202079780179524
2026-02-11 03:00:00+00:00,138.0,61.849999999999994,35.07578131392942
2026-02-11 04:00:00+00:00,106.0,64.34166666666667,36.02682474836308
2026-02-11 05:00:00+00:00,92.7,66.50416666666666,36.109850265985244
2026-02-11 06:00:00+00:00,82.0,68.39166666666667,35.66542494113696
2026-02-11 07:00:00+00:00,76.7,70.03750000000001,35.069878224705064
2026-02-11 08:00:00+00:00,80.5,71.84583333333333,34.4103874504886
2026-02-11 09:00:00+00:00,79.3,73.6125,33.61752017986258
2026-02-11 10:00:00+00:00,67.6,74.89583333333333,32.72721881628906
2026-02-11 11:00:00+00:00,59.9,75.8625,31.881680885532766
2026-02-11 12:00:00+00:00,55.9,76.575,31.20120189992669
2026-02-11 13:00:00+00:00,68.4,77.73333333333333,30.310905867240955
2026-02-11 14:00:00+00:00,100.0,80.18333333333332,29.597542005268124
2026-02-11 15:00:00+00:00,100.0,82.58749999999999,28.716883573499068
2026-02-11 16:00:00+00:00,104.0,85.19583333333334,27.635806627833414
2026-02-11 17:00:00+00:00,103.0,87.79166666666667,26.16117130516058
2026-02-11 18:00:00+00:00,91.5,89.83749999999999,24.311614910680106
2026-02-11 19:00:00+00:00,79.9,91.23750000000001,22.602862698647233
2026-02-11 20:00:00+00:00,79.7,92.32083333333333,21.311702830515845
2026-02-11 21:00:00+00:00,80.4,92.03750000000001,21.427629715331946
2026-02-11 22:00:00+00:00,89.6,92.04583333333333,21.426598244210997
2026-02-11 23:00:00+00:00,94.8,91.70416666666667,21.30938717758076
2026-02-12 00:00:00+00:00,83.3,90.34166666666668,20.725806569853926
2026-02-12 01:00:00+00:00,90.6,89.075,19.672851520725402
2026-02-12 02:00:00+00:00,87.7,87.14583333333333,17.189227647030446
2026-02-12 03:00:00+00:00,102.0,85.64583333333333,13.79398038738359
2026-02-12 04:00:00+00:00,108.0,85.72916666666667,13.927685258744669
2026-02-12 05:00:00+00:00,75.6,85.01666666666667,13.99281389069751
2026-02-12 06:00:00+00:00,58.4,84.03333333333333,15.006539637239669
2026-02-12 07:00:00+00:00,45.8,82.74583333333332,16.872591078732768
2026-02-12 08:00:00+00:00,40.9,81.09583333333333,18.914486722377706
2026-02-12 09:00:00+00:00,40.9,79.49583333333334,20.62024077721047
2026-02-12 10:00:00+00:00,52.5,78.86666666666667,21.220614806211714
2026-02-12 11:00:00+00:00,68.4,79.22083333333333,20.959629501509998
2026-02-12 12:00:00+00:00,63.0,79.51666666666667,20.664181711287043
2026-02-12 13:00:00+00:00,55.3,78.97083333333333,21.138168222367096
2026-02-12 14:00:00+00:00,54.5,77.075,21.210379944529365
2026-02-12 15:00:00+00:00,58.7,75.35416666666667,20.9432562388003
2026-02-12 16:00:00+00:00,65.1,73.73333333333333,20.11896502365811
2026-02-12 17:00:00+00:00,68.2,72.28333333333333,19.148610272348986
2026-02-12 18:00:00+00:00,81.6,71.87083333333334,18.82046710058091
2026-02-12 19:00:00+00:00,92.5,72.39583333333333,19.2255599605601
2026-02-12 20:00:00+00:00,86.6,72.68333333333332,19.390420464680275
2026-02-12 21:00:00+00:00,104.0,73.66666666666667,20.372309994027276
2026-02-12 22:00:00+00:00,98.5,74.0375,20.752408189223818
2026-02-12 23:00:00+00:00,112.0,74.75416666666666,21.772519160163803
2026-02-13 00:00:00+00:00,166.0,78.2,28.64382473853942
2026-02-13 01:00:00+00:00,205.0,82.96666666666667,38.58922655090523
2026-02-13 02:00:00+00:00,241.0,89.35416666666667,50.31331381554424
2026-02-13 03:00:00+00:00,225.0,94.47916666666667,57.42003119020437
2026-02-13 04:00:00+00:00,137.0,95.6875,58.01894227787562
2026-02-13 05:00:00+00:00,76.0,95.70416666666667,58.012978151944196
2026-02-13 06:00:00+00:00,55.2,95.57083333333334,58.106046075943716
2026-02-13 07:00:00+00:00,52.6,95.85416666666667,57.86889965345317
2026-02-13 08:00:00+00:00,45.9,96.06250000000001,57.671120136738026
2026-02-13 09:00:00+00:00,44.3,96.20416666666667,57.53373663729185
2026-02-13 10:00:00+00:00,44.5,95.87083333333334,57.820415223921124
2026-02-13 11:00:00+00:00,45.4,94.91250000000001,58.48233707710374
2026-02-13 12:00:00+00:00,43.6,94.10416666666667,59.07368633043523
2026-02-13 13:00:00+00:00,40.8,93.5,59.55995152858118
2026-02-13 14:00:00+00:00,41.5,92.95833333333333,59.98763580334989
2026-02-13 15:00:00+00:00,40.1,92.18333333333334,60.56682738686359
2026-02-13 16:00:00+00:00,40.6,91.16250000000001,61.245818402068195
2026-02-13 17:00:00+00:00,37.7,89.89166666666667,62.054099235135496
2026-02-13 18:00:00+00:00,45.3,88.37916666666666,62.7039696348724
2026-02-13 19:00:00+00:00,48.5,86.54583333333333,63.219362603327475
2026-02-13 20:00:00+00:00,51.4,85.07916666666667,63.625063281196184
2026-02-13 21:00:00+00:00,50.1,82.83333333333333,63.878932137399424
2026-02-13 22:00:00+00:00,42.3,80.49166666666666,64.30829898885966
2026-02-13 23:00:00+00:00,48.1,77.82916666666667,64.26985552893467
2026-02-14 00:00:00+00:00,43.2,72.7125,61.78535293219998
2026-02-14 01:00:00+00:00,42.1,65.925,55.21985504602797
2026-02-14 02:00:00+00:00,49.0,57.925000000000004,40.77059095667509
2026-02-14 03:00:00+00:00,47.7,50.5375,19.904376020930826
2026-02-14 04:00:00+00:00,46.6,46.770833333333336,7.551186440994896
2026-02-14 05:00:00+00:00,39.4,45.24583333333334,4.450889424223615
2026-02-14 06:00:00+00:00,32.4,44.29583333333333,4.6621024522592345
2026-02-14 07:00:00+00:00,33.2,43.487500000000004,4.838191586335378
2026-02-14 08:00:00+00:00,31.1,42.87083333333334,5.424940726317444
2026-02-14 09:00:00+00:00,29.3,42.24583333333334,6.077898604721472
2026-02-14 10:00:00+00:00,32.2,41.733333333333334,6.390119184209776
2026-02-14 11:00:00+00:00,29.8,41.083333333333336,6.782308614692179
2026-02-14 12:00:00+00:00,32.4,40.61666666666667,6.983936019097036
2026-02-14 13:00:00+00:00,34.4,40.35,7.097887009526177
2026-02-14 14:00:00+00:00,34.2,40.045833333333334,7.202111958770651
2026-02-14 15:00:00+00:00,36.0,39.875,7.249242839023331
2026-02-14 16:00:00+00:00,36.4,39.7,7.281602785818205
2026-02-14 17:00:00+00:00,36.0,39.62916666666667,7.3101168233493485
2026-02-14 18:00:00+00:00,32.9,39.1125,7.330063912171749
2026-02-14 19:00:00+00:00,34.4,38.525,7.10659522219853
2026-02-14 20:00:00+00:00,46.4,38.31666666666667,6.778461199408402
2026-02-14 21:00:00+00:00,40.9,37.93333333333333,6.328312273575421
2026-02-14 22:00:00+00:00,39.7,37.824999999999996,6.272316679006285
2026-02-14 23:00:00+00:00,41.7,37.55833333333333,5.943934918792599
2026-02-15 00:00:00+00:00,42.4,37.525,5.9130842389900655
2026-02-15 01:00:00+00:00,44.1,37.608333333333334,5.99390390796953
2026-02-15 02:00:00+00:00,77.3,38.7875,9.86563259612581
2026-02-15 03:00:00+00:00,43.7,38.62083333333333,9.74152827786312
2026-02-15 04:00:00+00:00,33.6,38.079166666666666,9.639456017786573
2026-02-15 05:00:00+00:00,30.6,37.7125,9.753720026114518
2026-02-15 06:00:00+00:00,32.5,37.71666666666667,9.751372998830481
2026-02-15 07:00:00+00:00,30.4,37.6,9.824237994568048
2026-02-15 08:00:00+00:00,31.6,37.62083333333334,9.810375127635481
2026-02-15 09:00:00+00:00,29.9,37.645833333333336,9.78899022934165
2026-02-15 10:00:00+00:00,32.2,37.645833333333336,9.78899022934165
2026-02-15 11:00:00+00:00,32.6,37.762499999999996,9.707765269192516
2026-02-15 12:00:00+00:00,31.3,37.71666666666667,9.73673754247365
2026-02-15 13:00:00+00:00,32.9,37.65416666666667,9.763729649404882
2026-02-15 14:00:00+00:00,32.6,37.5875,9.79375632959487
2026-02-15 15:00:00+00:00,31.9,37.416666666666664,9.858197501116312
2026-02-15 16:00:00+00:00,31.8,37.225,9.923325617168334
2026-02-15 17:00:00+00:00,32.4,37.074999999999996,9.969747718233341
2026-02-15 18:00:00+00:00,31.9,37.03333333333334,9.990024009487989
2026-02-15 19:00:00+00:00,32.8,36.96666666666667,10.013671813496154
2026-02-15 20:00:00+00:00,32.5,36.387499999999996,9.844897707420172
2026-02-15 21:00:00+00:00,33.8,36.09166666666666,9.810017801990176
2026-02-15 22:00:00+00:00,32.0,35.770833333333336,9.812790196945887
2026-02-15 23:00:00+00:00,30.9,35.32083333333333,9.77663493128961
2026-02-16 00:00:00+00:00,34.6,34.99583333333333,9.660024267080383
2026-02-16 01:00:00+00:00,34.1,34.579166666666666,9.463935166757114
2026-02-16 02:00:00+00:00,38.3,32.95416666666667,2.8393169978879675
2026-02-16 03:00:00+00:00,37.2,32.68333333333333,1.9360800079295055
2026-02-16 04:00:00+00:00,31.5,32.59583333333333,1.9403001037871732
2026-02-16 05:00:00+00:00,30.4,32.5875,1.949651585373838
2026-02-16 06:00:00+00:00,33.1,32.6125,1.9523258147551623
2026-02-16 07:00:00+00:00,29.4,32.57083333333333,2.0113761602380382
2026-02-16 08:00:00+00:00,28.9,32.458333333333336,2.1394669524399403
2026-02-16 09:00:00+00:00,28.6,32.40416666666666,2.221922232167466
2026-02-16 10:00:00+00:00,28.1,32.233333333333334,2.3895909540210507
2026-02-16 11:00:00+00:00,26.6,31.983333333333334,2.649309453369543
2026-02-16 12:00:00+00:00,26.3,31.774999999999995,2.8909529044339894
2026-02-16 13:00:00+00:00,25.9,31.483333333333334,3.11680810343313
2026-02-16 14:00:00+00:00,24.7,31.154166666666665,3.3982065815688474
2026-02-16 15:00:00+00:00,25.9,30.904166666666665,3.5579035310468017
2026-02-16 16:00:00+00:00,22.9,30.533333333333335,3.907146926012996
2026-02-16 17:00:00+00:00,22.2,30.108333333333334,4.236171021989067
2026-02-16 18:00:00+00:00,25.6,29.84583333333333,4.314785416264584
2026-02-16 19:00:00+00:00,30.2,29.7375,4.269794058775155
2026-02-16 20:00:00+00:00,31.3,29.6875,4.242980136034861
2026-02-16 21:00:00+00:00,30.7,29.558333333333337,4.158690917215582
2026-02-16 22:00:00+00:00,47.4,30.200000000000003,5.517797292083625
2026-02-16 23:00:00+00:00,90.8,32.69583333333333,13.549634333800784
2026-02-17 00:00:00+00:00,52.8,33.45416666666667,14.156546470485557
2026-02-17 01:00:00+00:00,35.2,33.5,14.16050846544723
2026-02-17 02:00:00+00:00,40.4,33.5875,14.197896736458292
2026-02-17 03:00:00+00:00,37.1,33.583333333333336,14.19680511109177
2026-02-17 04:00:00+00:00,34.6,33.7125,14.191127433227054
2026-02-17 05:00:00+00:00,31.1,33.74166666666667,14.18474124043063
2026-02-17 06:00:00+00:00,28.1,33.53333333333334,14.23121696243461
2026-02-17 07:00:00+00:00,43.5,34.12083333333334,14.343760320952448
2026-02-17 08:00:00+00:00,32.8,34.28333333333333,14.304078672416095
2026-02-17 09:00:00+00:00,26.0,34.175000000000004,14.358734654194553
2026-02-17 10:00:00+00:00,26.3,34.1,14.396497158503001
2026-02-17 11:00:00+00:00,30.0,34.24166666666667,14.336087534508982
2026-02-17 12:00:00+00:00,31.9,34.475,14.246502240443398
2026-02-17 13:00:00+00:00,31.5,34.708333333333336,14.145453000159181
2026-02-17 14:00:00+00:00,34.0,35.09583333333334,13.985846235660476
2026-02-17 15:00:00+00:00,53.1,36.229166666666664,14.30665637620015
2026-02-17 16:00:00+00:00,54.6,37.55,14.484774615166618
2026-02-17 17:00:00+00:00,50.7,38.737500000000004,14.339147160983766
2026-02-17 18:00:00+00:00,57.5,40.06666666666667,14.54542111326858
2026-02-17 19:00:00+00:00,48.2,40.81666666666666,14.478459762745816
2026-02-17 20:00:00+00:00,44.1,41.35,14.347822134386814
2026-02-17 21:00:00+00:00,50.6,42.17916666666667,14.280451191467446
2026-02-17 22:00:00+00:00,53.8,42.44583333333333,14.44103390152268
2026-02-17 23:00:00+00:00,45.4,40.55416666666667,10.175032492915413
2026-02-18 00:00:00+00:00,48.3,40.36666666666667,9.979137658425078
2026-02-18 01:00:00+00:00,38.4,40.5,9.928352024029158
2026-02-18 02:00:00+00:00,41.6,40.550000000000004,9.93084785556778
2026-02-18 03:00:00+00:00,45.7,40.90833333333334,9.956073814365869
2026-02-18 04:00:00+00:00,48.3,41.479166666666664,9.971392958670922
2026-02-18 05:00:00+00:00,55.8,42.50833333333333,10.127015812931377
2026-02-18 06:00:00+00:00,57.0,43.7125,10.057241064332029
2026-02-18 07:00:00+00:00,54.3,44.162499999999994,10.286327459725117
2026-02-18 08:00:00+00:00,54.8,45.07916666666667,10.209713157264616
2026-02-18 09:00:00+00:00,42.6,45.770833333333336,9.390396535900287
2026-02-18 10:00:00+00:00,41.9,46.42083333333334,8.479795894111824
2026-02-18 11:00:00+00:00,40.4,46.854166666666664,7.846238598521335
2026-02-18 12:00:00+00:00,40.1,47.19583333333333,7.328175475321252
2026-02-18 13:00:00+00:00,39.5,47.52916666666667,6.74166017269161
2026-02-18 14:00:00+00:00,37.5,47.675000000000004,6.468603101671548
2026-02-18 15:00:00+00:00,44.0,47.29583333333334,6.403156773550452
2026-02-18 16:00:00+00:00,50.8,47.137499999999996,6.260074489069126
2026-02-18 17:00:00+00:00,52.4,47.208333333333336,6.3115433699011625
2026-02-18 18:00:00+00:00,82.9,48.26666666666667,9.45771673275847
2026-02-18 19:00:00+00:00,95.2,50.225,13.461708981241932
2026-02-18 20:00:00+00:00,82.4,51.820833333333326,14.897621028836706
2026-02-18 21:00:00+00:00,87.8,53.37083333333334,16.60271007649217
2026-02-18 22:00:00+00:00,87.1,54.75833333333333,17.974883845949005
2026-02-18 23:00:00+00:00,90.7,56.645833333333336,19.280469486586266
2026-02-19 00:00:00+00:00,69.8,57.541666666666664,19.375082982524372
2026-02-19 01:00:00+00:00,52.6,58.133333333333326,18.97787422618568
2026-02-19 02:00:00+00:00,50.5,58.50416666666666,18.726045084126778
2026-02-19 03:00:00+00:00,52.4,58.78333333333333,18.576204195659447
2026-02-19 04:00:00+00:00,57.2,59.15416666666667,18.446208027117798
2026-02-19 05:00:00+00:00,55.5,59.14166666666667,18.448681269394434
2026-02-19 06:00:00+00:00,45.9,58.67916666666667,18.64282072253951
2026-02-19 07:00:00+00:00,41.3,58.13750000000001,18.961719159355148
2026-02-19 08:00:00+00:00,38.2,57.445833333333326,19.386749826636105
2026-02-19 09:00:00+00:00,36.1,57.175000000000004,19.646821847200822
2026-02-19 10:00:00+00:00,32.8,56.79583333333333,20.038343226807893
2026-02-19 11:00:00+00:00,32.2,56.45416666666667,20.39675974195436
2026-02-19 12:00:00+00:00,32.7,56.145833333333336,20.708283979178827
2026-02-19 13:00:00+00:00,42.2,56.258333333333326,20.62107230937328
2026-02-19 14:00:00+00:00,48.5,56.71666666666666,20.305849803243387
2026-02-19 15:00:00+00:00,58.2,57.30833333333333,20.125279726204212
2026-02-19 16:00:00+00:00,77.8,58.43333333333333,20.496864376663993
2026-02-19 17:00:00+00:00,66.5,59.020833333333336,20.518474796412363
2026-02-19 18:00:00+00:00,77.8,58.80833333333334,20.28550385538061
2026-02-19 19:00:00+00:00,47.4,56.81666666666666,18.853131827633845
2026-02-19 20:00:00+00:00,52.9,55.587500000000006,18.057524325959093
2026-02-19 21:00:00+00:00,58.5,54.36666666666667,16.726408868109868
2026-02-19 22:00:00+00:00,63.0,53.362500000000004,15.341951933519773
2026-02-19 23:00:00+00:00,62.4,52.18333333333333,13.298992007133236
2026-02-20 00:00:00+00:00,70.7,52.22083333333333,13.351989891322104
2026-02-20 01:00:00+00:00,65.6,52.76250000000001,13.628863632491155
2026-02-20 02:00:00+00:00,75.3,53.79583333333334,14.369880310737589
2026-02-20 03:00:00+00:00,70.7,54.55833333333334,14.77247489396241
2026-02-20 04:00:00+00:00,60.2,54.68333333333333,14.808448430795588
2026-02-20 05:00:00+00:00,50.8,54.487500000000004,14.828243101536238
2026-02-20 06:00:00+00:00,46.6,54.51666666666667,14.81129611997611
2026-02-20 07:00:00+00:00,40.1,54.46666666666666,14.859798894615025
2026-02-20 08:00:00+00:00,37.4,54.43333333333334,14.898720886638799
2026-02-20 09:00:00+00:00,39.2,54.5625,14.745517004809514
2026-02-20 10:00:00+00:00,42.5,54.96666666666667,14.247613581004337
2026-02-20 11:00:00+00:00,45.4,55.51666666666666,13.569167949457167
2026-02-20 12:00:00+00:00,44.1,55.99166666666667,12.91971586262679
2026-02-20 13:00:00+00:00,47.0,56.19166666666667,12.732734829245436
2026-02-20 14:00:00+00:00,55.8,56.49583333333334,12.627763723900694
2026-02-20 15:00:00+00:00,70.8,57.020833333333336,12.959266591119487
2026-02-20 16:00:00+00:00,64.9,56.48333333333334,12.311276791295034
2026-02-20 17:00:00+00:00,49.5,55.775000000000006,12.198440741411789
2026-02-20 18:00:00+00:00,46.2,54.458333333333336,11.396830858760016
2026-02-20 19:00:00+00:00,44.9,54.354166666666664,11.475303507084522
2026-02-20 20:00:00+00:00,48.6,54.175000000000004,11.532421217178594
2026-02-20 21:00:00+00:00,46.8,53.6875,11.588799408874362
2026-02-20 22:00:00+00:00,47.6,53.04583333333333,11.476553761120128
2026-02-20 23:00:00+00:00,54.6,52.72083333333334,11.309364306382976
2026-02-21 00:00:00+00:00,59.9,52.270833333333336,10.76461510718306
2026-02-21 01:00:00+00:00,67.1,52.333333333333336,10.849390552575544
2026-02-21 02:00:00+00:00,55.2,51.49583333333333,9.71603243262809
2026-02-21 03:00:00+00:00,49.7,50.62083333333333,8.81520322913837
2026-02-21 04:00:00+00:00,51.7,50.26666666666667,8.581256960054855
2026-02-21 05:00:00+00:00,54.8,50.43333333333333,8.630767342915304
2026-02-21 06:00:00+00:00,54.2,50.75,8.623426132394629
2026-02-21 07:00:00+00:00,45.6,50.979166666666664,8.39823890269047
2026-02-21 08:00:00+00:00,47.1,51.38333333333333,7.937071339560469
2026-02-21 09:00:00+00:00,52.0,51.916666666666664,7.5008791755229485
2026-02-21 10:00:00+00:00,49.2,52.19583333333333,7.255850962389075
2026-02-21 11:00:00+00:00,43.6,52.12083333333334,7.337988064897381
2026-02-21 12:00:00+00:00,43.4,52.09166666666667,7.3725646924882415
2026-02-21 13:00:00+00:00,40.6,51.824999999999996,7.67430778637375
2026-02-21 14:00:00+00:00,41.2,51.21666666666667,7.920236418664101
2026-02-21 15:00:00+00:00,39.0,49.89166666666667,7.1213040248601915
2026-02-21 16:00:00+00:00,42.3,48.949999999999996,6.519202405202451
2026-02-21 17:00:00+00:00,45.6,48.7875,6.553413481603845
2026-02-21 18:00:00+00:00,50.7,48.974999999999994,6.540525839782838
2026-02-21 19:00:00+00:00,47.3,49.07500000000001,6.493692591912422
2026-02-21 20:00:00+00:00,45.6,48.949999999999996,6.5319948347910195
2026-02-21 21:00:00+00:00,45.5,48.895833333333336,6.555945139082855
2026-02-21 22:00:00+00:00,46.3,48.84166666666667,6.572466724189417
2026-02-21 23:00:00+00:00,55.1,48.86249999999999,6.592275618182572
2026-02-22 00:00:00+00:00,66.8,49.150000000000006,7.215562890453132
2026-02-22 01:00:00+00:00,47.4,48.32916666666666,6.122551270342176
2026-02-22 02:00:00+00:00,46.7,47.975,5.951269502858179
2026-02-22 03:00:00+00:00,43.6,47.72083333333334,6.004417154255402
2026-02-22 04:00:00+00:00,42.3,47.32916666666667,6.0400460095184085
2026-02-22 05:00:00+00:00,41.5,46.775000000000006,5.934002974750328
2026-02-22 06:00:00+00:00,40.0,46.18333333333334,5.869054191387853
2026-02-22 07:00:00+00:00,39.8,45.94166666666667,6.011793964089652
2026-02-22 08:00:00+00:00,39.0,45.604166666666664,6.169242020009221
2026-02-22 09:00:00+00:00,38.0,45.020833333333336,6.199998539036623
2026-02-22 10:00:00+00:00,36.9,44.508333333333326,6.346167392978896
2026-02-22 11:00:00+00:00,36.2,44.199999999999996,6.568104749469094
2026-02-22 12:00:00+00:00,37.2,43.94166666666667,6.72108406542362
2026-02-22 13:00:00+00:00,39.7,43.90416666666667,6.743014367003954
2026-02-22 14:00:00+00:00,41.4,43.9125,6.7396498747918026
2026-02-22 15:00:00+00:00,43.0,44.07916666666667,6.661895484715582
2026-02-22 16:00:00+00:00,42.4,44.083333333333336,6.660765504162999
2026-02-22 17:00:00+00:00,43.1,43.979166666666664,6.655561856311376
2026-02-22 18:00:00+00:00,42.5,43.637499999999996,6.504300416881287
2026-02-22 19:00:00+00:00,46.1,43.5875,6.479486862398797
2026-02-22 20:00:00+00:00,47.8,43.67916666666667,6.524600881790797
2026-02-22 21:00:00+00:00,50.1,43.87083333333334,6.646835086465227
2026-02-22 22:00:00+00:00,51.4,44.083333333333336,6.807455418536416
2026-02-22 23:00:00+00:00,48.4,43.80416666666667,6.464786163897928
2026-02-23 00:00:00+00:00,38.9,42.64166666666667,4.293869914258992
2026-02-23 01:00:00+00:00,37.7,42.2375,4.283011181704713
2026-02-23 02:00:00+00:00,39.3,41.92916666666667,4.2135886973153776
2026-02-23 03:00:00+00:00,36.6,41.637499999999996,4.333470594258531
2026-02-23 04:00:00+00:00,31.2,41.175000000000004,4.824236817317778
2026-02-23 05:00:00+00:00,27.9,40.608333333333334,5.531327120153374
2026-02-23 06:00:00+00:00,25.3,39.99583333333334,6.354285042850732
2026-02-23 07:00:00+00:00,22.3,39.266666666666666,7.309949542838185
2026-02-23 08:00:00+00:00,20.1,38.479166666666664,8.292006583958166
2026-02-23 09:00:00+00:00,20.8,37.762499999999996,9.044374302390358
2026-02-23 10:00:00+00:00,23.1,37.1875,9.527366190177599
2026-02-23 11:00:00+00:00,23.9,36.675,9.90609166997324
2026-02-23 12:00:00+00:00,25.6,36.19166666666667,10.159121695461113
2026-02-23 13:00:00+00:00,28.1,35.708333333333336,10.260388867394127
2026-02-23 14:00:00+00:00,28.0,35.15,10.30170944024849
2026-02-23 15:00:00+00:00,28.6,34.550000000000004,10.243810432349562
2026-02-23 16:00:00+00:00,29.2,34.0,10.158012472492103
2026-02-23 17:00:00+00:00,29.4,33.42916666666667,10.008234834013166
2026-02-23 18:00:00+00:00,31.1,32.954166666666666,9.827909644019705
2026-02-23 19:00:00+00:00,36.0,32.53333333333333,9.449484304616286
2026-02-23 20:00:00+00:00,39.5,32.1875,9.00803083727063
2026-02-23 21:00:00+00:00,37.7,31.670833333333334,8.260565259460058
2026-02-23 22:00:00+00:00,37.6,31.095833333333335,7.245477099943009
2026-02-23 23:00:00+00:00,42.7,30.858333333333334,6.728583846524591
2026-02-24 00:00:00+00:00,59.0,31.69583333333333,8.727143024055476
2026-02-24 01:00:00+00:00,48.9,32.1625,9.34008716559277
2026-02-24 02:00:00+00:00,103.0,34.81666666666666,17.20009268596532
2026-02-24 03:00:00+00:00,130.0,38.708333333333336,25.957823930144947
2026-02-24 04:00:00+00:00,160.0,44.074999999999996,35.790249461574554
2026-02-24 05:00:00+00:00,121.0,47.95416666666666,38.87345108522473
2026-02-24 06:00:00+00:00,91.4,50.708333333333336,39.5345849326523
2026-02-24 07:00:00+00:00,68.7,52.64166666666667,39.21821800118413
2026-02-24 08:00:00+00:00,72.5,54.82500000000001,38.783997708602264
2026-02-24 09:00:00+00:00,114.0,58.708333333333336,39.8795023808588
2026-02-24 10:00:00+00:00,74.6,60.854166666666664,39.26094396489325
2026-02-24 11:00:00+00:00,47.8,61.849999999999994,38.580069195511165
2026-02-24 12:00:00+00:00,37.8,62.35833333333333,38.15975476936357
2026-02-24 13:00:00+00:00,41.7,62.925000000000004,37.727434948934466
2026-02-24 14:00:00+00:00,45.0,63.63333333333333,37.199096139868544
2026-02-24 15:00:00+00:00,44.9,64.3125,36.676794138267645
2026-02-24 16:00:00+00:00,48.4,65.1125,36.08219255484915
2026-02-24 17:00:00+00:00,47.6,65.87083333333334,35.48531207680721
2026-02-24 18:00:00+00:00,58.5,67.0125,34.75116904508385
2026-02-24 19:00:00+00:00,95.0,69.47083333333333,34.548195437258485
2026-02-24 20:00:00+00:00,110.0,72.40833333333333,34.88462869002009
2026-02-24 21:00:00+00:00,86.5,74.44166666666668,34.188886023622125
2026-02-24 22:00:00+00:00,42.2,74.63333333333334,33.98565767402808
2026-02-24 23:00:00+00:00,50.9,74.975,33.690603128030034
2026-02-25 00:00:00+00:00,51.8,74.675,33.87061378630245
2026-02-25 01:00:00+00:00,53.7,74.875,33.725661111256166
2026-02-25 02:00:00+00:00,134.0,76.16666666666667,35.40165393663504
2026-02-25 03:00:00+00:00,141.0,76.625,36.19131831999385
2026-02-25 04:00:00+00:00,189.0,77.83333333333333,39.434796670019594
2026-02-25 05:00:00+00:00,114.0,77.54166666666667,39.12632736091665
2026-02-25 06:00:00+00:00,88.3,77.4125,39.08368182224648
2026-02-25 07:00:00+00:00,120.0,79.55,39.979027110419324
2026-02-25 08:00:00+00:00,85.3,80.08333333333333,39.96626475967664
2026-02-25 09:00:00+00:00,60.8,77.86666666666666,39.475657514877135
2026-02-25 10:00:00+00:00,37.0,76.3,40.347425972528754
2026-02-25 11:00:00+00:00,27.7,75.4625,41.16505284931562
2026-02-25 12:00:00+00:00,24.6,74.91250000000001,41.77381447853366
2026-02-25 13:00:00+00:00,28.8,74.375,42.29942182768594
2026-02-25 14:00:00+00:00,31.2,73.8,42.80684626267759
2026-02-25 15:00:00+00:00,30.3,73.19166666666666,43.33587645826249
2026-02-25 16:00:00+00:00,31.4,72.48333333333333,43.894058889525056
2026-02-25 17:00:00+00:00,29.1,71.71249999999999,44.508185006902806
2026-02-25 18:00:00+00:00,29.4,70.5,45.273564606444516
2026-02-25 19:00:00+00:00,28.5,67.72916666666667,45.741470853013624
2026-02-25 20:00:00+00:00,32.4,64.49583333333332,45.36466235496197
2026-02-25 21:00:00+00:00,37.7,62.4625,45.429121214787116
2026-02-25 22:00:00+00:00,40.9,62.40833333333333,45.45509888332384
2026-02-25 23:00:00+00:00,39.6,61.9375,45.63764476356347
2026-02-26 00:00:00+00:00,40.4,61.462500000000006,45.80675678752316
2026-02-26 01:00:00+00:00,44.1,61.0625,45.91926575405251
2026-02-26 02:00:00+00:00,45.9,57.39166666666667,43.280650528208604
2026-02-26 03:00:00+00:00,37.8,53.09166666666667,39.58131878931583
2026-02-26 04:00:00+00:00,29.6,46.449999999999996,27.23150349519274
2026-02-26 05:00:00+00:00,32.0,43.03333333333333,23.239203508514326
2026-02-26 06:00:00+00:00,44.3,41.199999999999996,21.1549768016479
2026-02-26 07:00:00+00:00,38.5,37.80416666666667,12.877937965058106
2026-02-26 08:00:00+00:00,32.7,35.612500000000004,7.992567879245641
2026-02-26 09:00:00+00:00,34.1,34.5,5.925038983544608
2026-02-26 10:00:00+00:00,31.4,34.266666666666666,5.932567936302307
2026-02-26 11:00:00+00:00,27.3,34.25,5.9523469978329
2026-02-26 12:00:00+00:00,28.5,34.4125,5.726392938574695
2026-02-26 13:00:00+00:00,26.7,34.325,5.830970535966203
2026-02-26 14:00:00+00:00,24.6,34.050000000000004,6.132592897965395
2026-02-26 15:00:00+00:00,26.0,33.87083333333334,6.3072407780174204
2026-02-26 16:00:00+00:00,23.9,33.55833333333333,6.613353859832704
2026-02-26 17:00:00+00:00,34.3,33.775,6.545775272115995
2026-02-26 18:00:00+00:00,29.7,33.7875,6.537338409342339
2026-02-26 19:00:00+00:00,23.9,33.59583333333333,6.762651857439456
2026-02-26 20:00:00+00:00,16.6,32.9375,7.601190553202103
2026-02-26 21:00:00+00:00,12.3,31.879166666666666,8.610508199245704
2026-02-26 22:00:00+00:00,15.7,30.829166666666666,8.990743025185955
2026-02-26 23:00:00+00:00,18.2,29.9375,9.14296177395501
2026-02-27 00:00:00+00:00,19.4,29.0625,9.102928936193779
2026-02-27 01:00:00+00:00,20.3,28.070833333333336,8.680086112910352
2026-02-27 02:00:00+00:00,23.8,27.149999999999995,7.837812472101459
2026-02-27 03:00:00+00:00,24.1,26.579166666666666,7.520926120508573
2026-02-27 04:00:00+00:00,26.0,26.429166666666664,7.493909362691487
2026-02-27 05:00:00+00:00,25.4,26.154166666666665,7.401115025669559
2026-02-27 06:00:00+00:00,28.4,25.49166666666667,6.342055397634911
2026-02-27 07:00:00+00:00,27.7,25.041666666666668,5.732813003015166
2026-02-27 08:00:00+00:00,28.3,24.858333333333334,5.544516810928635
2026-02-27 09:00:00+00:00,31.0,24.729166666666668,5.3526490123376265
2026-02-27 10:00:00+00:00,32.4,24.770833333333332,5.410415009933502
2026-02-27 11:00:00+00:00,33.2,25.016666666666666,5.658672963703458
2026-02-27 12:00:00+00:00,34.3,25.258333333333336,5.931193637963441
2026-02-27 13:00:00+00:00,35.2,25.612499999999997,6.265385410956736
2026-02-27 14:00:00+00:00,37.7,26.15833333333333,6.726968221218136
2026-02-27 15:00:00+00:00,39.1,26.704166666666666,7.226489866948176
2026-02-27 16:00:00+00:00,40.0,27.375,7.687440349715754
2026-02-27 17:00:00+00:00,40.1,27.61666666666667,7.9994383860841545
2026-02-27 18:00:00+00:00,40.0,28.045833333333334,8.383160095596931
2026-02-27 19:00:00+00:00,39.2,28.683333333333334,8.63222812018099
2026-02-27 20:00:00+00:00,39.2,29.625,8.48826555745729
2026-02-27 21:00:00+00:00,41.6,30.845833333333335,7.979973802216419
2026-02-27 22:00:00+00:00,40.4,31.875,7.521288626870919
2026-02-27 23:00:00+00:00,41.0,32.825,7.149657942562999
2026-02-28 00:00:00+00:00,43.7,33.8375,6.881406106312997
2026-02-28 01:00:00+00:00,39.8,34.65,6.34370622709263
2026-02-28 02:00:00+00:00,40.3,35.3375,6.001580407801421
2026-02-28 03:00:00+00:00,38.6,35.94166666666667,5.5326632211659135
2026-02-28 04:00:00+00:00,34.9,36.3125,5.120233732776484
2026-02-28 05:00:00+00:00,35.7,36.74166666666667,4.567647731283872
2026-02-28 06:00:00+00:00,32.4,36.90833333333333,4.316088876333181
2026-02-28 07:00:00+00:00,32.7,37.11666666666667,3.9581140290127887
2026-02-28 08:00:00+00:00,33.9,37.35,3.5608987629531317
2026-02-28 09:00:00+00:00,33.6,37.458333333333336,3.3949984525408468
2026-02-28 10:00:00+00:00,35.4,37.583333333333336,3.252913966793991
2026-02-28 11:00:00+00:00,36.4,37.71666666666667,3.1286428043326593
2026-02-28 12:00:00+00:00,42.9,38.074999999999996,3.2116973705505023
2026-02-28 13:00:00+00:00,39.3,38.24583333333334,3.160762038918407
2026-02-28 14:00:00+00:00,41.4,38.4,3.2226103381118385
2026-02-28 15:00:00+00:00,40.4,38.454166666666666,3.245730194078763
2026-02-28 16:00:00+00:00,36.9,38.324999999999996,3.2432203534250537
2026-02-28 17:00:00+00:00,41.9,38.4,3.3062523115798403
2026-02-28 18:00:00+00:00,46.8,38.68333333333333,3.7153812685934913
2026-02-28 19:00:00+00:00,40.0,38.71666666666667,3.72379734500517
2026-02-28 20:00:00+00:00,39.5,38.729166666666664,3.7259932048139492
2026-02-28 21:00:00+00:00,40.3,38.675,3.6917357764985232
2026-02-28 22:00:00+00:00,40.0,38.65833333333333,3.684505354880873
2026-02-28 23:00:00+00:00,43.2,38.75,3.7716332524922445
2026-03-01 00:00:00+00:00,50.5,39.03333333333333,4.367933216031465
2026-03-01 01:00:00+00:00,53.5,39.604166666666664,5.273764365205452
2026-03-01 02:00:00+00:00,47.2,39.891666666666666,5.496711797039282
2026-03-01 03:00:00+00:00,41.4,40.00833333333333,5.497819066935022
2026-03-01 04:00:00+00:00,38.4,40.15416666666667,5.402010830653098
2026-03-01 05:00:00+00:00,37.0,40.208333333333336,5.361774257501561
2026-03-01 06:00:00+00:00,37.6,40.425000000000004,5.132695706682004
2026-03-01 07:00:00+00:00,34.6,40.50416666666666,5.021820141764581
2026-03-01 08:00:00+00:00,32.3,40.4375,5.122907844438475
2026-03-01 09:00:00+00:00,29.7,40.275,5.403400700525122
2026-03-01 10:00:00+00:00,30.5,40.07083333333333,5.681050053480039
2026-03-01 11:00:00+00:00,32.3,39.9,5.855209497607257
2026-03-01 12:00:00+00:00,35.6,39.59583333333334,5.882137970283423
2026-03-01 13:00:00+00:00,39.5,39.604166666666664,5.881842299873435
2026-03-01 14:00:00+00:00,40.8,39.579166666666666,5.875148780108169
2026-03-01 15:00:00+00:00,40.8,39.59583333333333,5.878145164906261
2026-03-01 16:00:00+00:00,41.0,39.766666666666666,5.855927258596345
2026-03-01 17:00:00+00:00,45.6,39.920833333333334,5.962271172651622
2026-03-01 18:00:00+00:00,42.6,39.74583333333333,5.811306757682367
2026-03-01 19:00:00+00:00,44.0,39.9125,5.875913435003348
2026-03-01 20:00:00+00:00,43.9,40.09583333333333,5.930868340754409
2026-03-01 21:00:00+00:00,41.2,40.13333333333333,5.935059185571153
2026-03-01 22:00:00+00:00,39.7,40.12083333333333,5.9356681003154215
2026-03-01 23:00:00+00:00,41.8,40.0625,5.910919335543752
2026-03-02 00:00:00+00:00,40.0,39.625,5.477483554238864
2026-03-02 01:00:00+00:00,45.8,39.30416666666667,4.81487542542064
2026-03-02 02:00:00+00:00,46.8,39.2875,4.7869671346090135
2026-03-02 03:00:00+00:00,43.6,39.37916666666666,4.84983004333926
2026-03-02 04:00:00+00:00,38.2,39.37083333333333,4.851757114845095
2026-03-02 05:00:00+00:00,35.5,39.30833333333333,4.893111099483108
2026-03-02 06:00:00+00:00,36.3,39.25416666666666,4.91996634547234
2026-03-02 07:00:00+00:00,35.5,39.291666666666664,4.8862643921656215
2026-03-02 08:00:00+00:00,34.8,39.395833333333336,4.7556354823073255
2026-03-02 09:00:00+00:00,34.1,39.57916666666667,4.439935288077916
2026-03-02 10:00:00+00:00,35.0,39.76666666666667,4.1235976975227775
2026-03-02 11:00:00+00:00,34.3,39.85,3.9839896979088847
2026-03-02 12:00:00+00:00,35.4,39.84166666666666,3.9934638627623835
2026-03-02 13:00:00+00:00,36.6,39.72083333333333,4.047756132741398
2026-03-02 14:00:00+00:00,36.1,39.525,4.1065430293830625
2026-03-02 15:00:00+00:00,36.7,39.354166666666664,4.136368830441744
2026-03-02 16:00:00+00:00,38.8,39.2625,4.12266402895663
2026-03-02 17:00:00+00:00,39.3,39.0,3.8959287557097344
2026-03-02 18:00:00+00:00,39.5,38.87083333333333,3.822073096321418
2026-03-02 19:00:00+00:00,41.4,38.762499999999996,3.7054381305226585
2026-03-02 20:00:00+00:00,43.1,38.729166666666664,3.6605391817941384
2026-03-02 21:00:00+00:00,45.4,38.90416666666666,3.877749141679732
2026-03-02 22:00:00+00:00,43.6,39.06666666666667,3.9925655548964625
2026-03-02 23:00:00+00:00,45.3,39.2125,4.157268386186217
2026-03-03 00:00:00+00:00,48.9,39.583333333333336,4.603558799797075
2026-03-03 01:00:00+00:00,49.9,39.75416666666667,4.910147360461795
2026-03-03 02:00:00+00:00,70.4,40.7375,7.859738489952149
2026-03-03 03:00:00+00:00,92.3,42.76666666666667,13.14222093158127
2026-03-03 04:00:00+00:00,49.9,43.25416666666666,13.182398645844808
2026-03-03 05:00:00+00:00,49.0,43.81666666666666,13.125039682479692
2026-03-03 06:00:00+00:00,54.6,44.57916666666667,13.200723931619827
2026-03-03 07:00:00+00:00,58.6,45.541666666666664,13.351238882970545
2026-03-03 08:00:00+00:00,52.0,46.25833333333333,13.210467413205404
2026-03-03 09:00:00+00:00,43.4,46.645833333333336,12.972579079389496
2026-03-03 10:00:00+00:00,40.8,46.887499999999996,12.799059493300394
2026-03-03 11:00:00+00:00,40.0,47.125,12.606770092847434
2026-03-03 12:00:00+00:00,38.8,47.26666666666666,12.487825955763826
2026-03-03 13:00:00+00:00,38.9,47.362500000000004,12.410998365755352
2026-03-03 14:00:00+00:00,39.4,47.5,12.298568315405458
2026-03-03 15:00:00+00:00,39.1,47.6,12.216418033335989
2026-03-03 16:00:00+00:00,38.7,47.59583333333333,12.219566603239818
2026-03-03 17:00:00+00:00,40.6,47.65,12.184023751725373
2026-03-03 18:00:00+00:00,44.8,47.87083333333333,12.077448592014496
2026-03-03 19:00:00+00:00,43.5,47.958333333333336,12.036065970987794
2026-03-03 20:00:00+00:00,45.6,48.06249999999999,12.002963854996278
2026-03-03 21:00:00+00:00,44.8,48.0375,12.009373603474303
2026-03-03 22:00:00+00:00,43.2,48.02083333333332,12.016075434208085
2026-03-03 23:00:00+00:00,46.5,48.070833333333326,12.006754590525317
2026-03-04 00:00:00+00:00,47.5,48.012499999999996,12.00595187541504
2026-03-04 01:00:00+00:00,42.9,47.72083333333333,12.043074111619939
2026-03-04 02:00:00+00:00,39.3,46.425000000000004,11.135694664104863
2026-03-04 03:00:00+00:00,35.3,44.050000000000004,5.656700528538278
2026-03-04 04:00:00+00:00,32.9,43.34166666666667,5.949126108032633
2026-03-04 05:00:00+00:00,29.8,42.541666666666664,6.426907882297405
2026-03-04 06:00:00+00:00,25.2,41.31666666666667,6.818559497664363
2026-03-04 07:00:00+00:00,22.7,39.82083333333333,6.79993472901331
2026-03-04 08:00:00+00:00,22.3,38.583333333333336,7.179055688578483
2026-03-04 09:00:00+00:00,22.7,37.72083333333334,7.792470120552996
2026-03-04 10:00:00+00:00,22.3,36.949999999999996,8.368366938500756
2026-03-04 11:00:00+00:00,22.3,36.2125,8.85375442348079
2026-03-04 12:00:00+00:00,23.0,35.55416666666667,9.232314664155053
2026-03-04 13:00:00+00:00,23.6,34.916666666666664,9.51514429814358
2026-03-04 14:00:00+00:00,22.7,34.22083333333333,9.779969732622702
2026-03-04 15:00:00+00:00,23.5,33.57083333333333,9.95836895876239
2026-03-04 16:00:00+00:00,23.3,32.92916666666667,10.108518971496434
2026-03-04 17:00:00+00:00,22.9,32.19166666666666,10.170029142221036
2026-03-04 18:00:00+00:00,26.1,31.412499999999998,9.874090491963315
2026-03-04 19:00:00+00:00,28.6,30.791666666666668,9.543944889717942
2026-03-04 20:00:00+00:00,29.6,30.125,9.008365677186697
2026-03-04 21:00:00+00:00,31.8,29.583333333333332,8.461866721108262
2026-03-04 22:00:00+00:00,33.9,29.195833333333336,8.012190666438533
2026-03-04 23:00:00+00:00,46.6,29.2,8.021601271350015
2026-03-05 00:00:00+00:00,37.7,28.791666666666668,7.263124053359907
2026-03-05 01:00:00+00:00,34.1,28.425,6.721881853482436
2026-03-05 02:00:00+00:00,29.3,28.008333333333336,6.316157105369749
2026-03-05 03:00:00+00:00,28.1,27.708333333333332,6.12279537371685
2026-03-05 04:00:00+00:00,26.7,27.450000000000003,6.024226452236734
2026-03-05 05:00:00+00:00,23.4,27.183333333333337,6.057239051543118
2026-03-05 06:00:00+00:00,21.0,27.008333333333336,6.176527564386477
2026-03-05 07:00:00+00:00,21.4,26.954166666666666,6.221490047070707
2026-03-05 08:00:00+00:00,20.6,26.883333333333336,6.286124586646637
2026-03-05 09:00:00+00:00,20.6,26.795833333333334,6.36105536545011
2026-03-05 10:00:00+00:00,22.2,26.791666666666668,6.364160292755585
2026-03-05 11:00:00+00:00,23.6,26.845833333333335,6.329707676928303
2026-03-05 12:00:00+00:00,23.8,26.879166666666666,6.310652082799978
2026-03-05 13:00:00+00:00,23.9,26.89166666666667,6.304168163357227
2026-03-05 14:00:00+00:00,24.8,26.979166666666668,6.257863169587373
2026-03-05 15:00:00+00:00,26.1,27.087500000000002,6.217388833991825
2026-03-05 16:00:00+00:00,27.7,27.270833333333332,6.165505668226269
2026-03-05 17:00:00+00:00,28.2,27.49166666666667,6.096678829791339
2026-03-05 18:00:00+00:00,29.8,27.645833333333332,6.10673036879017
2026-03-05 19:00:00+00:00,30.2,27.712500000000002,6.126301991165566
2026-03-05 20:00:00+00:00,30.2,27.7375,6.135556563819516
2026-03-05 21:00:00+00:00,31.2,27.712500000000002,6.119485094849862
2026-03-05 22:00:00+00:00,32.2,27.64166666666667,6.0542415362878295
2026-03-05 23:00:00+00:00,40.0,27.36666666666667,5.252466639313777
2026-03-06 00:00:00+00:00,32.9,27.166666666666668,4.9229424452093005
2026-03-06 01:00:00+00:00,30.5,27.016666666666666,4.754463958874298
2026-03-06 02:00:00+00:00,30.7,27.075000000000003,4.792135767838184
2026-03-06 03:00:00+00:00,29.9,27.150000000000002,4.822862220715282
2026-03-06 04:00:00+00:00,28.4,27.22083333333333,4.828446430016488
2026-03-06 05:00:00+00:00,27.2,27.379166666666663,4.759519446574575
2026-03-06 06:00:00+00:00,26.0,27.587499999999995,4.57396341309706
2026-03-06 07:00:00+00:00,26.1,27.78333333333333,4.394627813955472
2026-03-06 08:00:00+00:00,26.0,28.00833333333333,4.141824494704012
2026-03-06 09:00:00+00:00,26.0,28.23333333333333,3.8588877274100883
2026-03-06 10:00:00+00:00,24.4,28.325,3.733427146854767
2026-03-06 11:00:00+00:00,25.5,28.40416666666667,3.6480464297519206
2026-03-06 12:00:00+00:00,28.5,28.600000000000005,3.5138236327029344
2026-03-06 13:00:00+00:00,29.9,28.849999999999998,3.375615885834484
2026-03-06 14:00:00+00:00,31.1,29.1125,3.290871762394301
2026-03-06 15:00:00+00:00,30.8,29.308333333333334,3.243309724805341
2026-03-06 16:00:00+00:00,30.1,29.408333333333335,3.228529974633012
2026-03-06 17:00:00+00:00,30.5,29.504166666666666,3.2252373241521037
2026-03-06 18:00:00+00:00,32.1,29.600000000000005,3.268292999478036
2026-03-06 19:00:00+00:00,33.1,29.72083333333333,3.344168079646995
2026-03-06 20:00:00+00:00,33.8,29.870833333333334,3.445788755122671
2026-03-06 21:00:00+00:00,36.1,30.075,3.666090205014959
2026-03-06 22:00:00+00:00,36.8,30.266666666666666,3.895110275457327
2026-03-06 23:00:00+00:00,42.4,30.366666666666664,4.176504328478462
2026-03-07 00:00:00+00:00,39.7,30.650000000000002,4.568131575048896
2026-03-07 01:00:00+00:00,34.7,30.825,4.6419870183212515
2026-03-07 02:00:00+00:00,33.6,30.94583333333333,4.6762098333799385
2026-03-07 03:00:00+00:00,32.0,31.03333333333333,4.675436893481684
2026-03-07 04:00:00+00:00,32.1,31.1875,4.645737878398296
2026-03-07 05:00:00+00:00,32.0,31.3875,4.569303295765964
2026-03-07 06:00:00+00:00,34.3,31.73333333333333,4.456521032167012
2026-03-07 07:00:00+00:00,32.9,32.01666666666667,4.296071680507661
2026-03-07 08:00:00+00:00,34.1,32.354166666666664,4.117299575826775
2026-03-07 09:00:00+00:00,32.4,32.62083333333334,3.888777517384092
2026-03-07 10:00:00+00:00,31.5,32.916666666666664,3.4853315813399792
2026-06-21 20:00:00+00:00,25.8,32.92916666666667,3.458006357862326
2026-06-21 21:00:00+00:00,22.7,32.6875,3.948837198137336
2026-06-21 22:00:00+00:00,23.4,32.416666666666664,4.350778707578761
2026-06-21 23:00:00+00:00,23.0,32.07916666666667,4.752937688069201
2026-06-22 00:00:00+00:00,24.9,31.833333333333332,4.969617837346986
2026-06-22 01:00:00+00:00,25.1,31.625,5.147075995587187
2026-06-22 02:00:00+00:00,25.4,31.412499999999998,5.29858984521619
2026-06-22 03:00:00+00:00,42.6,31.849999999999998,5.770313833677714
2026-06-22 04:00:00+00:00,34.5,31.908333333333335,5.790540762212329
2026-06-22 05:00:00+00:00,20.6,31.35833333333333,6.214423382021581
2026-06-22 06:00:00+00:00,27.6,31.004166666666666,6.174525446765585
2026-06-22 07:00:00+00:00,23.5,30.45,6.228336368007566
2026-06-22 08:00:00+00:00,18.1,29.4375,6.176168257732984
2026-06-22 09:00:00+00:00,8.5,28.1375,7.131791195217126
2026-06-22 10:00:00+00:00,5.2,26.908333333333335,8.383831056766866
2026-06-22 11:00:00+00:00,5.2,25.724999999999998,9.347180463043317
2026-06-22 12:00:00+00:00,5.9,24.637500000000003,10.075316911619627
2026-06-22 13:00:00+00:00,6.5,23.570833333333336,10.592757130378843
2026-06-22 14:00:00+00:00,9.0,22.6125,10.834659060465416
2026-06-22 15:00:00+00:00,8.7,21.545833333333334,10.893994323426295
2026-06-22 16:00:00+00:00,30.0,21.425,10.778047334644151
2026-06-22 17:00:00+00:00,32.6,21.362499999999997,10.70545624801973
2026-06-22 18:00:00+00:00,49.0,22.054166666666664,11.917250163073655
2026-06-22 19:00:00+00:00,38.3,22.337500000000002,12.228363767683158
2026-06-22 20:00:00+00:00,28.9,22.46666666666667,12.282779272895457
2026-06-22 21:00:00+00:00,18.8,22.304166666666664,12.305335681398038
2026-06-22 22:00:00+00:00,18.7,22.108333333333334,12.32452192093932
2026-06-22 23:00:00+00:00,20.9,22.020833333333332,12.325370764920514
2026-06-23 00:00:00+00:00,22.1,21.90416666666667,12.31017533046018
2026-06-23 01:00:00+00:00,22.0,21.775000000000002,12.291433920665671
2026-06-23 02:00:00+00:00,30.5,21.9875,12.400431707071444
2026-06-23 03:00:00+00:00,32.2,21.55416666666667,11.816789057235141
2026-06-23 04:00:00+00:00,33.4,21.508333333333336,11.766419301912096
2026-06-23 05:00:00+00:00,30.8,21.933333333333334,11.915450936263237
2026-06-23 06:00:00+00:00,28.7,21.979166666666668,11.940285451641026
2026-06-23 07:00:00+00:00,25.6,22.066666666666666,11.959593808235072
2026-06-23 08:00:00+00:00,28.1,22.483333333333334,11.989548588763567
2026-06-23 09:00:00+00:00,28.4,23.3125,11.664152161738004
2026-06-23 10:00:00+00:00,28.5,24.28333333333333,11.044245665451482
2026-06-23 11:00:00+00:00,28.2,25.24166666666667,10.288360526286182
2026-06-23 12:00:00+00:00,24.9,26.03333333333333,9.430600823068534
2026-06-23 13:00:00+00:00,26.6,26.870833333333334,8.463398390649195
2026-06-23 14:00:00+00:00,23.4,27.47083333333333,7.608660921245961
2026-06-23 15:00:00+00:00,26.2,28.2,6.487513089540481
2026-06-23 16:00:00+00:00,38.9,28.570833333333336,6.839684658804567
2026-06-23 17:00:00+00:00,30.7,28.491666666666664,6.801912561387137
2026-06-23 18:00:00+00:00,32.5,27.804166666666664,5.3089325191375565
2026-06-23 19:00:00+00:00,35.6,27.691666666666666,5.1013993533462445
2026-06-23 20:00:00+00:00,34.5,27.925,5.283876212222383
2026-06-23 21:00:00+00:00,30.7,28.420833333333334,4.937344750815798
2026-06-23 22:00:00+00:00,32.9,29.012500000000003,4.558061420499497
2026-06-23 23:00:00+00:00,32.3,29.487499999999997,4.260160488914317
2026-06-24 00:00:00+00:00,32.6,29.924999999999997,3.9997010757873412
2026-06-24 01:00:00+00:00,35.2,30.475000000000005,3.763121969392419
2026-06-24 02:00:00+00:00,36.2,30.712500000000002,3.940460412295962
2026-06-24 03:00:00+00:00,38.6,30.979166666666668,4.2499083536583235
2026-06-24 04:00:00+00:00,46.8,31.537500000000005,5.325803674809149
2026-06-24 05:00:00+00:00,41.2,31.97083333333333,5.674847568661038
2026-06-24 06:00:00+00:00,31.2,32.075,5.6350031827468445
2026-06-24 07:00:00+00:00,33.3,32.395833333333336,5.46701406195603
2026-06-24 08:00:00+00:00,33.4,32.61666666666667,5.392480002717848
2026-06-24 09:00:00+00:00,28.4,32.61666666666667,5.392480002717848
2026-06-24 10:00:00+00:00,24.6,32.454166666666666,5.577515355087214
2026-06-24 11:00:00+00:00,27.7,32.43333333333333,5.595002946470741
2026-06-24 12:00:00+00:00,25.7,32.46666666666667,5.550375362682098
2026-06-24 13:00:00+00:00,27.7,32.512499999999996,5.504173317860298
2026-06-24 14:00:00+00:00,32.1,32.875,5.1532387452183
2026-06-24 15:00:00+00:00,32.7,33.145833333333336,4.954135660731262
2026-06-24 16:00:00+00:00,40.6,33.21666666666666,5.051187261785571
2026-06-24 17:00:00+00:00,42.8,33.72083333333334,5.382094239773085
2026-06-24 18:00:00+00:00,46.5,34.30416666666667,5.9705421184685745
2026-06-24 19:00:00+00:00,44.8,34.6875,6.341191254152525
2026-06-24 20:00:00+00:00,45.6,35.15,6.720377836168948
2026-06-24 21:00:00+00:00,46.8,35.82083333333333,7.052226239106157
2026-06-24 22:00:00+00:00,47.2,36.416666666666664,7.390691364181078
2026-06-24 23:00:00+00:00,22.1,35.99166666666667,7.912561101717125
2026-06-25 00:00:00+00:00,18.4,35.4,8.671693079760518
2026-06-25 01:00:00+00:00,18.4,34.699999999999996,9.340794119485242
2026-06-25 02:00:00+00:00,18.9,33.979166666666664,9.872402428494619
2026-06-25 03:00:00+00:00,31.9,33.699999999999996,9.830697263961177
2026-06-25 04:00:00+00:00,39.5,33.395833333333336,9.515638348970995
2026-06-25 05:00:00+00:00,33.7,33.083333333333336,9.370242754345483
2026-06-25 06:00:00+00:00,28.5,32.97083333333333,9.40996138081382
2026-06-25 07:00:00+00:00,25.3,32.637499999999996,9.538608616974903
2026-06-25 08:00:00+00:00,12.0,31.745833333333334,10.423425922939945
2026-06-25 09:00:00+00:00,7.1,30.858333333333334,11.564973981311326
2026-06-25 10:00:00+00:00,12.8,30.36666666666667,12.081882471617295
2026-06-25 11:00:00+00:00,9.4,29.604166666666668,12.812849500358729
2026-06-25 12:00:00+00:00,9.0,28.90833333333333,13.470673998394325
2026-06-25 13:00:00+00:00,12.8,28.287499999999998,13.866328077318403
2026-06-25 14:00:00+00:00,18.1,27.704166666666666,13.992870208312137
2026-06-25 15:00:00+00:00,101.0,30.55,20.490039998263473
2026-06-25 16:00:00+00:00,62.2,31.450000000000003,21.40463176206419
2026-06-25 17:00:00+00:00,88.7,33.3625,24.315495372650602
2026-06-25 18:00:00+00:00,153.0,37.800000000000004,34.431115856597444
2026-06-25 19:00:00+00:00,76.2,39.108333333333334,35.29442518692383
2026-06-25 20:00:00+00:00,31.1,38.50416666666667,35.30257385821172
2026-06-25 21:00:00+00:00,88.6,40.24583333333334,36.731824599464126
2026-06-25 22:00:00+00:00,74.9,41.4,37.389140483393795
2026-06-25 23:00:00+00:00,45.1,42.358333333333334,37.16704848052403
2026-06-26 00:00:00+00:00,74.3,44.6875,37.35146016003868
2026-06-26 01:00:00+00:00,67.8,46.74583333333333,37.20068932468703
2026-06-26 02:00:00+00:00,34.4,47.39166666666667,36.82893376570709
2026-06-26 03:00:00+00:00,28.4,47.24583333333334,36.89980533902544
2026-06-26 04:00:00+00:00,24.4,46.61666666666667,37.16539609188453
2026-06-26 05:00:00+00:00,26.5,46.31666666666666,37.30299750942819
2026-06-26 06:00:00+00:00,29.1,46.34166666666666,37.29073689230362
2026-06-26 07:00:00+00:00,30.5,46.55833333333334,37.1781015099488
2026-06-26 08:00:00+00:00,31.4,47.36666666666667,36.600471209447875
2026-06-26 09:00:00+00:00,31.2,48.37083333333334,35.76884093570908
2026-06-26 10:00:00+00:00,28.8,49.0375,35.221964645349644
2026-06-26 11:00:00+00:00,29.0,49.854166666666664,34.48242121992603
2026-06-26 12:00:00+00:00,28.4,50.6625,33.70162958903502
2026-06-26 13:00:00+00:00,28.6,51.32083333333333,33.078417752584414
2026-06-26 14:00:00+00:00,30.1,51.820833333333326,32.64225028430466
2026-06-26 15:00:00+00:00,26.7,48.724999999999994,31.269741590400685
2026-06-26 16:00:00+00:00,20.6,46.991666666666674,31.641097610086387
2026-06-26 17:00:00+00:00,28.8,44.49583333333334,30.55181598767785
2026-06-26 18:00:00+00:00,32.2,39.4625,20.04182176263472
2026-06-26 19:00:00+00:00,30.8,37.57083333333333,18.50737759279581
2026-06-26 20:00:00+00:00,33.0,37.65,18.48254170362097
2026-06-26 21:00:00+00:00,34.1,35.37916666666667,14.963491198265919
2026-06-26 22:00:00+00:00,31.8,33.583333333333336,12.376965515113996
2026-06-26 23:00:00+00:00,37.0,33.24583333333333,12.157766498493311
2026-06-27 00:00:00+00:00,35.2,31.61666666666667,8.481010330844237
2026-06-27 01:00:00+00:00,38.3,30.3875,3.920438362801358
2026-06-27 02:00:00+00:00,39.4,30.59583333333333,4.2609938794349995
2026-06-27 03:00:00+00:00,36.5,30.933333333333334,4.398089176653863
2026-06-27 04:00:00+00:00,39.8,31.575000000000003,4.525027023700524
2026-06-27 05:00:00+00:00,39.6,32.12083333333334,4.673884816227807
2026-06-27 06:00:00+00:00,40.0,32.574999999999996,4.892074335529895
2026-06-27 07:00:00+00:00,39.5,32.949999999999996,5.067886962124542
2026-06-27 08:00:00+00:00,35.9,33.1375,5.091238211058431
2026-06-27 09:00:00+00:00,28.5,33.025,5.165205496985507
2026-06-27 10:00:00+00:00,33.4,33.21666666666667,5.086355718267837
2026-06-27 11:00:00+00:00,35.0,33.46666666666667,5.0170723029228785
2026-06-27 12:00:00+00:00,34.1,33.70416666666667,4.900353063293474
2026-06-27 13:00:00+00:00,34.0,33.92916666666667,4.778255017733453
2026-06-27 14:00:00+00:00,35.0,34.13333333333333,4.711749113667562
2026-06-27 15:00:00+00:00,36.6,34.54583333333333,4.459282372239323
2026-06-27 16:00:00+00:00,45.0,35.5625,3.886186517934485
2026-06-27 17:00:00+00:00,38.2,35.954166666666666,3.6409481763944647
2026-06-27 18:00:00+00:00,37.1,36.15833333333334,3.5577125854376495
2026-06-27 19:00:00+00:00,38.0,36.458333333333336,3.3856367542732246
2026-06-27 20:00:00+00:00,41.1,36.795833333333334,3.429346390592278
2026-06-27 21:00:00+00:00,39.7,37.02916666666666,3.428458795165329
2026-06-27 22:00:00+00:00,40.4,37.3875,3.3053727672437025
2026-06-27 23:00:00+00:00,42.2,37.604166666666664,3.4462934300199355
2026-06-28 00:00:00+00:00,43.3,37.94166666666667,3.5940671725193334
2026-06-28 01:00:00+00:00,64.8,39.045833333333334,6.55770235257203
2026-06-28 02:00:00+00:00,48.6,39.42916666666667,6.842036257206525
2026-06-28 03:00:00+00:00,43.2,39.708333333333336,6.854000207220656
2026-06-28 04:00:00+00:00,46.4,39.983333333333334,6.988914617895465
2026-06-28 05:00:00+00:00,43.4,40.141666666666666,7.022814787265351
2026-06-28 06:00:00+00:00,43.0,40.26666666666667,7.046841208264432
2026-06-28 07:00:00+00:00,39.0,40.24583333333334,7.0499447525845005
2026-06-28 08:00:00+00:00,37.3,40.30416666666667,7.018142896104774
2026-06-28 09:00:00+00:00,35.8,40.608333333333334,6.63186750973416
2026-06-28 10:00:00+00:00,33.6,40.61666666666667,6.622535089714033
2026-06-28 11:00:00+00:00,30.9,40.44583333333333,6.823551234458221
2026-06-28 12:00:00+00:00,26.8,40.141666666666666,7.267014019088184
2026-06-28 13:00:00+00:00,27.3,39.8625,7.632699249026391
2026-06-28 14:00:00+00:00,40.4,40.0875,7.562396244347606
2026-06-28 15:00:00+00:00,42.0,40.3125,7.534402979723778
2026-06-28 16:00:00+00:00,43.6,40.25416666666666,7.501882613959257
2026-06-28 17:00:00+00:00,46.2,40.5875,7.583925363098215
2026-06-28 18:00:00+00:00,45.4,40.93333333333333,7.607185771513648
2026-06-28 19:00:00+00:00,44.8,41.21666666666667,7.619806380437963
2026-06-28 20:00:00+00:00,44.4,41.354166666666664,7.647334242367958
2026-06-28 21:00:00+00:00,42.0,41.45,7.640111540273925
2026-06-28 22:00:00+00:00,41.7,41.50416666666666,7.636951313339608
2026-06-28 23:00:00+00:00,42.0,41.49583333333333,7.636268105541532
2026-06-29 00:00:00+00:00,44.1,41.52916666666666,7.646225506271335
2026-06-29 01:00:00+00:00,44.0,40.6625,5.865285678205065
2026-06-29 02:00:00+00:00,43.5,40.449999999999996,5.653779036299997
2026-06-29 03:00:00+00:00,44.4,40.5,5.684379817802856
2026-06-29 04:00:00+00:00,45.9,40.479166666666664,5.662690954005938
2026-06-29 05:00:00+00:00,44.6,40.52916666666666,5.694809167064013
2026-06-29 06:00:00+00:00,43.5,40.55,5.705146418118895
2026-06-29 07:00:00+00:00,48.1,40.92916666666667,5.896828857929575
2026-06-29 08:00:00+00:00,47.3,41.34583333333334,5.981927795027979
2026-06-29 09:00:00+00:00,44.9,41.725,5.903002183856057
2026-06-29 10:00:00+00:00,45.5,42.22083333333334,5.686672379663152
2026-06-29 11:00:00+00:00,45.3,42.82083333333333,5.177121843235931
2026-06-29 12:00:00+00:00,48.6,43.729166666666664,4.0291847450998315
2026-06-29 13:00:00+00:00,50.9,44.712500000000006,2.3927994338086167
2026-06-29 14:00:00+00:00,49.3,45.083333333333336,2.3850379026550956
2026-06-29 15:00:00+00:00,50.3,45.42916666666667,2.5166366732064094
2026-06-29 16:00:00+00:00,61.7,46.18333333333334,4.135810384462954
2026-06-29 17:00:00+00:00,53.0,46.46666666666667,4.363650911262492
2026-06-29 18:00:00+00:00,56.0,46.90833333333333,4.768640009083453
2026-06-29 19:00:00+00:00,51.2,47.175000000000004,4.824236817317813
2026-06-29 20:00:00+00:00,49.7,47.395833333333336,4.812978754654238
2026-06-29 21:00:00+00:00,49.5,47.708333333333336,4.689295549826493
2026-06-29 22:00:00+00:00,49.8,48.04583333333334,4.526730192079415
2026-06-29 23:00:00+00:00,50.5,48.400000000000006,4.362687643902559
2026-06-30 00:00:00+00:00,54.6,48.8375,4.438547794238361
2026-06-30 01:00:00+00:00,60.9,49.541666666666664,4.9489495298774555
2026-06-30 02:00:00+00:00,55.4,50.037499999999994,4.913319297759706
2026-06-30 03:00:00+00:00,55.4,50.49583333333334,4.877497502209168
2026-06-30 04:00:00+00:00,59.1,51.04583333333333,5.076885314122447
2026-06-30 05:00:00+00:00,53.8,51.42916666666667,4.913732236574566
2026-06-30 06:00:00+00:00,47.0,51.574999999999996,4.716137881968418
2026-06-30 07:00:00+00:00,46.3,51.5,4.787574497093057
2026-06-30 08:00:00+00:00,41.2,51.24583333333333,5.167118376700797
2026-06-30 09:00:00+00:00,40.9,51.07916666666667,5.438108619944749
2026-06-30 10:00:00+00:00,41.2,50.900000000000006,5.694696235743385
2026-06-30 11:00:00+00:00,43.0,50.80416666666667,5.811194531596458
2026-06-30 12:00:00+00:00,45.5,50.675000000000004,5.8961483374648855
2026-06-30 13:00:00+00:00,49.3,50.60833333333333,5.9025356869933905
2026-06-30 14:00:00+00:00,51.1,50.68333333333333,5.8966214841665785
2026-06-30 15:00:00+00:00,57.0,50.9625,6.034668860912596
2026-06-30 16:00:00+00:00,55.9,50.72083333333333,5.692403722938682
2026-06-30 17:00:00+00:00,58.0,50.92916666666667,5.8682253570034515
2026-06-30 18:00:00+00:00,62.2,51.1875,6.226682590830774
2026-06-30 19:00:00+00:00,60.7,51.583333333333336,6.5224473045459055
2026-06-30 20:00:00+00:00,64.3,52.19166666666667,7.002354676427855
2026-06-30 21:00:00+00:00,63.6,52.77916666666667,7.349592071889878
2026-06-30 22:00:00+00:00,64.4,53.387499999999996,7.688688048883339
2026-06-30 23:00:00+00:00,68.4,54.133333333333326,8.244506295586707
2026-07-01 00:00:00+00:00,71.9,54.854166666666664,9.00801474855268
2026-07-01 01:00:00+00:00,67.7,55.137499999999996,9.308379231264759
2026-07-01 02:00:00+00:00,60.5,55.35,9.372624336679632
2026-07-01 03:00:00+00:00,62.4,55.64166666666666,9.482520150560957
2026-07-01 04:00:00+00:00,53.3,55.400000000000006,9.464441461275493
2026-07-01 05:00:00+00:00,47.4,55.13333333333333,9.600664228228483
2026-07-01 06:00:00+00:00,44.1,55.01250000000001,9.724925952551327
2026-07-01 07:00:00+00:00,45.5,54.979166666666664,9.75740428627382
2026-07-01 08:00:00+00:00,50.2,55.354166666666664,9.370071651466745
2026-07-01 09:00:00+00:00,51.3,55.7875,8.901309747300603
2026-07-01 10:00:00+00:00,47.7,56.05833333333333,8.529280344108942
2026-07-01 11:00:00+00:00,39.4,55.90833333333333,8.796388422265112
2026-07-01 12:00:00+00:00,32.5,55.36666666666667,9.807347142373008
2026-07-01 13:00:00+00:00,24.4,54.32916666666667,11.625552036136835
2026-07-01 14:00:00+00:00,25.3,53.25416666666667,13.04350510262931
2026-07-01 15:00:00+00:00,30.9,52.166666666666664,13.784605990699873
2026-07-01 16:00:00+00:00,29.2,51.05416666666667,14.527604283978915
2026-07-01 17:00:00+00:00,22.4,49.57083333333333,15.56778946545008
2026-07-01 18:00:00+00:00,32.2,48.32083333333333,15.713383361538204
2026-07-01 19:00:00+00:00,27.3,46.92916666666667,16.044895684803663
2026-07-01 20:00:00+00:00,26.3,45.34583333333333,16.130904154466336
2026-07-01 21:00:00+00:00,30.2,43.95416666666667,15.927061443715347
2026-07-01 22:00:00+00:00,27.9,42.43333333333333,15.629728270098035
2026-07-01 23:00:00+00:00,24.3,40.59583333333333,15.024833911160934
2026-07-02 00:00:00+00:00,13.2,38.15,14.475106067044033
2026-07-02 01:00:00+00:00,11.1,35.791666666666664,14.056065274979847
2026-07-02 02:00:00+00:00,21.9,34.18333333333333,13.293629290383677
2026-07-02 03:00:00+00:00,22.7,32.52916666666666,12.04085361579916
2026-07-02 04:00:00+00:00,21.1,31.1875,11.40287196851904
2026-07-02 05:00:00+00:00,25.2,30.262500000000003,10.920774478826765
2026-07-02 06:00:00+00:00,22.5,29.3625,10.616632254853018
2026-07-02 07:00:00+00:00,25.3,28.520833333333332,10.068201305905385
2026-07-02 08:00:00+00:00,26.3,27.525000000000002,8.95064972137698
2026-07-02 09:00:00+00:00,33.0,26.762500000000003,7.498974567580609
2026-07-02 10:00:00+00:00,34.1,26.19583333333333,6.2594262250361385
2026-07-02 11:00:00+00:00,33.5,25.95,5.818635728341651
2026-07-02 12:00:00+00:00,31.7,25.916666666666668,5.781655146399482
2026-07-02 13:00:00+00:00,32.5,26.254166666666666,5.923936644016572
2026-07-02 14:00:00+00:00,38.0,26.78333333333333,6.384333179348561
2026-07-02 15:00:00+00:00,39.9,27.15833333333333,6.881602231701975
2026-07-02 16:00:00+00:00,42.7,27.720833333333335,7.572776135988722
2026-07-02 17:00:00+00:00,45.6,28.6875,8.308995256582833
2026-07-02 18:00:00+00:00,41.6,29.079166666666666,8.694374951490436
2026-07-02 19:00:00+00:00,43.5,29.754166666666663,9.166288859144583
2026-07-02 20:00:00+00:00,40.3,30.337500000000002,9.379895823098279
2026-07-02 21:00:00+00:00,40.6,30.770833333333332,9.610658900031577
2026-07-02 22:00:00+00:00,40.2,31.28333333333333,9.777421491093405
2026-07-02 23:00:00+00:00,40.2,31.945833333333336,9.82224534529609
2026-07-03 00:00:00+00:00,37.2,32.94583333333333,9.019687605053498
2026-07-03 01:00:00+00:00,34.2,33.90833333333333,7.727022975116154
2026-07-03 02:00:00+00:00,35.1,34.458333333333336,7.292695372569954
2026-07-03 03:00:00+00:00,37.7,35.083333333333336,6.87178646898781
2026-07-03 04:00:00+00:00,41.6,35.9375,6.309124689513398
2026-07-03 05:00:00+00:00,47.6,36.87083333333333,6.308481465915419
2026-07-03 06:00:00+00:00,51.9,38.09583333333333,6.250807194251886
2026-07-03 07:00:00+00:00,47.0,39.0,5.8777398791505995
2026-07-03 08:00:00+00:00,46.7,39.85,5.418406632468923
2026-07-03 09:00:00+00:00,47.0,40.43333333333333,5.402468571557556
2026-07-03 10:00:00+00:00,44.8,40.87916666666667,5.297577721010358
2026-07-03 11:00:00+00:00,45.5,41.37916666666667,5.134620697787246
2026-07-03 12:00:00+00:00,36.1,41.5625,4.8443434068487
2026-07-03 13:00:00+00:00,32.9,41.579166666666666,4.812391538397597
2026-07-03 14:00:00+00:00,34.2,41.420833333333334,4.994342814117567
2026-07-03 15:00:00+00:00,40.5,41.44583333333333,4.987896582612836
2026-07-03 16:00:00+00:00,44.9,41.5375,5.031968453969017
2026-07-03 17:00:00+00:00,45.0,41.512499999999996,5.0123597237229705
2026-07-03 18:00:00+00:00,43.6,41.59583333333334,5.030470560292666
2026-07-03 19:00:00+00:00,43.9,41.612500000000004,5.0377110485513
2026-07-03 20:00:00+00:00,42.9,41.72083333333333,5.036214862863547
2026-07-03 21:00:00+00:00,40.0,41.69583333333333,5.043504575768447
2026-07-03 22:00:00+00:00,42.4,41.7875,5.035121215241402
2026-07-03 23:00:00+00:00,44.5,41.96666666666667,5.0526503305017
2026-07-04 00:00:00+00:00,44.5,42.270833333333336,4.972312834842178
2026-07-04 01:00:00+00:00,43.1,42.641666666666666,4.666710662318485
2026-07-04 02:00:00+00:00,43.3,42.98333333333333,4.382045052321981
2026-07-04 03:00:00+00:00,42.0,43.162499999999994,4.2423140219542175
2026-07-04 04:00:00+00:00,44.3,43.275000000000006,4.234870769549217
2026-07-04 05:00:00+00:00,44.8,43.15833333333333,4.1482229476232595
2026-07-04 06:00:00+00:00,43.5,42.80833333333334,3.709789243593758
2026-07-04 07:00:00+00:00,37.7,42.420833333333334,3.7385162328373522
2026-07-04 08:00:00+00:00,48.4,42.49166666666667,3.837902129239769
2026-07-04 09:00:00+00:00,31.5,41.84583333333333,4.320122700216702
2026-07-04 10:00:00+00:00,24.2,40.987500000000004,5.572550153869557
2026-07-04 11:00:00+00:00,22.8,40.041666666666664,6.60427507568869
2026-07-04 12:00:00+00:00,23.1,39.5,7.42387453042405
2026-07-04 13:00:00+00:00,25.7,39.2,7.836203606117088
2026-07-04 14:00:00+00:00,19.3,38.579166666666666,8.782639950080755
2026-07-04 15:00:00+00:00,18.0,37.641666666666666,9.719586530240969
2026-07-04 16:00:00+00:00,25.6,36.8375,9.889863607447493
2026-07-04 17:00:00+00:00,22.5,35.9,10.145592317763532
2026-07-04 18:00:00+00:00,25.2,35.13333333333333,10.233264881988017
2026-07-04 19:00:00+00:00,29.5,34.53333333333334,10.118414838332214
2026-07-04 20:00:00+00:00,24.4,33.7625,10.157918842823726
2026-07-04 21:00:00+00:00,27.4,33.237500000000004,10.147126922563393
2026-07-04 22:00:00+00:00,31.5,32.78333333333333,9.961432875221238
2026-07-04 23:00:00+00:00,35.4,32.40416666666666,9.664838970145489
2026-07-05 00:00:00+00:00,40.5,32.2375,9.47990150838594
2026-07-05 01:00:00+00:00,44.2,32.28333333333334,9.537188842342124
2026-07-05 02:00:00+00:00,43.5,32.291666666666664,9.547315428122207
2026-07-05 03:00:00+00:00,46.9,32.49583333333333,9.81265727280972
2026-07-05 04:00:00+00:00,50.7,32.7625,10.22566304855636
2026-07-05 05:00:00+00:00,55.9,33.225,11.014387823680302
2026-07-05 06:00:00+00:00,60.2,33.920833333333334,12.159697477882629
2026-07-05 07:00:00+00:00,54.9,34.6375,12.877780408939708
2026-07-05 08:00:00+00:00,60.6,35.145833333333336,13.66159259818716
2026-07-05 09:00:00+00:00,46.0,35.75,13.813131748291323
2026-07-05 10:00:00+00:00,43.7,36.5625,13.677045590585628
2026-07-05 11:00:00+00:00,48.5,37.63333333333333,13.558237241671584
2026-07-05 12:00:00+00:00,53.4,38.895833333333336,13.55682017245956
2026-07-05 13:00:00+00:00,53.0,40.03333333333333,13.546784205812129
2026-07-05 14:00:00+00:00,52.4,41.4125,13.018826251107345
2026-07-05 15:00:00+00:00,62.0,43.24583333333334,12.671947078236345
2026-07-05 16:00:00+00:00,64.8,44.87916666666666,12.824025657256383
2026-07-05 17:00:00+00:00,87.3,47.57916666666667,14.605269423312071
2026-07-05 18:00:00+00:00,62.5,49.13333333333333,14.096026781135548
2026-07-05 19:00:00+00:00,67.8,50.729166666666664,13.943846364947973
2026-07-05 20:00:00+00:00,72.6,52.737500000000004,13.44912515338084
2026-07-05 21:00:00+00:00,71.8,54.5875,12.852788988488259
2026-07-05 22:00:00+00:00,67.0,56.06666666666666,12.101012054932392
2026-07-05 23:00:00+00:00,66.3,57.354166666666664,11.431876835017514
2026-07-06 00:00:00+00:00,66.1,58.42083333333333,10.97613930569243
2026-07-06 01:00:00+00:00,68.4,59.429166666666674,10.721554039153455
2026-07-06 02:00:00+00:00,74.7,60.729166666666664,10.596942921208784
2026-07-06 03:00:00+00:00,93.7,62.67916666666667,12.135753113143927
2026-07-06 04:00:00+00:00,70.3,63.49583333333333,11.952677675867541
2026-07-06 05:00:00+00:00,63.6,63.81666666666667,11.842762114166923
2026-07-06 06:00:00+00:00,62.2,63.900000000000006,11.823226955961205
2026-07-06 07:00:00+00:00,68.7,64.475,11.701439896532714
2026-07-06 08:00:00+00:00,64.6,64.64166666666667,11.672297812850632
2026-07-06 09:00:00+00:00,64.9,65.42916666666666,10.976753268559603
2026-07-06 10:00:00+00:00,61.8,66.18333333333334,9.996985052750686
2026-07-06 11:00:00+00:00,40.1,65.83333333333333,10.760865759038682
2026-07-06 12:00:00+00:00,45.1,65.4875,11.297799420202312
2026-07-06 13:00:00+00:00,41.1,64.99166666666666,12.102170723960121
2026-07-06 14:00:00+00:00,32.8,64.175,13.562071471891352
2026-07-06 15:00:00+00:00,28.4,62.775000000000006,15.405342099978997
2026-07-06 16:00:00+00:00,34.4,61.50833333333333,16.44622109804533
2026-07-06 17:00:00+00:00,38.8,59.48749999999999,16.115677284800068
2026-07-06 18:00:00+00:00,37.2,58.43333333333333,16.725966967995838
2026-07-06 19:00:00+00:00,37.1,57.15416666666667,17.147112297553864
2026-07-06 20:00:00+00:00,37.1,55.675000000000004,17.287372873561818
2026-07-06 21:00:00+00:00,37.1,54.229166666666664,17.331135068241185
2026-07-06 22:00:00+00:00,36.7,52.96666666666667,17.46349401432607
2026-07-06 23:00:00+00:00,36.6,51.72916666666668,17.529762992684958
2026-07-07 00:00:00+00:00,37.9,50.55416666666667,17.4696252956671
2026-07-07 01:00:00+00:00,45.1,49.58333333333334,17.077793021721256
2026-07-07 02:00:00+00:00,41.1,48.18333333333334,16.28823706441752
2026-07-07 03:00:00+00:00,39.5,45.925000000000004,13.160026760908377
2026-07-07 04:00:00+00:00,40.2,44.67083333333334,12.130037426612228
2026-07-07 05:00:00+00:00,42.0,43.770833333333336,11.446566949419173
2026-07-07 06:00:00+00:00,42.1,42.93333333333334,10.753914016146215
2026-07-07 07:00:00+00:00,41.3,41.791666666666664,9.248591745523314
2026-07-07 08:00:00+00:00,47.4,41.075,7.984346097752496
2026-07-07 09:00:00+00:00,36.7,39.9,6.201752907882976
2026-07-07 10:00:00+00:00,36.0,38.825,4.130927888185869
2026-07-07 11:00:00+00:00,34.2,38.579166666666666,4.226210057400825
2026-07-07 12:00:00+00:00,37.1,38.24583333333333,3.998910630644883
2026-07-07 13:00:00+00:00,37.4,38.09166666666666,3.9551745596246546
2026-07-07 14:00:00+00:00,34.6,38.166666666666664,3.8665417271169913
2026-07-07 15:00:00+00:00,35.5,38.4625,3.3197449482964307
2026-07-07 16:00:00+00:00,40.6,38.72083333333334,3.2298847962585175
2026-07-07 17:00:00+00:00,41.6,38.8375,3.2830013442104167
2026-07-07 18:00:00+00:00,39.8,38.94583333333333,3.2694872841853497
2026-07-07 19:00:00+00:00,41.6,39.13333333333333,3.288010719683559
2026-07-07 20:00:00+00:00,40.3,39.266666666666666,3.266784972717267
2026-07-07 21:00:00+00:00,38.2,39.3125,3.2426924534754167
2026-07-07 22:00:00+00:00,39.1,39.4125,3.195283548688918
2026-07-07 23:00:00+00:00,42.5,39.65833333333334,3.1964541042505146
2026-07-08 00:00:00+00:00,46.5,40.01666666666667,3.4617998167159607
2026-07-08 01:00:00+00:00,49.2,40.1875,3.807465492720978
2026-07-08 02:00:00+00:00,50.5,40.579166666666666,4.350210306427146
2026-07-08 03:00:00+00:00,48.5,40.954166666666666,4.631928809119757
2026-07-08 04:00:00+00:00,49.9,41.35833333333333,4.973837348668968
2026-07-08 05:00:00+00:00,45.6,41.50833333333333,5.0477646078468945
2026-07-08 06:00:00+00:00,49.4,41.8125,5.29867190086754
2026-07-08 07:00:00+00:00,50.7,42.204166666666666,5.59809588487296
2026-07-08 08:00:00+00:00,51.5,42.375,5.82164252931508
2026-07-08 09:00:00+00:00,48.4,42.862500000000004,5.815632045354663
2026-07-08 10:00:00+00:00,49.8,43.4375,5.789782041403281
2026-07-08 11:00:00+00:00,46.9,43.96666666666667,5.480928726971755
2026-07-08 12:00:00+00:00,39.2,44.05416666666667,5.382417362734513
2026-07-08 13:00:00+00:00,35.6,43.979166666666664,5.490622770305423
2026-07-08 14:00:00+00:00,38.1,44.125,5.272838522746149
2026-07-08 15:00:00+00:00,34.0,44.0625,5.387167724041623
2026-07-08 16:00:00+00:00,34.8,43.82083333333333,5.671820439810185
2026-07-08 17:00:00+00:00,32.2,43.42916666666667,6.137304263533608
2026-07-08 18:00:00+00:00,30.7,43.050000000000004,6.632397428696005
2026-07-08 19:00:00+00:00,29.2,42.53333333333333,7.208248093656995
2026-07-08 20:00:00+00:00,29.6,42.0875,7.668587109818159
2026-07-08 21:00:00+00:00,27.2,41.62916666666667,8.219937541636526
2026-07-08 22:00:00+00:00,27.7,41.15416666666666,8.688472080950085
2026-07-08 23:00:00+00:00,28.2,40.55833333333333,9.073943424738896
2026-07-09 00:00:00+00:00,29.4,39.84583333333333,9.256630017201854
2026-07-09 01:00:00+00:00,30.5,39.06666666666667,9.221980673165179
2026-07-09 02:00:00+00:00,32.2,38.30416666666667,8.989147039222017
2026-07-09 03:00:00+00:00,32.7,37.645833333333336,8.786253055405565
2026-07-09 04:00:00+00:00,32.9,36.9375,8.433567118830954
2026-07-09 05:00:00+00:00,36.6,36.5625,8.229259172108979
2026-07-09 06:00:00+00:00,34.8,35.954166666666666,7.765586243816088
2026-07-09 07:00:00+00:00,35.0,35.300000000000004,7.102357232698902
2026-07-09 08:00:00+00:00,48.9,35.19166666666667,6.860214007732188
2026-07-09 09:00:00+00:00,34.2,34.6,6.257378253605629
2026-07-09 10:00:00+00:00,32.4,33.875,5.36390918445974
2026-07-09 11:00:00+00:00,32.1,33.25833333333333,4.5973448543856446
2026-07-09 12:00:00+00:00,30.3,32.887499999999996,4.453949151425009
2026-07-09 13:00:00+00:00,29.8,32.645833333333336,4.457722090023714
2026-07-09 14:00:00+00:00,32.2,32.4,4.303891060525457
2026-07-09 15:00:00+00:00,31.0,32.275,4.298963474667252
2026-07-09 16:00:00+00:00,44.3,32.67083333333333,4.932278701412474
2026-07-09 17:00:00+00:00,40.5,33.016666666666666,5.182467656869074
2026-07-09 18:00:00+00:00,39.0,33.3625,5.296825341244828
2026-07-09 19:00:00+00:00,40.0,33.8125,5.38583589249345
2026-07-09 20:00:00+00:00,42.5,34.35,5.587096936147978
2026-07-09 21:00:00+00:00,43.3,35.020833333333336,5.657390638852924
2026-07-09 22:00:00+00:00,44.6,35.725,5.757433758043748
2026-07-09 23:00:00+00:00,40.9,36.25416666666667,5.617672360829172
2026-07-10 00:00:00+00:00,38.5,36.63333333333333,5.439202840144191
2026-07-10 01:00:00+00:00,38.6,36.97083333333334,5.291377659573412
2026-07-10 02:00:00+00:00,42.3,37.391666666666666,5.297080136359573
2026-07-10 03:00:00+00:00,50.1,38.11666666666667,5.79442510684547
2026-07-10 04:00:00+00:00,52.2,38.92083333333333,6.351444831632862
2026-07-10 05:00:00+00:00,56.0,39.729166666666664,7.218543702742687
2026-07-10 06:00:00+00:00,53.9,40.525,7.689023797369983
2026-07-10 07:00:00+00:00,54.3,41.329166666666666,8.085116716463693
2026-07-10 08:00:00+00:00,49.6,41.358333333333334,8.114823616003038
2026-07-10 09:00:00+00:00,48.9,41.97083333333333,8.105793910995775
2026-07-10 10:00:00+00:00,46.7,42.56666666666667,7.894503683310115
2026-07-10 11:00:00+00:00,42.7,43.00833333333333,7.57346148340239
2026-07-10 12:00:00+00:00,37.5,43.30833333333334,7.18058473255828
2026-07-10 13:00:00+00:00,37.4,43.625,6.711200890399876
2026-07-10 14:00:00+00:00,38.0,43.86666666666667,6.378064764874002
2026-07-10 15:00:00+00:00,39.2,44.208333333333336,5.857207872183698
2026-07-10 16:00:00+00:00,43.0,44.15416666666667,5.862332164403241
2026-07-10 17:00:00+00:00,47.0,44.425000000000004,5.83626220467679
2026-07-10 18:00:00+00:00,46.9,44.75416666666667,5.738957575899182
2026-07-10 19:00:00+00:00,41.1,44.800000000000004,5.703622037602569
2026-07-10 20:00:00+00:00,25.8,44.104166666666664,6.8914237291355445
2026-07-10 21:00:00+00:00,6.9,42.5875,10.258837653457624
2026-07-10 22:00:00+00:00,7.6,41.04583333333333,12.482404282295409
2026-07-10 23:00:00+00:00,9.0,39.71666666666666,14.093096264442421
2026-07-11 00:00:00+00:00,12.9,38.65,15.12053024145017
2026-07-11 01:00:00+00:00,18.1,37.79583333333333,15.691716983302323
2026-07-11 02:00:00+00:00,19.8,36.858333333333334,16.078284481998033
2026-07-11 03:00:00+00:00,23.8,35.762499999999996,16.032733160902307
2026-07-11 04:00:00+00:00,25.6,34.65416666666667,15.764185583196179
2026-07-11 05:00:00+00:00,30.1,33.575,15.112426502140872
2026-07-11 06:00:00+00:00,23.4,32.30416666666667,14.60275373573998
2026-07-11 07:00:00+00:00,24.8,31.075,13.895205616702338
2026-07-11 08:00:00+00:00,24.7,30.037499999999998,13.371605623728337
2026-07-11 09:00:00+00:00,30.7,29.27916666666667,12.757333071667091
2026-07-11 10:00:00+00:00,33.0,28.708333333333332,12.239952993184412
2026-07-11 11:00:00+00:00,33.9,28.34166666666667,11.930484033573997
2026-07-11 12:00:00+00:00,36.8,28.3125,11.90795541534796
2026-07-11 13:00:00+00:00,37.6,28.320833333333336,11.914659555305906
2026-07-11 14:00:00+00:00,39.6,28.387500000000003,11.97549354524379
2026-07-11 15:00:00+00:00,50.0,28.837500000000002,12.586770573831183
2026-07-11 16:00:00+00:00,40.3,28.724999999999998,12.466171616924356
2026-07-11 17:00:00+00:00,42.9,28.554166666666664,12.230716114221128
2026-07-11 18:00:00+00:00,44.5,28.454166666666666,12.083117189471203
2026-07-11 19:00:00+00:00,42.4,28.508333333333336,12.145026416878162
2026-07-11 20:00:00+00:00,1.3,27.4875,13.352228685487942
2026-07-11 21:00:00+00:00,0.7,27.229166666666668,13.819660826602103
2026-07-11 22:00:00+00:00,1.0,26.95416666666667,14.28507823377
2026-07-11 23:00:00+00:00,1.5,26.64166666666667,14.76876600381238
2026-07-12 00:00:00+00:00,3.5,26.25,15.265334414372017
2026-07-12 01:00:00+00:00,16.6,26.1875,15.303177064285428
2026-07-12 02:00:00+00:00,12.1,25.866666666666664,15.522064706527454
2026-07-12 03:00:00+00:00,12.7,25.40416666666667,15.750016678160089
2026-07-12 04:00:00+00:00,20.1,25.175,15.787013099655608
2026-07-12 05:00:00+00:00,7.6,24.237499999999997,16.145824941559365
2026-07-12 06:00:00+00:00,8.6,23.620833333333334,16.458801772823673
2026-07-12 07:00:00+00:00,24.3,23.600000000000005,16.45756070466788
2026-07-12 08:00:00+00:00,17.7,23.308333333333334,16.499194095382467
2026-07-12 09:00:00+00:00,12.5,22.549999999999997,16.56281849570723
2026-07-12 10:00:00+00:00,12.3,21.6875,16.533925925857464
2026-07-12 11:00:00+00:00,9.1,20.654166666666665,16.512445350379753
2026-07-12 12:00:00+00:00,10.2,19.545833333333334,16.272569054184135
2026-07-12 13:00:00+00:00,10.4,18.412499999999998,15.903494625532801
2026-07-12 14:00:00+00:00,14.2,17.354166666666668,15.264536312662193
2026-07-12 15:00:00+00:00,26.3,16.366666666666664,13.752491210422813
2026-07-12 16:00:00+00:00,41.2,16.40416666666667,13.821642737786908
2026-07-12 17:00:00+00:00,25.1,15.6625,12.776092227621824
2026-07-12 18:00:00+00:00,24.7,14.837499999999999,11.397933165042943
2026-07-12 19:00:00+00:00,29.4,14.295833333333334,10.285763870797366
2026-07-12 20:00:00+00:00,29.5,15.470833333333333,10.347168449751818
2026-07-12 21:00:00+00:00,25.9,16.520833333333332,10.057658953414133
2026-07-12 22:00:00+00:00,29.3,17.7,9.814895512079913
2026-07-12 23:00:00+00:00,34.6,19.079166666666666,9.764976420491573
2026-07-13 00:00:00+00:00,32.7,20.295833333333334,9.556353641820657
2026-07-13 01:00:00+00:00,33.8,21.0125,9.905699391501098
2026-07-13 02:00:00+00:00,33.3,21.895833333333332,10.02095539863599
2026-07-13 03:00:00+00:00,33.7,22.770833333333332,10.099611665658433
2026-07-13 04:00:00+00:00,35.4,23.40833333333333,10.402044810126828
2026-07-13 05:00:00+00:00,37.9,24.670833333333334,10.237419816182001
2026-07-13 06:00:00+00:00,42.0,26.0625,10.227958804392495
2026-07-13 07:00:00+00:00,44.3,26.895833333333332,10.8725613624257
2026-07-13 08:00:00+00:00,47.8,28.150000000000002,11.484507522897104
2026-07-13 09:00:00+00:00,42.1,29.383333333333336,11.318959341728899
2026-07-13 10:00:00+00:00,34.6,30.3125,10.756971955535425
2026-07-13 11:00:00+00:00,35.7,31.420833333333334,9.804523320194281
2026-07-13 12:00:00+00:00,52.1,33.166666666666664,9.589653240621569
2026-07-13 13:00:00+00:00,30.9,34.020833333333336,8.299867949010748
2026-07-13 14:00:00+00:00,32.0,34.762499999999996,7.170095657599817
2026-07-13 15:00:00+00:00,28.1,34.8375,7.086656935519063
2026-07-13 16:00:00+00:00,16.1,33.791666666666664,7.911022396777818
2026-07-13 17:00:00+00:00,15.9,33.40833333333333,8.547764348782685
2026-07-13 18:00:00+00:00,23.4,33.354166666666664,8.609245746222026
2026-07-13 19:00:00+00:00,26.6,33.237500000000004,8.683808646480939
2026-07-13 20:00:00+00:00,25.8,33.083333333333336,8.78529733562637
2026-07-13 21:00:00+00:00,23.2,32.97083333333333,8.897849235320535
2026-07-13 22:00:00+00:00,22.7,32.69583333333333,9.115561427851224
2026-07-13 23:00:00+00:00,25.4,32.3125,9.224792327107554
2026-07-14 00:00:00+00:00,21.8,31.858333333333334,9.46994865541696
2026-07-14 01:00:00+00:00,29.6,31.683333333333334,9.471314433670274
2026-07-14 02:00:00+00:00,20.7,31.158333333333335,9.723656346952255
2026-07-14 03:00:00+00:00,21.7,30.65833333333333,9.894307395698874
2026-07-14 04:00:00+00:00,14.1,29.770833333333332,10.393203429945636
2026-07-14 05:00:00+00:00,15.0,28.816666666666666,10.662150311985114
2026-07-14 06:00:00+00:00,19.1,27.8625,10.45369967793813
2026-07-14 07:00:00+00:00,29.0,27.225000000000005,9.857208794450559
2026-07-14 08:00:00+00:00,29.2,26.45,8.848826991779024
2026-07-14 09:00:00+00:00,29.18,25.911666666666665,8.226455555978834
2026-07-14 10:00:00+00:00,29.16,25.685,8.049700507526467
2026-07-14 11:00:00+00:00,29.14,25.411666666666665,7.8024253011299285
2026-07-14 12:00:00+00:00,29.12,24.454166666666666,5.4360774834249295
2026-07-14 13:00:00+00:00,29.1,24.379166666666666,5.3550934036972
2026-07-14 14:00:00+00:00,29.6,24.27916666666667,5.227484153941797
2026-07-14 15:00:00+00:00,27.4,24.25,5.207152271886346
2026-07-14 16:00:00+00:00,23.0,24.537499999999998,4.920181377003403
2026-07-14 17:00:00+00:00,28.5,25.0625,4.621632734265797
2026-07-14 18:00:00+00:00,31.0,25.379166666666666,4.761035616851638
2026-07-14 19:00:00+00:00,27.8,25.429166666666664,4.780674790160661
2026-07-14 20:00:00+00:00,24.4,25.370833333333337,4.784492991781692
2026-07-14 21:00:00+00:00,28.1,25.575,4.792371655762815
2026-07-14 22:00:00+00:00,30.2,25.8875,4.841030477796932
2026-07-14 23:00:00+00:00,31.5,26.141666666666666,4.972665864212444
2026-07-15 00:00:00+00:00,31.6,26.55,5.002920885973168
2026-07-15 01:00:00+00:00,31.4,26.625,5.06375440712268
2026-07-15 02:00:00+00:00,34.3,27.191666666666663,5.132379452123726
2026-07-15 03:00:00+00:00,35.2,27.754166666666666,5.2429314042954065
2026-07-15 04:00:00+00:00,33.2,28.55,4.47336076364752
2026-07-15 05:00:00+00:00,31.6,29.241666666666664,3.4544887832536246
2026-07-15 06:00:00+00:00,33.0,29.82083333333333,2.779518126311576
2026-07-15 07:00:00+00:00,34.7,30.058333333333334,2.94493177992422
2026-07-15 08:00:00+00:00,36.9,30.379166666666666,3.250896754765787
2026-07-15 09:00:00+00:00,32.2,30.505,3.260894782511463
2026-07-15 10:00:00+00:00,28.6,30.48166666666667,3.272918743484333
2026-07-15 11:00:00+00:00,30.4,30.534166666666668,3.2605439885778353
2026-07-15 12:00:00+00:00,26.5,30.425,3.3525136578526795
2026-07-15 13:00:00+00:00,20.7,30.075,3.8919370386794947
2026-07-15 14:00:00+00:00,22.1,29.7625,4.219088351971431
2026-07-15 15:00:00+00:00,28.4,29.804166666666664,4.199635508683935
2026-07-15 16:00:00+00:00,34.6,30.287499999999998,4.047254839904729
2026-07-15 17:00:00+00:00,32.8,30.46666666666667,4.059842218680611
2026-07-15 18:00:00+00:00,25.3,30.229166666666668,4.191863668405089
2026-07-15 19:00:00+00:00,26.0,30.15416666666667,4.252874134723355
2026-07-15 20:00:00+00:00,29.3,30.35833333333333,4.078673768536378
2026-07-15 21:00:00+00:00,30.0,30.4375,4.05128133246562
2026-07-15 22:00:00+00:00,29.8,30.420833333333334,4.053123236593762
2026-07-15 23:00:00+00:00,28.5,30.295833333333334,4.064638511834216
2026-07-16 00:00:00+00:00,29.0,30.1875,4.0630158535364815
2026-07-16 01:00:00+00:00,33.1,30.258333333333336,4.099726042455791
2026-07-16 02:00:00+00:00,32.3,30.175,4.0337974340727945
2026-07-16 03:00:00+00:00,34.8,30.15833333333333,4.012904907558024
2026-07-16 04:00:00+00:00,38.4,30.375,4.3134017645717275
2026-07-16 05:00:00+00:00,39.1,30.6875,4.6634855876360035
2026-07-16 06:00:00+00:00,40.1,30.983333333333334,5.027547303015627
2026-07-16 07:00:00+00:00,39.1,31.166666666666668,5.24451404195218
2026-07-16 08:00:00+00:00,41.7,31.36666666666667,5.554995140816456
2026-07-16 09:00:00+00:00,40.3,31.704166666666666,5.846253290461638
2026-07-16 10:00:00+00:00,38.7,32.125,5.975184188538301
2026-07-16 11:00:00+00:00,36.9,32.395833333333336,6.040549871793523
2026-07-16 12:00:00+00:00,37.9,32.87083333333333,6.0048878038006155
2026-07-16 13:00:00+00:00,39.9,33.670833333333334,5.5766188265142596
2026-07-16 14:00:00+00:00,34.5,34.1875,5.002895900506594
2026-07-16 15:00:00+00:00,39.8,34.6625,4.97059286989612
2026-07-16 16:00:00+00:00,39.5,34.86666666666667,5.0676009817413785
2026-07-16 17:00:00+00:00,39.8,35.15833333333333,5.14434401671584
2026-07-16 18:00:00+00:00,36.3,35.61666666666667,4.698535078517468
2026-07-16 19:00:00+00:00,36.1,36.0375,4.228558444876959
2026-07-16 20:00:00+00:00,35.8,36.30833333333334,3.979066600912058
2026-07-16 21:00:00+00:00,35.8,36.550000000000004,3.7487389183913473
2026-07-16 22:00:00+00:00,35.2,36.775,3.4782866846869593
2026-07-16 23:00:00+00:00,35.4,37.0625,3.0194748319650833
2026-07-17 00:00:00+00:00,34.8,37.30416666666667,2.5401949885217707
2026-07-17 01:00:00+00:00,36.1,37.42916666666667,2.393919683129808
2026-07-17 02:00:00+00:00,37.1,37.62916666666667,2.1330686543238366
2026-07-17 03:00:00+00:00,35.8,37.670833333333334,2.0846184442175364
2026-07-17 04:00:00+00:00,35.3,37.541666666666664,2.132953997071698
2026-07-17 05:00:00+00:00,34.8,37.362500000000004,2.1765174616507292
2026-07-17 06:00:00+00:00,39.2,37.324999999999996,2.1346519928165706
2026-07-17 07:00:00+00:00,39.0,37.32083333333333,2.1311313930618465
2026-07-17 08:00:00+00:00,40.7,37.27916666666666,2.0500220924934256
2026-07-17 09:00:00+00:00,37.4,37.15833333333333,1.9471085958566783
2026-07-17 10:00:00+00:00,37.4,37.104166666666664,1.920253417756833
2026-07-17 11:00:00+00:00,35.8,37.05833333333333,1.9383804684789612
2026-07-17 12:00:00+00:00,38.2,37.07083333333333,1.9450000931413465
2026-07-17 13:00:00+00:00,42.9,37.19583333333333,2.212706225548412
2026-07-17 14:00:00+00:00,44.6,37.61666666666667,2.603620667399742
2026-07-17 15:00:00+00:00,46.2,37.88333333333333,3.1145753659441007
2026-07-17 16:00:00+00:00,47.7,38.225,3.6952672433804916
2026-07-17 17:00:00+00:00,44.1,38.40416666666667,3.8748328622207384
2026-07-17 18:00:00+00:00,44.9,38.7625,4.064781132136723
2026-07-17 19:00:00+00:00,41.2,38.975,4.052830465564709
2026-07-17 20:00:00+00:00,40.4,39.166666666666664,4.004634995761298
2026-07-17 21:00:00+00:00,39.8,39.333333333333336,3.941161456117867
2026-07-17 22:00:00+00:00,37.7,39.4375,3.85935481204023
2026-07-17 23:00:00+00:00,35.8,39.454166666666666,3.8419853525587584
2026-07-18 00:00:00+00:00,35.3,39.475,3.8169245530241938
2026-07-18 01:00:00+00:00,36.3,39.483333333333334,3.8094466865900216
2026-07-18 02:00:00+00:00,33.9,39.35,3.9499036862226764
2026-07-18 03:00:00+00:00,38.1,39.44583333333333,3.887435632534915
2026-07-18 04:00:00+00:00,37.1,39.520833333333336,3.8207646817913115
2026-07-18 05:00:00+00:00,35.4,39.545833333333334,3.790374441370901
2026-07-18 06:00:00+00:00,36.8,39.44583333333333,3.8313329689340843
2026-07-18 07:00:00+00:00,39.6,39.47083333333334,3.830254749918867
2026-07-18 08:00:00+00:00,40.8,39.475,3.831704127635615
2026-07-18 09:00:00+00:00,35.7,39.40416666666667,3.887044162193333
2026-07-18 10:00:00+00:00,36.1,39.35,3.9250588475234913
2026-07-18 11:00:00+00:00,37.7,39.42916666666667,3.8691060833296693
2026-07-18 12:00:00+00:00,40.6,39.52916666666667,3.8669704091094625
2026-07-18 13:00:00+00:00,41.5,39.47083333333333,3.82423384389008
2026-07-18 14:00:00+00:00,42.6,39.3875,3.7281902008767913
2026-07-18 15:00:00+00:00,45.5,39.358333333333334,3.674934683438186
2026-07-18 16:00:00+00:00,44.7,39.23333333333333,3.4211194032093064
2026-07-18 17:00:00+00:00,43.0,39.1875,3.3599058604825616
2026-07-18 18:00:00+00:00,41.1,39.02916666666666,3.162755975778021
2026-07-18 19:00:00+00:00,41.2,39.02916666666667,3.162755975778021
2026-07-18 20:00:00+00:00,43.4,39.15416666666666,3.276527744117503
2026-07-18 21:00:00+00:00,43.3,39.300000000000004,3.382692521594723
2026-07-18 22:00:00+00:00,43.3,39.53333333333333,3.45978972302319
2026-07-18 23:00:00+00:00,42.9,39.829166666666666,3.430107003866149
2026-07-19 00:00:00+00:00,41.8,40.1,3.311508260071577
2026-07-19 01:00:00+00:00,42.6,40.3625,3.2462436486017885
2026-07-19 02:00:00+00:00,41.7,40.6875,2.947852940111188
2026-07-19 03:00:00+00:00,41.9,40.84583333333333,2.904565995667651
2026-07-19 04:00:00+00:00,41.1,41.0125,2.7928966574384404
2026-07-19 05:00:00+00:00,37.6,41.104166666666664,2.632155533706842
2026-07-19 06:00:00+00:00,32.7,40.93333333333333,3.0270758837197143
2026-07-19 07:00:00+00:00,32.6,40.641666666666666,3.4664750504457356
2026-07-19 08:00:00+00:00,34.3,40.37083333333334,3.6996450084307138
2026-07-19 09:00:00+00:00,34.9,40.3375,3.746861005068757
2026-07-19 10:00:00+00:00,32.4,40.18333333333333,3.9965927517310225
2026-07-19 11:00:00+00:00,30.5,39.88333333333333,4.437063920193697
2026-07-19 12:00:00+00:00,31.9,39.520833333333336,4.722193591842806
2026-07-19 13:00:00+00:00,33.5,39.1875,4.856847474577011
2026-07-19 14:00:00+00:00,37.8,38.9875,4.808806459530074
2026-07-19 15:00:00+00:00,43.7,38.9125,4.715959259697992
2026-07-19 16:00:00+00:00,43.4,38.858333333333334,4.653649027952486
2026-07-19 17:00:00+00:00,47.6,39.05,4.918819229113469
2026-07-19 18:00:00+00:00,47.5,39.31666666666667,5.2002229606604775
2026-07-19 19:00:00+00:00,43.0,39.391666666666666,5.241383543424012
2026-07-19 20:00:00+00:00,42.1,39.3375,5.204748041347799
2026-07-19 21:00:00+00:00,41.4,39.25833333333333,5.156078444664797
2026-07-19 22:00:00+00:00,42.5,39.225,5.131340192767751
2026-07-19 23:00:00+00:00,39.6,39.0875,5.07245866976977
2026-07-20 00:00:00+00:00,3.8,37.50416666666667,8.771172107815957
2026-07-20 01:00:00+00:00,6.7,36.00833333333333,10.711023036701723
2026-07-20 02:00:00+00:00,27.2,35.40416666666666,10.784710560977492
2026-07-20 03:00:00+00:00,30.9,34.94583333333333,10.730248960468009
2026-07-20 04:00:00+00:00,31.0,34.525,10.676314703687577
2026-07-20 05:00:00+00:00,32.5,34.3125,10.663196049965586
2026-07-20 06:00:00+00:00,32.7,34.3125,10.663196049965586
2026-07-20 07:00:00+00:00,31.0,34.24583333333333,10.679357543234216
2026-07-20 08:00:00+00:00,34.0,34.23333333333333,10.679466957332435
2026-07-20 09:00:00+00:00,32.2,34.12083333333333,10.686357787086529
2026-07-20 10:00:00+00:00,25.9,33.85,10.813477902498708
2026-07-20 11:00:00+00:00,26.2,33.670833333333334,10.90661861945061
2026-07-20 12:00:00+00:00,25.8,33.416666666666664,11.020165968397043
2026-07-20 13:00:00+00:00,25.2,33.07083333333333,11.146942617155021
2026-07-20 14:00:00+00:00,26.7,32.608333333333334,11.172439563367682
2026-07-20 15:00:00+00:00,27.2,31.920833333333334,10.9659940435111
2026-07-20 16:00:00+00:00,28.3,31.291666666666668,10.708912040980236
2026-07-20 17:00:00+00:00,32.2,30.650000000000002,10.135259161011716
2026-07-20 18:00:00+00:00,34.4,30.104166666666668,9.522580905482068
2026-07-20 19:00:00+00:00,42.4,30.079166666666666,9.487977709422339
2026-07-20 20:00:00+00:00,29.7,29.5625,9.136016280538437
2026-07-20 21:00:00+00:00,16.5,28.525000000000002,9.1471188146158
2026-07-20 22:00:00+00:00,2.5,26.858333333333334,10.086017728677232
2026-07-20 23:00:00+00:00,2.9,25.329166666666666,10.825231362791943
2026-07-21 00:00:00+00:00,2.2,25.262500000000003,10.967573252250544
2026-07-21 01:00:00+00:00,1.5,25.045833333333334,11.393322955618252
2026-07-21 02:00:00+00:00,1.2,23.962500000000002,12.373527580387584
2026-07-21 03:00:00+00:00,1.3,22.729166666666668,13.105507609785617
2026-07-21 04:00:00+00:00,9.1,21.816666666666663,13.266029407169578
2026-07-21 05:00:00+00:00,9.7,20.866666666666667,13.284075679800639
2026-07-21 06:00:00+00:00,1.0,19.545833333333334,13.627848060263497
2026-07-21 07:00:00+00:00,12.9,18.791666666666668,13.466283715318557
2026-07-21 08:00:00+00:00,11.6,17.858333333333334,13.138655766946767
2026-07-21 09:00:00+00:00,5.3,16.7375,13.00875332395396
2026-07-21 10:00:00+00:00,3.2,15.791666666666666,13.138192472683619
2026-07-21 11:00:00+00:00,0.7,14.729166666666666,13.29009042945885
2026-07-21 12:00:00+00:00,0.9,13.691666666666668,13.359995986287897
2026-07-21 13:00:00+00:00,0.5,12.662500000000001,13.386262020055149
2026-07-21 14:00:00+00:00,0.1,11.554166666666667,13.274197893287221
2026-07-21 15:00:00+00:00,3.8,10.579166666666667,12.929944321029913
2026-07-21 16:00:00+00:00,8.6,9.758333333333333,12.369208496932455
2026-07-21 17:00:00+00:00,8.2,8.758333333333335,11.408879709765134
2026-07-21 18:00:00+00:00,2.4,7.425,10.073652677200876
2026-07-21 19:00:00+00:00,2.7,5.770833333333333,6.81242338076897
2026-07-21 20:00:00+00:00,2.9,4.654166666666666,4.535462122725096
2026-07-21 21:00:00+00:00,0.3,3.9791666666666665,3.849447071155893
2026-07-21 22:00:00+00:00,0.2,3.883333333333333,3.915928083306779
2026-07-21 23:00:00+00:00,0.0,3.7624999999999997,3.991601236946164
2026-07-22 00:00:00+00:00,0.1,3.6750000000000003,4.049932903363547
2026-07-22 01:00:00+00:00,1.1,3.658333333333333,4.06008317184838
2026-07-22 02:00:00+00:00,3.2,3.7416666666666667,4.027828918550165
2026-07-22 03:00:00+00:00,3.6,3.8375,3.9944322663480363
2026-07-22 04:00:00+00:00,2.8,3.5750000000000006,3.8374867228218084
2026-07-22 05:00:00+00:00,4.4,3.3541666666666665,3.6157841372991077
2026-07-22 06:00:00+00:00,3.6,3.4625000000000004,3.580965682242557
2026-07-22 07:00:00+00:00,5.6,3.158333333333333,3.008815550096152
2026-07-22 08:00:00+00:00,0.1,2.6791666666666667,2.4742111903595676
2026-07-22 09:00:00+00:00,2.8,2.5749999999999997,2.4108901477163163
2026-07-22 10:00:00+00:00,3.7,2.595833333333333,2.41867357947817
2026-07-22 11:00:00+00:00,5.9,2.8125,2.4737425439848773
2026-07-22 12:00:00+00:00,6.2,3.033333333333333,2.531482924514628
2026-07-22 13:00:00+00:00,8.1,3.3499999999999996,2.672240551526942
2026-07-22 14:00:00+00:00,14.8,3.9625,3.4626971769327355
2026-07-22 15:00:00+00:00,18.7,4.583333333333333,4.585863596700583
2026-07-22 16:00:00+00:00,18.3,4.9875,5.323394838700484
2026-07-22 17:00:00+00:00,25.4,5.704166666666667,6.743143323707804
2026-07-22 18:00:00+00:00,11.1,6.066666666666666,6.791469500117157
2026-07-22 19:00:00+00:00,12.1,6.458333333333333,6.859580204335915
2026-07-22 20:00:00+00:00,4.3,6.516666666666667,6.83390948437179
2026-07-22 21:00:00+00:00,4.0,6.670833333333333,6.728490958581806
2026-07-22 22:00:00+00:00,3.0,6.7875000000000005,6.63503956280646
2026-07-22 23:00:00+00:00,4.3,6.966666666666668,6.500479358021597
2026-07-23 00:00:00+00:00,5.0,7.170833333333334,6.350657560385556
2026-07-23 01:00:00+00:00,4.7,7.320833333333333,6.242628986787016
2026-07-23 02:00:00+00:00,19.3,7.991666666666667,6.633375209248559
2026-07-23 03:00:00+00:00,23.9,8.8375,7.30888753207547
2026-07-23 04:00:00+00:00,24.4,9.737499999999999,7.843458226861929
2026-07-23 05:00:00+00:00,2.7,9.666666666666666,7.90121986545908
2026-07-23 06:00:00+00:00,8.1,9.854166666666666,7.803788331243159
2026-07-23 07:00:00+00:00,10.4,10.054166666666667,7.75135214945972
2026-07-23 08:00:00+00:00,22.8,11.0,7.86798687030618
2026-07-23 09:00:00+00:00,20.9,11.754166666666668,7.915146688562077
2026-07-23 10:00:00+00:00,7.4,11.908333333333333,7.786438414860268
2026-07-23 11:00:00+00:00,0.8,11.695833333333333,8.023524064013458
2026-07-23 12:00:00+00:00,2.7,11.549999999999999,8.158431221748822
2026-07-23 13:00:00+00:00,4.0,11.379166666666668,8.275893708033752
2026-07-23 14:00:00+00:00,11.1,11.225,8.243798723362328
2026-07-23 15:00:00+00:00,13.5,11.008333333333333,8.105978291235246
2026-07-23 16:00:00+00:00,5.9,10.491666666666667,8.015686613389033
2026-07-23 17:00:00+00:00,5.2,9.65,7.420652731163753
2026-07-23 18:00:00+00:00,7.5,9.5,7.4264509634851725
2026-07-23 19:00:00+00:00,6.8,9.279166666666667,7.424576062655116
2026-07-23 20:00:00+00:00,10.3,9.529166666666667,7.350272350273476
2026-07-23 21:00:00+00:00,7.4,9.670833333333333,7.271413902738165
2026-07-23 22:00:00+00:00,7.7,9.866666666666667,7.146155346190731
2026-07-23 23:00:00+00:00,7.2,9.987499999999999,7.072070756335444
2026-07-24 00:00:00+00:00,5.0,9.987499999999999,7.072070756335444
2026-07-24 01:00:00+00:00,4.0,9.958333333333334,7.096227820142798
2026-07-24 02:00:00+00:00,10.6,9.595833333333333,6.8149119849287265
2026-07-24 03:00:00+00:00,16.0,9.266666666666667,6.262355902476462
2026-07-24 04:00:00+00:00,7.4,8.558333333333334,5.374732888543854
2026-07-24 05:00:00+00:00,13.0,8.987499999999999,5.297276781928079
2026-07-24 06:00:00+00:00,24.2,9.658333333333333,6.13343769602503
2026-07-24 07:00:00+00:00,21.4,10.116666666666665,6.58560133378437
2026-07-24 08:00:00+00:00,7.8,9.491666666666667,6.016782085689412
2026-07-24 09:00:00+00:00,9.1,9.0,5.504306614311588
2026-07-24 10:00:00+00:00,25.4,9.75,6.425966345871038
2026-07-24 11:00:00+00:00,12.8,10.25,6.160674723070882
2026-07-24 12:00:00+00:00,11.7,10.625,5.951488670182486
2026-07-24 13:00:00+00:00,25.0,11.5,6.457351725309207
2026-07-24 14:00:00+00:00,15.6,11.687499999999998,6.510347115570976
2026-07-24 15:00:00+00:00,18.2,11.883333333333335,6.636700769317174
2026-07-24 16:00:00+00:00,24.2,12.645833333333334,6.962631884110271
2026-07-24 17:00:00+00:00,29.7,13.666666666666666,7.591165727439681
2026-07-24 18:00:00+00:00,31.1,14.65,8.256960173353944
2026-07-24 19:00:00+00:00,33.2,15.75,8.899242762119458
2026-07-24 20:00:00+00:00,22.8,16.270833333333332,8.932134423659548
2026-07-24 21:00:00+00:00,14.9,16.583333333333332,8.737359399462019
2026-07-24 22:00:00+00:00,11.7,16.75,8.597572963899182
2026-07-24 23:00:00+00:00,10.1,16.870833333333334,8.477052357197728
2026-07-25 00:00:00+00:00,8.7,17.025,8.283207213340454
2026-07-25 01:00:00+00:00,11.9,17.354166666666664,7.890774975257484
2026-07-25 02:00:00+00:00,20.4,17.7625,7.778834857427889
2026-07-25 03:00:00+00:00,26.2,18.1875,7.954999111852237
2026-07-25 04:00:00+00:00,33.2,19.2625,8.174074206320814
2026-07-25 05:00:00+00:00,17.0,19.429166666666664,8.0810825343849
2026-07-25 06:00:00+00:00,14.6,19.029166666666665,8.07225409857052
2026-07-25 07:00:00+00:00,25.4,19.195833333333333,8.16410378300733
2026-07-25 08:00:00+00:00,27.3,20.008333333333333,7.948142614126716
2026-07-25 09:00:00+00:00,26.4,20.729166666666668,7.696327705141702
2026-07-25 10:00:00+00:00,28.7,20.866666666666667,7.81201230361859
2026-07-25 11:00:00+00:00,34.7,21.779166666666665,8.102440811351434
2026-07-25 12:00:00+00:00,26.9,22.412499999999998,7.871098067144925
2026-07-25 13:00:00+00:00,23.6,22.354166666666668,7.856261925959397
2026-07-25 14:00:00+00:00,26.9,22.825,7.772037391662183
2026-07-25 15:00:00+00:00,27.1,23.195833333333336,7.754072095226788
2026-07-25 16:00:00+00:00,31.0,23.479166666666668,7.914926963692299
2026-07-25 17:00:00+00:00,31.4,23.549999999999997,7.980356317641801
2026-07-25 18:00:00+00:00,20.6,23.1125,7.834944715545601
2026-07-25 19:00:00+00:00,22.5,22.666666666666668,7.5346542384344
2026-07-25 20:00:00+00:00,22.5,22.65416666666667,7.53467227103395
2026-07-25 21:00:00+00:00,11.7,22.520833333333332,7.704260772973283
2026-07-25 22:00:00+00:00,11.9,22.52916666666667,7.6921461451824
2026-07-25 23:00:00+00:00,8.4,22.458333333333332,7.818368375689067
2026-07-26 00:00:00+00:00,6.0,22.34583333333333,8.041197140306865
2026-07-26 01:00:00+00:00,7.5,22.162499999999998,8.334517669464303
2026-07-26 02:00:00+00:00,9.1,21.691666666666666,8.747368134208504
2026-07-26 03:00:00+00:00,12.1,21.104166666666668,8.903515630340316
2026-07-26 04:00:00+00:00,25.5,20.783333333333335,8.581611618514247
2026-07-26 05:00:00+00:00,24.7,21.104166666666668,8.577953499051404
2026-07-26 06:00:00+00:00,27.2,21.629166666666666,8.548098144269405
2026-07-26 07:00:00+00:00,39.8,22.229166666666668,9.296866193212457
2026-07-26 08:00:00+00:00,34.8,22.541666666666668,9.5959645805874
2026-07-26 09:00:00+00:00,28.0,22.608333333333334,9.629434796121602
2026-07-26 10:00:00+00:00,23.5,22.391666666666666,9.544537097512954
2026-07-26 11:00:00+00:00,23.1,21.90833333333333,9.18093093066423
2026-07-26 12:00:00+00:00,27.1,21.916666666666668,9.185748255558538
2026-07-26 13:00:00+00:00,20.8,21.8,9.181219015397664
2026-07-26 14:00:00+00:00,17.9,21.425,9.147594124187718
2026-07-26 15:00:00+00:00,20.1,21.133333333333333,9.07004945419006
2026-07-26 16:00:00+00:00,20.9,20.7125,8.823304739254072
2026-07-26 17:00:00+00:00,22.9,20.358333333333334,8.541760162090187
2026-07-26 18:00:00+00:00,26.1,20.5875,8.621929194993573
2026-07-26 19:00:00+00:00,30.4,20.916666666666668,8.846009499089135
2026-07-26 20:00:00+00:00,26.4,21.079166666666666,8.911935288124253
2026-07-26 21:00:00+00:00,25.1,21.6375,8.716391978934794
2026-07-26 22:00:00+00:00,21.4,22.033333333333335,8.467106002523826
2026-07-26 23:00:00+00:00,22.2,22.608333333333334,7.954048281094028
2026-07-27 00:00:00+00:00,24.4,23.375,7.12742712283388
2026-07-27 01:00:00+00:00,28.4,24.245833333333337,6.336367027047344
2026-07-27 02:00:00+00:00,32.0,25.200000000000003,5.642694391866648
2026-07-27 03:00:00+00:00,37.0,26.2375,5.413815860732257
2026-07-27 04:00:00+00:00,43.3,26.979166666666668,6.431916285326809
2026-07-27 05:00:00+00:00,42.7,27.729166666666668,7.16255232421406
2026-07-27 06:00:00+00:00,32.9,27.96666666666667,7.2383439534474
2026-07-27 07:00:00+00:00,30.8,27.591666666666665,6.819659348031338
2026-07-27 08:00:00+00:00,29.9,27.3875,6.66609281950557
2026-07-27 09:00:00+00:00,33.1,27.599999999999998,6.766991496451453
2026-07-27 10:00:00+00:00,31.8,27.945833333333336,6.760433428777349
2026-07-27 11:00:00+00:00,28.4,28.166666666666668,6.6813606181785765
2026-07-27 12:00:00+00:00,28.2,28.212499999999995,6.677497090325613
2026-07-27 13:00:00+00:00,27.3,28.483333333333334,6.493050911931166
2026-07-27 14:00:00+00:00,27.8,28.895833333333332,6.09365166215732
2026-07-27 15:00:00+00:00,27.8,29.21666666666667,5.8063433577776165
2026-07-27 16:00:00+00:00,33.5,29.741666666666664,5.58716826982727
2026-07-27 17:00:00+00:00,33.0,30.162500000000005,5.42753146707499
2026-07-27 18:00:00+00:00,34.4,30.508333333333336,5.421849248675629
2026-07-27 19:00:00+00:00,31.9,30.570833333333336,5.429186756834016
2026-07-27 20:00:00+00:00,29.9,30.716666666666665,5.358833963585501
2026-07-27 21:00:00+00:00,32.4,31.020833333333332,5.2318405745113745
2026-07-27 22:00:00+00:00,35.2,31.59583333333333,4.874644171332241
2026-07-27 23:00:00+00:00,35.4,32.145833333333336,4.498596802160382
2026-07-28 00:00:00+00:00,35.5,32.608333333333334,4.230213959710461
2026-07-28 01:00:00+00:00,39.1,33.05416666666667,4.330074722386544
2026-07-28 02:00:00+00:00,37.9,33.3,4.433861796987383
2026-07-28 03:00:00+00:00,43.1,33.55416666666667,4.813746544751082
2026-07-28 04:00:00+00:00,44.4,33.6,4.914751530718228
2026-07-28 05:00:00+00:00,45.7,33.725,5.186877254396465
2026-07-28 06:00:00+00:00,49.1,34.4,6.056114409349595
2026-07-28 07:00:00+00:00,59.8,35.608333333333334,7.914538997075761
2026-07-28 08:00:00+00:00,49.8,36.4375,8.322406241717285
2026-07-28 09:00:00+00:00,41.7,36.795833333333334,8.357526114444635
2026-07-28 10:00:00+00:00,38.8,37.0875,8.297527787920034
2026-07-28 11:00:00+00:00,40.4,37.5875,8.110718217272789
2026-07-28 12:00:00+00:00,36.2,37.920833333333334,7.868925078055998
2026-07-28 13:00:00+00:00,40.1,38.454166666666666,7.544879009988353
2026-07-28 14:00:00+00:00,30.1,38.550000000000004,7.417195063411516
2026-07-28 15:00:00+00:00,16.7,38.0875,8.397893757676265
2026-07-28 16:00:00+00:00,17.7,37.42916666666667,9.33965268727062
2026-07-28 17:00:00+00:00,21.1,36.93333333333333,9.884976156935798
2026-07-28 18:00:00+00:00,27.0,36.625,10.080901012181013
2026-07-28 19:00:00+00:00,26.4,36.395833333333336,10.25401211686209
2026-07-28 20:00:00+00:00,29.6,36.38333333333333,10.26245443422253
2026-07-28 21:00:00+00:00,20.3,35.87916666666667,10.75218801460662
2026-07-28 22:00:00+00:00,7.7,34.733333333333334,12.19606731577912
2026-07-28 23:00:00+00:00,8.3,33.604166666666664,13.333171421118418
2026-07-29 00:00:00+00:00,14.3,32.72083333333333,13.892631114204532
2026-07-29 01:00:00+00:00,19.5,31.90416666666667,14.076204996427517
2026-07-29 02:00:00+00:00,23.1,31.287499999999998,14.12621099079734
2026-07-29 03:00:00+00:00,26.4,30.59166666666667,13.928978759240184
2026-07-29 04:00:00+00:00,31.7,30.0625,13.6193855604238
2026-07-29 05:00:00+00:00,31.3,29.462499999999995,13.211615854174045
2026-07-29 06:00:00+00:00,35.7,28.90416666666667,12.615328121899589
2026-07-29 07:00:00+00:00,34.3,27.84166666666667,10.850442454078902
2026-07-29 08:00:00+00:00,39.7,27.420833333333334,10.133971244700088
2026-07-29 09:00:00+00:00,35.0,27.141666666666666,9.810638266107274
2026-07-29 10:00:00+00:00,34.4,26.958333333333332,9.622614517111767
2026-07-29 11:00:00+00:00,33.6,26.675,9.30447531403936
2026-07-29 12:00:00+00:00,37.1,26.712500000000002,9.34625302739962
2026-07-29 13:00:00+00:00,50.0,27.125,10.146974275936856
2026-07-29 14:00:00+00:00,39.3,27.50833333333333,10.433971133906345
2026-07-29 15:00:00+00:00,39.1,28.441666666666666,10.42696823945815
2026-07-29 16:00:00+00:00,37.6,29.270833333333332,10.326389965043306
2026-07-29 17:00:00+00:00,31.5,29.704166666666666,10.185858874660244
2026-07-29 18:00:00+00:00,32.2,29.920833333333334,10.181141098028897
2026-07-29 19:00:00+00:00,34.1,30.241666666666664,10.186688529075962
2026-07-29 20:00:00+00:00,34.3,30.4375,10.218942874792033
2026-07-29 21:00:00+00:00,35.6,31.075000000000003,10.034603174494102
2026-07-29 22:00:00+00:00,34.4,32.1875,8.7250420454949
2026-07-29 23:00:00+00:00,32.9,33.2125,7.088221246179051
2026-07-30 00:00:00+00:00,31.1,33.9125,5.862950177394489
2026-07-30 01:00:00+00:00,30.5,34.37083333333334,5.062606234348002
2026-07-30 02:00:00+00:00,33.8,34.81666666666667,4.462468284302646
2026-07-30 03:00:00+00:00,38.1,35.30416666666667,4.129688815170708
2026-07-30 04:00:00+00:00,38.4,35.583333333333336,4.10182002728459
2026-07-30 05:00:00+00:00,37.9,35.858333333333334,4.022644238143324
2026-07-30 06:00:00+00:00,38.0,35.954166666666666,4.046037155868402
2026-07-30 07:00:00+00:00,49.1,36.57083333333333,4.834071033158707
2026-07-30 08:00:00+00:00,47.4,36.891666666666666,5.285247447349176
2026-07-30 09:00:00+00:00,44.9,37.30416666666667,5.512632068154136
2026-07-30 10:00:00+00:00,45.7,37.775,5.732003974633835
2026-07-30 11:00:00+00:00,45.3,38.262499999999996,5.857645505624749
2026-07-30 12:00:00+00:00,46.3,38.645833333333336,6.075251232355121
2026-07-30 13:00:00+00:00,46.7,38.50833333333333,5.839886588138455
2026-07-30 14:00:00+00:00,46.7,38.81666666666667,6.074155276154956
2026-07-30 15:00:00+00:00,45.4,39.079166666666666,6.221280391538819
2026-07-30 16:00:00+00:00,45.0,39.387499999999996,6.327257287530603
2026-07-30 17:00:00+00:00,44.2,39.916666666666664,6.1679865410857415
2026-07-30 18:00:00+00:00,45.3,40.4625,6.033588052113681
2026-07-30 19:00:00+00:00,42.8,40.825,5.89445207100639
2026-07-30 20:00:00+00:00,41.0,41.104166666666664,5.728303426401897
2026-07-30 21:00:00+00:00,38.2,41.2125,5.643643018630722
2026-07-30 22:00:00+00:00,34.2,41.204166666666666,5.654277270286232
2026-07-30 23:00:00+00:00,35.0,41.291666666666664,5.535177359922376
2026-07-31 00:00:00+00:00,37.4,41.55416666666667,5.1680438790931325
2026-07-31 01:00:00+00:00,38.7,41.895833333333336,4.650617459394317
2026-07-31 02:00:00+00:00,45.8,42.395833333333336,4.379545257976751
2026-07-31 03:00:00+00:00,48.9,42.84583333333333,4.472814420538776
2026-07-31 04:00:00+00:00,49.1,43.291666666666664,4.543118701534413
2026-07-31 05:00:00+00:00,47.1,43.675000000000004,4.455699818161566
2026-07-31 06:00:00+00:00,46.0,44.00833333333333,4.309536106041474
2026-07-31 07:00:00+00:00,26.1,43.050000000000004,5.516378774396169
2026-07-31 08:00:00+00:00,12.7,41.604166666666664,8.214328899877483
2026-07-31 09:00:00+00:00,23.1,40.69583333333333,9.001617205749243
2026-07-31 10:00:00+00:00,37.9,40.37083333333333,8.953769144000656
2026-07-31 11:00:00+00:00,37.9,40.0625,8.903922560114843
2026-07-31 12:00:00+00:00,41.2,39.85,8.808938148514166
2026-07-31 13:00:00+00:00,43.9,39.733333333333334,8.7324814276389
2026-07-31 14:00:00+00:00,40.1,39.458333333333336,8.606565576029334
2026-07-31 15:00:00+00:00,40.7,39.2625,8.518512449238218
2026-07-31 16:00:00+00:00,42.4,39.15416666666667,8.45869653678684
2026-07-31 17:00:00+00:00,33.1,38.69166666666667,8.474253419298556
2026-07-31 18:00:00+00:00,22.9,37.75833333333333,8.93575702574712
2026-07-31 19:00:00+00:00,22.7,36.920833333333334,9.373875778003995
2026-07-31 20:00:00+00:00,21.7,36.11666666666667,9.825683587975716
2026-07-31 21:00:00+00:00,23.2,35.49166666666667,10.158822110198976
2026-07-31 22:00:00+00:00,22.3,34.99583333333333,10.508980803875934
2026-07-31 23:00:00+00:00,19.9,34.36666666666667,10.95142105794526
2026-08-01 00:00:00+00:00,20.1,33.645833333333336,11.30667287265695
2026-08-01 01:00:00+00:00,21.8,32.94166666666667,11.502775342486327
2026-08-01 02:00:00+00:00,21.0,31.908333333333335,11.41101362211348
2026-08-01 03:00:00+00:00,21.4,30.762500000000003,11.004062984821317
2026-08-01 04:00:00+00:00,19.2,29.516666666666666,10.519615907464564
2026-08-01 05:00:00+00:00,9.8,27.962500000000002,10.564164713168692
2026-08-01 06:00:00+00:00,13.3,26.599999999999998,10.240414393789148
2026-08-01 07:00:00+00:00,17.3,26.233333333333334,10.415150614313884
2026-08-01 08:00:00+00:00,36.2,27.212500000000002,10.18973535091767
2026-08-01 09:00:00+00:00,36.8,27.783333333333335,10.332080335439377
2026-08-01 10:00:00+00:00,28.8,27.40416666666667,10.10925014062859
2026-08-01 11:00:00+00:00,31.2,27.125,9.897090042247266
2026-08-01 12:00:00+00:00,29.6,26.641666666666666,9.453129993111745
2026-08-01 13:00:00+00:00,32.1,26.150000000000002,8.800839880869207
2026-08-01 14:00:00+00:00,34.9,25.933333333333334,8.501389485749261
2026-08-01 15:00:00+00:00,37.7,25.808333333333334,8.2943624996358
2026-08-01 16:00:00+00:00,37.2,25.59166666666667,7.900683331298099
2026-08-01 17:00:00+00:00,33.0,25.587500000000002,7.89657672115239
2026-08-01 18:00:00+00:00,28.9,25.837500000000002,7.902768502240359
2026-08-01 19:00:00+00:00,26.5,25.995833333333334,7.875193809439498
2026-08-01 20:00:00+00:00,25.6,26.158333333333335,7.822760363845182
2026-08-01 21:00:00+00:00,26.1,26.27916666666667,7.797434314186958
2026-08-01 22:00:00+00:00,24.3,26.3625,7.763673071763111
2026-08-01 23:00:00+00:00,24.8,26.566666666666666,7.649931324878972
2026-08-02 00:00:00+00:00,29.1,26.941666666666666,7.538937571710426
2026-08-02 01:00:00+00:00,27.6,27.183333333333334,7.459494484951151
2026-08-02 02:00:00+00:00,32.0,27.641666666666666,7.4007588721738555
2026-08-02 03:00:00+00:00,31.0,28.041666666666668,7.307584902103519
2026-08-02 04:00:00+00:00,29.0,28.450000000000003,7.061715520109719
2026-08-02 05:00:00+00:00,22.5,28.979166666666668,5.999346280812881
2026-08-02 06:00:00+00:00,25.4,29.483333333333334,5.059185934401146
2026-08-02 07:00:00+00:00,28.7,29.958333333333332,4.35120339842836
2026-08-02 08:00:00+00:00,41.0,30.158333333333335,4.743225527612917
2026-08-02 09:00:00+00:00,37.5,30.1875,4.787784501706852
2026-08-02 10:00:00+00:00,34.7,30.433333333333334,4.864303575576263
2026-08-02 11:00:00+00:00,35.3,30.604166666666668,4.963385868070705
2026-08-02 12:00:00+00:00,40.7,31.066666666666666,5.366536140279794
2026-08-02 13:00:00+00:00,46.7,31.675,6.244458412830272
2026-08-02 14:00:00+00:00,39.9,31.883333333333336,6.437165637862434
2026-08-02 15:00:00+00:00,38.3,31.908333333333335,6.461855748169131
2026-08-02 16:00:00+00:00,35.1,31.82083333333333,6.401017525543916
2026-08-02 17:00:00+00:00,30.7,31.724999999999998,6.3998131766211515
2026-08-02 18:00:00+00:00,26.7,31.633333333333336,6.457531273244372
2026-08-02 19:00:00+00:00,26.4,31.629166666666666,6.461018843244088
2026-08-02 20:00:00+00:00,29.6,31.795833333333334,6.3493566374985155
2026-08-02 21:00:00+00:00,32.0,32.041666666666664,6.232378055917786
2026-08-02 22:00:00+00:00,33.7,32.43333333333333,6.016330433416985
2026-08-02 23:00:00+00:00,34.3,32.82916666666667,5.800935394337429
2026-08-03 00:00:00+00:00,34.3,33.045833333333334,5.752502605986842
2026-08-03 01:00:00+00:00,33.0,33.270833333333336,5.634635065276357
2026-08-03 02:00:00+00:00,34.3,33.36666666666667,5.631639398864409
2026-08-03 03:00:00+00:00,33.3,33.4625,5.609139475193605
2026-08-03 04:00:00+00:00,38.6,33.862500000000004,5.619361908693086
2026-08-03 05:00:00+00:00,40.8,34.625,5.239254012614465
2026-08-03 06:00:00+00:00,26.3,34.6625,5.173159197913556
2026-08-03 07:00:00+00:00,24.8,34.5,5.423780167406211
2026-08-03 08:00:00+00:00,32.7,34.15416666666666,5.253237442110302
2026-08-03 09:00:00+00:00,34.9,34.04583333333333,5.207851861803862
2026-08-03 10:00:00+00:00,32.7,33.9625,5.212928118171073
2026-08-03 11:00:00+00:00,29.5,33.72083333333333,5.282207967743602
2026-08-03 12:00:00+00:00,34.3,33.45416666666667,5.071915783029744
2026-08-03 13:00:00+00:00,40.0,33.175000000000004,4.45843119220803
2026-08-03 14:00:00+00:00,37.6,33.079166666666666,4.330476343581639
2026-08-03 15:00:00+00:00,37.6,33.05,4.296004210183506
2026-08-03 16:00:00+00:00,38.5,33.19166666666667,4.420792439948158
2026-08-03 17:00:00+00:00,36.1,33.416666666666664,4.425879098789612
2026-08-03 18:00:00+00:00,33.5,33.699999999999996,4.188493555070942
2026-08-03 19:00:00+00:00,39.0,34.225,4.01997728741165
2026-08-03 20:00:00+00:00,47.5,34.97083333333333,4.723528449633157
2026-08-03 21:00:00+00:00,41.9,35.38333333333333,4.882414465660792
2026-08-03 22:00:00+00:00,41.5,35.708333333333336,5.023069966072435
2026-08-03 23:00:00+00:00,39.2,35.9125,5.06276368073382
2026-08-04 00:00:00+00:00,41.7,36.22083333333333,5.184171491952393
2026-08-04 01:00:00+00:00,41.7,36.583333333333336,5.252880507225463
2026-08-04 02:00:00+00:00,45.9,37.06666666666667,5.558437899631399
2026-08-04 03:00:00+00:00,49.6,37.74583333333333,6.052091206435602
2026-08-04 04:00:00+00:00,51.2,38.270833333333336,6.64670426122845
2026-08-04 05:00:00+00:00,52.1,38.74166666666667,7.21001216103824
2026-08-04 06:00:00+00:00,50.2,39.737500000000004,7.065950965261405
2026-08-04 07:00:00+00:00,49.9,40.78333333333333,6.601163709440989
2026-08-04 08:00:00+00:00,35.8,40.9125,6.465043965686621
2026-08-04 09:00:00+00:00,34.5,40.895833333333336,6.4817120099330445
2026-08-04 10:00:00+00:00,33.1,40.9125,6.460200057475682
2026-08-04 11:00:00+00:00,38.1,41.270833333333336,6.023394909175732
2026-08-04 12:00:00+00:00,30.5,41.112500000000004,6.259900853500177
2026-08-04 13:00:00+00:00,33.2,40.82916666666667,6.463037323834319
2026-08-04 14:00:00+00:00,34.9,40.71666666666667,6.544673683476399
2026-08-04 15:00:00+00:00,35.0,40.608333333333334,6.619596511194217
2026-08-04 16:00:00+00:00,32.7,40.36666666666667,6.803238785388522
2026-08-04 17:00:00+00:00,32.6,40.22083333333333,6.934913507919119
2026-08-04 18:00:00+00:00,33.4,40.21666666666667,6.939155860619592
2026-08-04 19:00:00+00:00,33.9,40.00416666666667,7.055154092956621
2026-08-04 20:00:00+00:00,30.8,39.30833333333333,7.1070642545878915
2026-08-04 21:00:00+00:00,35.7,39.050000000000004,7.121431219122743
2026-08-04 22:00:00+00:00,36.6,38.84583333333334,7.1183766570675715
2026-08-04 23:00:00+00:00,19.7,38.03333333333333,8.118774091796357
2026-08-05 00:00:00+00:00,8.1,36.63333333333333,10.111451393116772
2026-08-05 01:00:00+00:00,12.2,35.40416666666667,11.202890898904382
2026-08-05 02:00:00+00:00,17.8,34.233333333333334,11.522102263897475
2026-08-05 03:00:00+00:00,22.6,33.108333333333334,11.271893350726232
2026-08-05 04:00:00+00:00,17.5,31.704166666666666,11.01633092737554
2026-08-05 05:00:00+00:00,24.0,30.533333333333335,10.21876648161601
2026-08-05 06:00:00+00:00,32.5,29.795833333333334,9.338488806461548
2026-08-05 07:00:00+00:00,36.4,29.233333333333334,8.438043594942306
2026-08-05 08:00:00+00:00,34.5,29.179166666666664,8.398135360675834
2026-08-05 09:00:00+00:00,35.2,29.208333333333332,8.418608615115367
2026-08-05 10:00:00+00:00,34.6,29.270833333333332,8.454249210317073
2026-08-05 11:00:00+00:00,33.4,29.075000000000003,8.293750921496741
2026-08-05 12:00:00+00:00,34.0,29.220833333333335,8.35047403844049
2026-08-05 13:00:00+00:00,34.8,29.287499999999998,8.389916955592652
2026-08-05 14:00:00+00:00,48.8,29.866666666666664,9.231734806429056
2026-08-05 15:00:00+00:00,56.1,30.745833333333334,10.639261954080178
2026-08-05 16:00:00+00:00,55.5,31.69583333333333,11.778295409507471
2026-08-05 17:00:00+00:00,51.5,32.48333333333333,12.453833587072465
2026-08-05 18:00:00+00:00,49.0,33.13333333333333,12.902769054562036
2026-08-05 19:00:00+00:00,46.5,33.65833333333333,13.188496854280386
2026-08-05 20:00:00+00:00,38.5,33.979166666666664,13.20958081705548
2026-08-05 21:00:00+00:00,25.8,33.56666666666667,13.307718148459633
2026-08-05 22:00:00+00:00,16.3,32.72083333333333,13.74450021761015
2026-08-05 23:00:00+00:00,5.9,32.145833333333336,14.576394829719918
2026-08-06 00:00:00+00:00,5.7,32.045833333333334,14.7556615270699
2026-08-06 01:00:00+00:00,12.6,32.0625,14.732478539371607
2026-08-06 02:00:00+00:00,9.9,31.733333333333334,15.147410932928969
2026-08-06 03:00:00+00:00,11.0,31.25,15.628930809907349
2026-08-06 04:00:00+00:00,6.0,30.770833333333332,16.233419076939335
2026-08-06 05:00:00+00:00,7.5,30.083333333333332,16.8695678320632
2026-08-06 06:00:00+00:00,25.2,29.779166666666665,16.889898683421215
2026-08-06 07:00:00+00:00,30.1,29.516666666666666,16.831380285610635
2026-08-06 08:00:00+00:00,38.6,29.6875,16.904805401192164
2026-08-06 09:00:00+00:00,34.7,29.666666666666668,16.898023210002965
2026-08-06 10:00:00+00:00,32.6,29.583333333333332,16.877555630421508
2026-08-06 11:00:00+00:00,32.1,29.529166666666665,16.8668565965706
2026-08-06 12:00:00+00:00,36.4,29.629166666666663,16.901594449268327
2026-08-06 13:00:00+00:00,34.8,29.629166666666666,16.901594449268327
2026-08-06 14:00:00+00:00,31.8,28.920833333333334,16.412375478296298
2026-08-06 15:00:00+00:00,32.5,27.9375,15.388188934882953
2026-08-06 16:00:00+00:00,33.4,27.016666666666666,14.28911615810132
2026-08-06 17:00:00+00:00,33.3,26.258333333333336,13.38779186477348
2026-08-06 18:00:00+00:00,34.2,25.641666666666666,12.61317174422348
2026-08-06 19:00:00+00:00,31.6,25.020833333333332,11.887698397436239
2026-08-06 20:00:00+00:00,31.1,24.712500000000002,11.615743158766776
2026-08-06 21:00:00+00:00,31.1,24.933333333333334,11.68747626518564
2026-08-06 22:00:00+00:00,31.1,25.55,11.602286131545934
2026-08-06 23:00:00+00:00,29.7,26.541666666666668,10.84194418096637
2026-08-07 00:00:00+00:00,21.4,27.19583333333333,9.968187623272131
2026-08-07 01:00:00+00:00,19.2,27.47083333333333,9.633432688420099
2026-08-07 02:00:00+00:00,20.7,27.920833333333334,9.008980020762325
2026-08-07 03:00:00+00:00,20.5,28.316666666666666,8.422829570341337
2026-08-07 04:00:00+00:00,24.9,29.104166666666668,7.010766823199672
2026-08-07 05:00:00+00:00,25.9,29.870833333333334,5.356384176781679
2026-08-07 06:00:00+00:00,32.4,30.170833333333334,5.284553304035276
2026-08-07 07:00:00+00:00,38.8,30.533333333333335,5.570158585414635
2026-08-07 08:00:00+00:00,46.8,30.875,6.2912810612232235
2026-08-07 09:00:00+00:00,37.2,30.979166666666668,6.377472524213891
2026-08-07 10:00:00+00:00,25.2,30.670833333333334,6.473859084755942
2026-08-07 11:00:00+00:00,23.1,30.295833333333334,6.645853834414923
2026-08-07 12:00:00+00:00,16.6,29.470833333333335,7.070543867321097
2026-08-07 13:00:00+00:00,14.0,28.604166666666668,7.640707864240629
2026-08-07 14:00:00+00:00,17.7,28.016666666666666,7.921224469831118
2026-08-07 15:00:00+00:00,22.5,27.599999999999998,7.9381303241682994
2026-08-07 16:00:00+00:00,28.4,27.39166666666667,7.844350870512628
2026-08-07 17:00:00+00:00,30.8,27.287499999999998,7.7788069108651765
2026-08-07 18:00:00+00:00,34.7,27.308333333333337,7.798768947818069
2026-08-07 19:00:00+00:00,32.3,27.337500000000002,7.816805335440815
2026-08-07 20:00:00+00:00,27.4,27.183333333333334,7.775751979106703
2026-08-07 21:00:00+00:00,29.1,27.099999999999998,7.742598148358122
2026-08-07 22:00:00+00:00,27.2,26.9375,7.695781594342982
2026-08-07 23:00:00+00:00,31.3,27.004166666666666,7.727617280933485
2026-08-08 00:00:00+00:00,34.2,27.537500000000005,7.765632900660972
2026-08-08 01:00:00+00:00,36.2,28.245833333333334,7.7473686509998165
2026-08-08 02:00:00+00:00,36.2,28.891666666666666,7.73703216140844
2026-08-08 03:00:00+00:00,41.9,29.78333333333333,7.957860028417553
2026-08-08 04:00:00+00:00,44.5,30.599999999999998,8.426820536111336
2026-08-08 05:00:00+00:00,45.9,31.433333333333334,8.9165048068745
2026-08-08 06:00:00+00:00,43.3,31.887500000000003,9.239626968754779
2026-08-08 07:00:00+00:00,42.0,32.020833333333336,9.36594103383514
2026-08-08 08:00:00+00:00,31.3,31.375,8.821083932212186
2026-08-08 09:00:00+00:00,8.1,30.162499999999998,9.917433595968086
2026-08-08 10:00:00+00:00,12.3,29.625,10.528811403250566
2026-08-08 11:00:00+00:00,17.1,29.375,10.759192227639868
2026-08-08 12:00:00+00:00,19.1,29.479166666666668,10.641591053264984
2026-08-08 13:00:00+00:00,10.4,29.329166666666666,10.891699239275862
2026-08-08 14:00:00+00:00,8.4,28.941666666666666,11.473330764890445
2026-08-08 15:00:00+00:00,11.6,28.4875,11.945430725486345
2026-08-08 16:00:00+00:00,12.9,27.841666666666665,12.362106077310154
2026-08-08 17:00:00+00:00,6.3,26.820833333333336,13.096928918698895
2026-08-08 18:00:00+00:00,6.3,25.6375,13.62637508019243
2026-08-08 19:00:00+00:00,10.2,24.71666666666667,13.90053695136394
2026-08-08 20:00:00+00:00,6.7,23.854166666666668,14.361360573992785
2026-08-08 21:00:00+00:00,9.3,23.02916666666667,14.613408945707889
2026-08-08 22:00:00+00:00,13.9,22.474999999999998,14.700288373391599
2026-08-08 23:00:00+00:00,13.7,21.741666666666664,14.679886170233653
2026-08-09 00:00:00+00:00,17.5,21.045833333333334,14.45779402160016
2026-08-09 01:00:00+00:00,19.2,20.3375,14.09495168645431
2026-08-09 02:00:00+00:00,21.0,19.704166666666666,13.686790812810218
2026-08-09 03:00:00+00:00,25.8,19.033333333333335,12.924956199292371
2026-08-09 04:00:00+00:00,29.7,18.416666666666668,11.975252258999385
2026-08-09 05:00:00+00:00,30.7,17.783333333333335,10.803126224935415
2026-08-09 06:00:00+00:00,39.3,17.616666666666667,10.41627767389644
2026-08-09 07:00:00+00:00,47.3,17.837500000000002,10.995762523729955
2026-08-09 08:00:00+00:00,49.5,18.595833333333335,12.490569631131644
2026-08-09 09:00:00+00:00,47.6,20.241666666666664,13.60050883532352
2026-08-09 10:00:00+00:00,40.0,21.395833333333332,14.064679138727806
2026-08-09 11:00:00+00:00,31.9,22.0125,14.192015896883502
2026-08-09 12:00:00+00:00,31.5,22.529166666666665,14.306625985935746
2026-08-09 13:00:00+00:00,30.5,23.366666666666664,14.153219534381863
2026-08-09 14:00:00+00:00,30.2,24.275000000000002,13.847154785448755
2026-08-09 15:00:00+00:00,29.3,25.0125,13.612089016433396
2026-08-09 16:00:00+00:00,32.1,25.8125,13.432287917389742
2026-08-09 17:00:00+00:00,32.6,26.90833333333333,12.830531408787643
2026-08-09 18:00:00+00:00,30.4,27.912499999999998,12.067934966174956
2026-08-09 19:00:00+00:00,29.0,28.69583333333333,11.46322965215183
2026-08-09 20:00:00+00:00,26.3,29.512500000000003,10.48445277541951
2026-08-09 21:00:00+00:00,24.3,30.1375,9.640260347377513
2026-08-09 22:00:00+00:00,22.8,30.50833333333333,9.147055438140056
2026-08-09 23:00:00+00:00,21.7,30.84166666666667,8.639591207452224
